Customer_ID,Cluster,Persona,Top_3_Rewards,Scores,Business_Insight,Expected_Impact,Customer_Message
C0001,2,Value Shopper,"[{'reward_name': 'Travel Cashback', 'score': 86.08, 'reason': 'Value Shopper customers respond well to travel cashback because the offer is aligned to their smartphone preference and reward behavior.', 'business_benefit': 'Improves loyalty performance and encourages repeat purchases.', 'customer_benefit': 'Helps the customer receive more value from their purchases through travel cashback.'}, {'reward_name': 'Cashback', 'score': 84.78, 'reason': 'Value Shopper customers respond well to cashback because the offer is aligned to their smartphone preference and reward behavior.', 'business_benefit': 'Improves loyalty performance and encourages repeat purchases.', 'customer_benefit': 'Helps the customer receive more value from their purchases through cashback.'}, {'reward_name': 'Shopping Vouchers', 'score': 83.08, 'reason': 'Value Shopper customers respond well to shopping vouchers because the offer is aligned to their smartphone preference and reward behavior.', 'business_benefit': 'Improves loyalty performance and encourages repeat purchases.', 'customer_benefit': 'Helps the customer receive more value from their purchases through shopping vouchers.'}]","[86.08, 84.78, 83.08]","Value Shopper customers in cluster 2 show a strong fit for Travel Cashback, Cashback, Shopping Vouchers based on spend, engagement, and reward behavior.",Moderate uplift in engagement and repeat purchase intent with a clear ROI path.,"Value Shopper in cluster 2: prioritize Travel Cashback, Cashback, Shopping Vouchers. Value Shopper customers in cluster 2 show a strong fit for Travel Cashback, Cashback, Shopping Vouchers based on spend, engagement, and reward behavior Expected impact: Moderate uplift in engagement and repeat purchase intent with a clear ROI path."
C0002,1,Luxury Lifestyle,"[{'reward_name': 'Airport Lounge Access', 'score': 87.35, 'reason': 'Luxury Lifestyle customers respond well to airport lounge access because the offer is aligned to their audio preference and reward behavior.', 'business_benefit': 'Improves loyalty performance and encourages repeat purchases.', 'customer_benefit': 'Helps the customer receive more value from their purchases through airport lounge access.'}, {'reward_name': 'Hotel Discounts', 'score': 85.65, 'reason': 'Luxury Lifestyle customers respond well to hotel discounts because the offer is aligned to their audio preference and reward behavior.', 'business_benefit': 'Improves loyalty performance and encourages repeat purchases.', 'customer_benefit': 'Helps the customer receive more value from their purchases through hotel discounts.'}, {'reward_name': 'Lifestyle Offers', 'score': 85.65, 'reason': 'Luxury Lifestyle customers respond well to lifestyle offers because the offer is aligned to their audio preference and reward behavior.', 'business_benefit': 'Improves loyalty performance and encourages repeat purchases.', 'customer_benefit': 'Helps the customer receive more value from their purchases through lifestyle offers.'}]","[87.35, 85.65, 85.65]","Luxury Lifestyle customers in cluster 1 show a strong fit for Airport Lounge Access, Hotel Discounts, Lifestyle Offers based on spend, engagement, and reward behavior.",Moderate uplift in engagement and repeat purchase intent with a clear ROI path.,"Luxury Lifestyle in cluster 1: prioritize Airport Lounge Access, Hotel Discounts, Lifestyle Offers. Luxury Lifestyle customers in cluster 1 show a strong fit for Airport Lounge Access, Hotel Discounts, Lifestyle Offers based on spend, engagement, and reward behavior Expected impact: Moderate uplift in engagement and repeat purchase intent with a clear ROI path."
C0003,1,Luxury Lifestyle,"[{'reward_name': 'Airport Lounge Access', 'score': 83.51, 'reason': 'Luxury Lifestyle customers respond well to airport lounge access because the offer is aligned to their smartphone preference and reward behavior.', 'business_benefit': 'Improves loyalty performance and encourages repeat purchases.', 'customer_benefit': 'Helps the customer receive more value from their purchases through airport lounge access.'}, {'reward_name': 'Hotel Discounts', 'score': 81.81, 'reason': 'Luxury Lifestyle customers respond well to hotel discounts because the offer is aligned to their smartphone preference and reward behavior.', 'business_benefit': 'Improves loyalty performance and encourages repeat purchases.', 'customer_benefit': 'Helps the customer receive more value from their purchases through hotel discounts.'}, {'reward_name': 'Lifestyle Offers', 'score': 81.81, 'reason': 'Luxury Lifestyle customers respond well to lifestyle offers because the offer is aligned to their smartphone preference and reward behavior.', 'business_benefit': 'Improves loyalty performance and encourages repeat purchases.', 'customer_benefit': 'Helps the customer receive more value from their purchases through lifestyle offers.'}]","[83.51, 81.81, 81.81]","Luxury Lifestyle customers in cluster 1 show a strong fit for Airport Lounge Access, Hotel Discounts, Lifestyle Offers based on spend, engagement, and reward behavior.",Moderate uplift in engagement and repeat purchase intent with a clear ROI path.,"Luxury Lifestyle in cluster 1: prioritize Airport Lounge Access, Hotel Discounts, Lifestyle Offers. Luxury Lifestyle customers in cluster 1 show a strong fit for Airport Lounge Access, Hotel Discounts, Lifestyle Offers based on spend, engagement, and reward behavior Expected impact: Moderate uplift in engagement and repeat purchase intent with a clear ROI path."
C0004,1,Luxury Lifestyle,"[{'reward_name': 'Airport Lounge Access', 'score': 91.16, 'reason': 'Luxury Lifestyle customers respond well to airport lounge access because the offer is aligned to their speaker preference and reward behavior.', 'business_benefit': 'Improves loyalty performance and encourages repeat purchases.', 'customer_benefit': 'Helps the customer receive more value from their purchases through airport lounge access.'}, {'reward_name': 'Hotel Discounts', 'score': 89.46, 'reason': 'Luxury Lifestyle customers respond well to hotel discounts because the offer is aligned to their speaker preference and reward behavior.', 'business_benefit': 'Improves loyalty performance and encourages repeat purchases.', 'customer_benefit': 'Helps the customer receive more value from their purchases through hotel discounts.'}, {'reward_name': 'Lifestyle Offers', 'score': 89.46, 'reason': 'Luxury Lifestyle customers respond well to lifestyle offers because the offer is aligned to their speaker preference and reward behavior.', 'business_benefit': 'Improves loyalty performance and encourages repeat purchases.', 'customer_benefit': 'Helps the customer receive more value from their purchases through lifestyle offers.'}]","[91.16, 89.46, 89.46]","Luxury Lifestyle customers in cluster 1 show a strong fit for Airport Lounge Access, Hotel Discounts, Lifestyle Offers based on spend, engagement, and reward behavior.",Moderate uplift in engagement and repeat purchase intent with a clear ROI path.,"Luxury Lifestyle in cluster 1: prioritize Airport Lounge Access, Hotel Discounts, Lifestyle Offers. Luxury Lifestyle customers in cluster 1 show a strong fit for Airport Lounge Access, Hotel Discounts, Lifestyle Offers based on spend, engagement, and reward behavior Expected impact: Moderate uplift in engagement and repeat purchase intent with a clear ROI path."
C0005,1,Luxury Lifestyle,"[{'reward_name': 'Airport Lounge Access', 'score': 91.13, 'reason': 'Luxury Lifestyle customers respond well to airport lounge access because the offer is aligned to their audio preference and reward behavior.', 'business_benefit': 'Improves loyalty performance and encourages repeat purchases.', 'customer_benefit': 'Helps the customer receive more value from their purchases through airport lounge access.'}, {'reward_name': 'Hotel Discounts', 'score': 89.43, 'reason': 'Luxury Lifestyle customers respond well to hotel discounts because the offer is aligned to their audio preference and reward behavior.', 'business_benefit': 'Improves loyalty performance and encourages repeat purchases.', 'customer_benefit': 'Helps the customer receive more value from their purchases through hotel discounts.'}, {'reward_name': 'Lifestyle Offers', 'score': 89.43, 'reason': 'Luxury Lifestyle customers respond well to lifestyle offers because the offer is aligned to their audio preference and reward behavior.', 'business_benefit': 'Improves loyalty performance and encourages repeat purchases.', 'customer_benefit': 'Helps the customer receive more value from their purchases through lifestyle offers.'}]","[91.13, 89.43, 89.43]","Luxury Lifestyle customers in cluster 1 show a strong fit for Airport Lounge Access, Hotel Discounts, Lifestyle Offers based on spend, engagement, and reward behavior.",Moderate uplift in engagement and repeat purchase intent with a clear ROI path.,"Luxury Lifestyle in cluster 1: prioritize Airport Lounge Access, Hotel Discounts, Lifestyle Offers. Luxury Lifestyle customers in cluster 1 show a strong fit for Airport Lounge Access, Hotel Discounts, Lifestyle Offers based on spend, engagement, and reward behavior Expected impact: Moderate uplift in engagement and repeat purchase intent with a clear ROI path."
C0006,1,Luxury Lifestyle,"[{'reward_name': 'Airport Lounge Access', 'score': 90.12, 'reason': 'Luxury Lifestyle customers respond well to airport lounge access because the offer is aligned to their smartphone preference and reward behavior.', 'business_benefit': 'Improves loyalty performance and encourages repeat purchases.', 'customer_benefit': 'Helps the customer receive more value from their purchases through airport lounge access.'}, {'reward_name': 'Hotel Discounts', 'score': 88.42, 'reason': 'Luxury Lifestyle customers respond well to hotel discounts because the offer is aligned to their smartphone preference and reward behavior.', 'business_benefit': 'Improves loyalty performance and encourages repeat purchases.', 'customer_benefit': 'Helps the customer receive more value from their purchases through hotel discounts.'}, {'reward_name': 'Lifestyle Offers', 'score': 88.42, 'reason': 'Luxury Lifestyle customers respond well to lifestyle offers because the offer is aligned to their smartphone preference and reward behavior.', 'business_benefit': 'Improves loyalty performance and encourages repeat purchases.', 'customer_benefit': 'Helps the customer receive more value from their purchases through lifestyle offers.'}]","[90.12, 88.42, 88.42]","Luxury Lifestyle customers in cluster 1 show a strong fit for Airport Lounge Access, Hotel Discounts, Lifestyle Offers based on spend, engagement, and reward behavior.",Moderate uplift in engagement and repeat purchase intent with a clear ROI path.,"Luxury Lifestyle in cluster 1: prioritize Airport Lounge Access, Hotel Discounts, Lifestyle Offers. Luxury Lifestyle customers in cluster 1 show a strong fit for Airport Lounge Access, Hotel Discounts, Lifestyle Offers based on spend, engagement, and reward behavior Expected impact: Moderate uplift in engagement and repeat purchase intent with a clear ROI path."
C0007,0,Digital Explorer,"[{'reward_name': 'Electronics Discounts', 'score': 82.51, 'reason': 'Digital Explorer customers respond well to electronics discounts because the offer is aligned to their audio preference and reward behavior.', 'business_benefit': 'Improves loyalty performance and encourages repeat purchases.', 'customer_benefit': 'Helps the customer receive more value from their purchases through electronics discounts.'}, {'reward_name': 'Travel Cashback', 'score': 82.01, 'reason': 'Digital Explorer customers respond well to travel cashback because the offer is aligned to their audio preference and reward behavior.', 'business_benefit': 'Improves loyalty performance and encourages repeat purchases.', 'customer_benefit': 'Helps the customer receive more value from their purchases through travel cashback.'}, {'reward_name': 'Cashback', 'score': 80.71, 'reason': 'Digital Explorer customers respond well to cashback because the offer is aligned to their audio preference and reward behavior.', 'business_benefit': 'Improves loyalty performance and encourages repeat purchases.', 'customer_benefit': 'Helps the customer receive more value from their purchases through cashback.'}]","[82.51, 82.01, 80.71]","Digital Explorer customers in cluster 0 show a strong fit for Electronics Discounts, Travel Cashback, Cashback based on spend, engagement, and reward behavior.",Moderate uplift in engagement and repeat purchase intent with a clear ROI path.,"Digital Explorer in cluster 0: prioritize Electronics Discounts, Travel Cashback, Cashback. Digital Explorer customers in cluster 0 show a strong fit for Electronics Discounts, Travel Cashback, Cashback based on spend, engagement, and reward behavior Expected impact: Moderate uplift in engagement and repeat purchase intent with a clear ROI path."
C0008,1,Luxury Lifestyle,"[{'reward_name': 'Airport Lounge Access', 'score': 89.55, 'reason': 'Luxury Lifestyle customers respond well to airport lounge access because the offer is aligned to their audio preference and reward behavior.', 'business_benefit': 'Improves loyalty performance and encourages repeat purchases.', 'customer_benefit': 'Helps the customer receive more value from their purchases through airport lounge access.'}, {'reward_name': 'Hotel Discounts', 'score': 87.85, 'reason': 'Luxury Lifestyle customers respond well to hotel discounts because the offer is aligned to their audio preference and reward behavior.', 'business_benefit': 'Improves loyalty performance and encourages repeat purchases.', 'customer_benefit': 'Helps the customer receive more value from their purchases through hotel discounts.'}, {'reward_name': 'Lifestyle Offers', 'score': 87.85, 'reason': 'Luxury Lifestyle customers respond well to lifestyle offers because the offer is aligned to their audio preference and reward behavior.', 'business_benefit': 'Improves loyalty performance and encourages repeat purchases.', 'customer_benefit': 'Helps the customer receive more value from their purchases through lifestyle offers.'}]","[89.55, 87.85, 87.85]","Luxury Lifestyle customers in cluster 1 show a strong fit for Airport Lounge Access, Hotel Discounts, Lifestyle Offers based on spend, engagement, and reward behavior.",Moderate uplift in engagement and repeat purchase intent with a clear ROI path.,"Luxury Lifestyle in cluster 1: prioritize Airport Lounge Access, Hotel Discounts, Lifestyle Offers. Luxury Lifestyle customers in cluster 1 show a strong fit for Airport Lounge Access, Hotel Discounts, Lifestyle Offers based on spend, engagement, and reward behavior Expected impact: Moderate uplift in engagement and repeat purchase intent with a clear ROI path."
C0009,1,Luxury Lifestyle,"[{'reward_name': 'Airport Lounge Access', 'score': 89.13, 'reason': 'Luxury Lifestyle customers respond well to airport lounge access because the offer is aligned to their audio preference and reward behavior.', 'business_benefit': 'Improves loyalty performance and encourages repeat purchases.', 'customer_benefit': 'Helps the customer receive more value from their purchases through airport lounge access.'}, {'reward_name': 'Hotel Discounts', 'score': 87.43, 'reason': 'Luxury Lifestyle customers respond well to hotel discounts because the offer is aligned to their audio preference and reward behavior.', 'business_benefit': 'Improves loyalty performance and encourages repeat purchases.', 'customer_benefit': 'Helps the customer receive more value from their purchases through hotel discounts.'}, {'reward_name': 'Lifestyle Offers', 'score': 87.43, 'reason': 'Luxury Lifestyle customers respond well to lifestyle offers because the offer is aligned to their audio preference and reward behavior.', 'business_benefit': 'Improves loyalty performance and encourages repeat purchases.', 'customer_benefit': 'Helps the customer receive more value from their purchases through lifestyle offers.'}]","[89.13, 87.43, 87.43]","Luxury Lifestyle customers in cluster 1 show a strong fit for Airport Lounge Access, Hotel Discounts, Lifestyle Offers based on spend, engagement, and reward behavior.",Moderate uplift in engagement and repeat purchase intent with a clear ROI path.,"Luxury Lifestyle in cluster 1: prioritize Airport Lounge Access, Hotel Discounts, Lifestyle Offers. Luxury Lifestyle customers in cluster 1 show a strong fit for Airport Lounge Access, Hotel Discounts, Lifestyle Offers based on spend, engagement, and reward behavior Expected impact: Moderate uplift in engagement and repeat purchase intent with a clear ROI path."
C0010,2,Value Shopper,"[{'reward_name': 'Travel Cashback', 'score': 81.7, 'reason': 'Value Shopper customers respond well to travel cashback because the offer is aligned to their audio preference and reward behavior.', 'business_benefit': 'Improves loyalty performance and encourages repeat purchases.', 'customer_benefit': 'Helps the customer receive more value from their purchases through travel cashback.'}, {'reward_name': 'Cashback', 'score': 80.4, 'reason': 'Value Shopper customers respond well to cashback because the offer is aligned to their audio preference and reward behavior.', 'business_benefit': 'Improves loyalty performance and encourages repeat purchases.', 'customer_benefit': 'Helps the customer receive more value from their purchases through cashback.'}, {'reward_name': 'Shopping Vouchers', 'score': 78.7, 'reason': 'Value Shopper customers respond well to shopping vouchers because the offer is aligned to their audio preference and reward behavior.', 'business_benefit': 'Improves loyalty performance and encourages repeat purchases.', 'customer_benefit': 'Helps the customer receive more value from their purchases through shopping vouchers.'}]","[81.7, 80.4, 78.7]","Value Shopper customers in cluster 2 show a strong fit for Travel Cashback, Cashback, Shopping Vouchers based on spend, engagement, and reward behavior.",Moderate uplift in engagement and repeat purchase intent with a clear ROI path.,"Value Shopper in cluster 2: prioritize Travel Cashback, Cashback, Shopping Vouchers. Value Shopper customers in cluster 2 show a strong fit for Travel Cashback, Cashback, Shopping Vouchers based on spend, engagement, and reward behavior Expected impact: Moderate uplift in engagement and repeat purchase intent with a clear ROI path."
C0011,1,Luxury Lifestyle,"[{'reward_name': 'Airport Lounge Access', 'score': 86.64, 'reason': 'Luxury Lifestyle customers respond well to airport lounge access because the offer is aligned to their audio preference and reward behavior.', 'business_benefit': 'Improves loyalty performance and encourages repeat purchases.', 'customer_benefit': 'Helps the customer receive more value from their purchases through airport lounge access.'}, {'reward_name': 'Hotel Discounts', 'score': 84.94, 'reason': 'Luxury Lifestyle customers respond well to hotel discounts because the offer is aligned to their audio preference and reward behavior.', 'business_benefit': 'Improves loyalty performance and encourages repeat purchases.', 'customer_benefit': 'Helps the customer receive more value from their purchases through hotel discounts.'}, {'reward_name': 'Lifestyle Offers', 'score': 84.94, 'reason': 'Luxury Lifestyle customers respond well to lifestyle offers because the offer is aligned to their audio preference and reward behavior.', 'business_benefit': 'Improves loyalty performance and encourages repeat purchases.', 'customer_benefit': 'Helps the customer receive more value from their purchases through lifestyle offers.'}]","[86.64, 84.94, 84.94]","Luxury Lifestyle customers in cluster 1 show a strong fit for Airport Lounge Access, Hotel Discounts, Lifestyle Offers based on spend, engagement, and reward behavior.",Moderate uplift in engagement and repeat purchase intent with a clear ROI path.,"Luxury Lifestyle in cluster 1: prioritize Airport Lounge Access, Hotel Discounts, Lifestyle Offers. Luxury Lifestyle customers in cluster 1 show a strong fit for Airport Lounge Access, Hotel Discounts, Lifestyle Offers based on spend, engagement, and reward behavior Expected impact: Moderate uplift in engagement and repeat purchase intent with a clear ROI path."
C0012,1,Luxury Lifestyle,"[{'reward_name': 'Airport Lounge Access', 'score': 85.23, 'reason': 'Luxury Lifestyle customers respond well to airport lounge access because the offer is aligned to their speaker preference and reward behavior.', 'business_benefit': 'Improves loyalty performance and encourages repeat purchases.', 'customer_benefit': 'Helps the customer receive more value from their purchases through airport lounge access.'}, {'reward_name': 'Hotel Discounts', 'score': 83.53, 'reason': 'Luxury Lifestyle customers respond well to hotel discounts because the offer is aligned to their speaker preference and reward behavior.', 'business_benefit': 'Improves loyalty performance and encourages repeat purchases.', 'customer_benefit': 'Helps the customer receive more value from their purchases through hotel discounts.'}, {'reward_name': 'Lifestyle Offers', 'score': 83.53, 'reason': 'Luxury Lifestyle customers respond well to lifestyle offers because the offer is aligned to their speaker preference and reward behavior.', 'business_benefit': 'Improves loyalty performance and encourages repeat purchases.', 'customer_benefit': 'Helps the customer receive more value from their purchases through lifestyle offers.'}]","[85.23, 83.53, 83.53]","Luxury Lifestyle customers in cluster 1 show a strong fit for Airport Lounge Access, Hotel Discounts, Lifestyle Offers based on spend, engagement, and reward behavior.",Moderate uplift in engagement and repeat purchase intent with a clear ROI path.,"Luxury Lifestyle in cluster 1: prioritize Airport Lounge Access, Hotel Discounts, Lifestyle Offers. Luxury Lifestyle customers in cluster 1 show a strong fit for Airport Lounge Access, Hotel Discounts, Lifestyle Offers based on spend, engagement, and reward behavior Expected impact: Moderate uplift in engagement and repeat purchase intent with a clear ROI path."
C0013,1,Luxury Lifestyle,"[{'reward_name': 'Airport Lounge Access', 'score': 86.75, 'reason': 'Luxury Lifestyle customers respond well to airport lounge access because the offer is aligned to their audio preference and reward behavior.', 'business_benefit': 'Improves loyalty performance and encourages repeat purchases.', 'customer_benefit': 'Helps the customer receive more value from their purchases through airport lounge access.'}, {'reward_name': 'Hotel Discounts', 'score': 85.05, 'reason': 'Luxury Lifestyle customers respond well to hotel discounts because the offer is aligned to their audio preference and reward behavior.', 'business_benefit': 'Improves loyalty performance and encourages repeat purchases.', 'customer_benefit': 'Helps the customer receive more value from their purchases through hotel discounts.'}, {'reward_name': 'Lifestyle Offers', 'score': 85.05, 'reason': 'Luxury Lifestyle customers respond well to lifestyle offers because the offer is aligned to their audio preference and reward behavior.', 'business_benefit': 'Improves loyalty performance and encourages repeat purchases.', 'customer_benefit': 'Helps the customer receive more value from their purchases through lifestyle offers.'}]","[86.75, 85.05, 85.05]","Luxury Lifestyle customers in cluster 1 show a strong fit for Airport Lounge Access, Hotel Discounts, Lifestyle Offers based on spend, engagement, and reward behavior.",Moderate uplift in engagement and repeat purchase intent with a clear ROI path.,"Luxury Lifestyle in cluster 1: prioritize Airport Lounge Access, Hotel Discounts, Lifestyle Offers. Luxury Lifestyle customers in cluster 1 show a strong fit for Airport Lounge Access, Hotel Discounts, Lifestyle Offers based on spend, engagement, and reward behavior Expected impact: Moderate uplift in engagement and repeat purchase intent with a clear ROI path."
C0014,1,Luxury Lifestyle,"[{'reward_name': 'Airport Lounge Access', 'score': 83.84, 'reason': 'Luxury Lifestyle customers respond well to airport lounge access because the offer is aligned to their audio preference and reward behavior.', 'business_benefit': 'Improves loyalty performance and encourages repeat purchases.', 'customer_benefit': 'Helps the customer receive more value from their purchases through airport lounge access.'}, {'reward_name': 'Hotel Discounts', 'score': 82.14, 'reason': 'Luxury Lifestyle customers respond well to hotel discounts because the offer is aligned to their audio preference and reward behavior.', 'business_benefit': 'Improves loyalty performance and encourages repeat purchases.', 'customer_benefit': 'Helps the customer receive more value from their purchases through hotel discounts.'}, {'reward_name': 'Lifestyle Offers', 'score': 82.14, 'reason': 'Luxury Lifestyle customers respond well to lifestyle offers because the offer is aligned to their audio preference and reward behavior.', 'business_benefit': 'Improves loyalty performance and encourages repeat purchases.', 'customer_benefit': 'Helps the customer receive more value from their purchases through lifestyle offers.'}]","[83.84, 82.14, 82.14]","Luxury Lifestyle customers in cluster 1 show a strong fit for Airport Lounge Access, Hotel Discounts, Lifestyle Offers based on spend, engagement, and reward behavior.",Moderate uplift in engagement and repeat purchase intent with a clear ROI path.,"Luxury Lifestyle in cluster 1: prioritize Airport Lounge Access, Hotel Discounts, Lifestyle Offers. Luxury Lifestyle customers in cluster 1 show a strong fit for Airport Lounge Access, Hotel Discounts, Lifestyle Offers based on spend, engagement, and reward behavior Expected impact: Moderate uplift in engagement and repeat purchase intent with a clear ROI path."
C0015,2,Value Shopper,"[{'reward_name': 'Cashback', 'score': 80.24, 'reason': 'Value Shopper customers respond well to cashback because the offer is aligned to their speaker preference and reward behavior.', 'business_benefit': 'Improves loyalty performance and encourages repeat purchases.', 'customer_benefit': 'Helps the customer receive more value from their purchases through cashback.'}, {'reward_name': 'Shopping Vouchers', 'score': 78.54, 'reason': 'Value Shopper customers respond well to shopping vouchers because the offer is aligned to their speaker preference and reward behavior.', 'business_benefit': 'Improves loyalty performance and encourages repeat purchases.', 'customer_benefit': 'Helps the customer receive more value from their purchases through shopping vouchers.'}, {'reward_name': 'Travel Cashback', 'score': 78.54, 'reason': 'Value Shopper customers respond well to travel cashback because the offer is aligned to their speaker preference and reward behavior.', 'business_benefit': 'Improves loyalty performance and encourages repeat purchases.', 'customer_benefit': 'Helps the customer receive more value from their purchases through travel cashback.'}]","[80.24, 78.54, 78.54]","Value Shopper customers in cluster 2 show a strong fit for Cashback, Shopping Vouchers, Travel Cashback based on spend, engagement, and reward behavior.",Moderate uplift in engagement and repeat purchase intent with a clear ROI path.,"Value Shopper in cluster 2: prioritize Cashback, Shopping Vouchers, Travel Cashback. Value Shopper customers in cluster 2 show a strong fit for Cashback, Shopping Vouchers, Travel Cashback based on spend, engagement, and reward behavior Expected impact: Moderate uplift in engagement and repeat purchase intent with a clear ROI path."
C0016,1,Luxury Lifestyle,"[{'reward_name': 'Airport Lounge Access', 'score': 85.29, 'reason': 'Luxury Lifestyle customers respond well to airport lounge access because the offer is aligned to their security preference and reward behavior.', 'business_benefit': 'Improves loyalty performance and encourages repeat purchases.', 'customer_benefit': 'Helps the customer receive more value from their purchases through airport lounge access.'}, {'reward_name': 'Hotel Discounts', 'score': 83.59, 'reason': 'Luxury Lifestyle customers respond well to hotel discounts because the offer is aligned to their security preference and reward behavior.', 'business_benefit': 'Improves loyalty performance and encourages repeat purchases.', 'customer_benefit': 'Helps the customer receive more value from their purchases through hotel discounts.'}, {'reward_name': 'Lifestyle Offers', 'score': 83.59, 'reason': 'Luxury Lifestyle customers respond well to lifestyle offers because the offer is aligned to their security preference and reward behavior.', 'business_benefit': 'Improves loyalty performance and encourages repeat purchases.', 'customer_benefit': 'Helps the customer receive more value from their purchases through lifestyle offers.'}]","[85.29, 83.59, 83.59]","Luxury Lifestyle customers in cluster 1 show a strong fit for Airport Lounge Access, Hotel Discounts, Lifestyle Offers based on spend, engagement, and reward behavior.",Moderate uplift in engagement and repeat purchase intent with a clear ROI path.,"Luxury Lifestyle in cluster 1: prioritize Airport Lounge Access, Hotel Discounts, Lifestyle Offers. Luxury Lifestyle customers in cluster 1 show a strong fit for Airport Lounge Access, Hotel Discounts, Lifestyle Offers based on spend, engagement, and reward behavior Expected impact: Moderate uplift in engagement and repeat purchase intent with a clear ROI path."
C0017,0,Digital Explorer,"[{'reward_name': 'Electronics Discounts', 'score': 83.03, 'reason': 'Digital Explorer customers respond well to electronics discounts because the offer is aligned to their audio preference and reward behavior.', 'business_benefit': 'Improves loyalty performance and encourages repeat purchases.', 'customer_benefit': 'Helps the customer receive more value from their purchases through electronics discounts.'}, {'reward_name': 'Travel Cashback', 'score': 82.53, 'reason': 'Digital Explorer customers respond well to travel cashback because the offer is aligned to their audio preference and reward behavior.', 'business_benefit': 'Improves loyalty performance and encourages repeat purchases.', 'customer_benefit': 'Helps the customer receive more value from their purchases through travel cashback.'}, {'reward_name': 'Cashback', 'score': 81.23, 'reason': 'Digital Explorer customers respond well to cashback because the offer is aligned to their audio preference and reward behavior.', 'business_benefit': 'Improves loyalty performance and encourages repeat purchases.', 'customer_benefit': 'Helps the customer receive more value from their purchases through cashback.'}]","[83.03, 82.53, 81.23]","Digital Explorer customers in cluster 0 show a strong fit for Electronics Discounts, Travel Cashback, Cashback based on spend, engagement, and reward behavior.",Moderate uplift in engagement and repeat purchase intent with a clear ROI path.,"Digital Explorer in cluster 0: prioritize Electronics Discounts, Travel Cashback, Cashback. Digital Explorer customers in cluster 0 show a strong fit for Electronics Discounts, Travel Cashback, Cashback based on spend, engagement, and reward behavior Expected impact: Moderate uplift in engagement and repeat purchase intent with a clear ROI path."
C0018,1,Luxury Lifestyle,"[{'reward_name': 'Airport Lounge Access', 'score': 89.64, 'reason': 'Luxury Lifestyle customers respond well to airport lounge access because the offer is aligned to their audio preference and reward behavior.', 'business_benefit': 'Improves loyalty performance and encourages repeat purchases.', 'customer_benefit': 'Helps the customer receive more value from their purchases through airport lounge access.'}, {'reward_name': 'Hotel Discounts', 'score': 87.94, 'reason': 'Luxury Lifestyle customers respond well to hotel discounts because the offer is aligned to their audio preference and reward behavior.', 'business_benefit': 'Improves loyalty performance and encourages repeat purchases.', 'customer_benefit': 'Helps the customer receive more value from their purchases through hotel discounts.'}, {'reward_name': 'Lifestyle Offers', 'score': 87.94, 'reason': 'Luxury Lifestyle customers respond well to lifestyle offers because the offer is aligned to their audio preference and reward behavior.', 'business_benefit': 'Improves loyalty performance and encourages repeat purchases.', 'customer_benefit': 'Helps the customer receive more value from their purchases through lifestyle offers.'}]","[89.64, 87.94, 87.94]","Luxury Lifestyle customers in cluster 1 show a strong fit for Airport Lounge Access, Hotel Discounts, Lifestyle Offers based on spend, engagement, and reward behavior.",Moderate uplift in engagement and repeat purchase intent with a clear ROI path.,"Luxury Lifestyle in cluster 1: prioritize Airport Lounge Access, Hotel Discounts, Lifestyle Offers. Luxury Lifestyle customers in cluster 1 show a strong fit for Airport Lounge Access, Hotel Discounts, Lifestyle Offers based on spend, engagement, and reward behavior Expected impact: Moderate uplift in engagement and repeat purchase intent with a clear ROI path."
C0019,0,Digital Explorer,"[{'reward_name': 'Electronics Discounts', 'score': 79.87, 'reason': 'Digital Explorer customers respond well to electronics discounts because the offer is aligned to their smart home preference and reward behavior.', 'business_benefit': 'Improves loyalty performance and encourages repeat purchases.', 'customer_benefit': 'Helps the customer receive more value from their purchases through electronics discounts.'}, {'reward_name': 'Travel Cashback', 'score': 79.37, 'reason': 'Digital Explorer customers respond well to travel cashback because the offer is aligned to their smart home preference and reward behavior.', 'business_benefit': 'Improves loyalty performance and encourages repeat purchases.', 'customer_benefit': 'Helps the customer receive more value from their purchases through travel cashback.'}, {'reward_name': 'Cashback', 'score': 78.07, 'reason': 'Digital Explorer customers respond well to cashback because the offer is aligned to their smart home preference and reward behavior.', 'business_benefit': 'Improves loyalty performance and encourages repeat purchases.', 'customer_benefit': 'Helps the customer receive more value from their purchases through cashback.'}]","[79.87, 79.37, 78.07]","Digital Explorer customers in cluster 0 show a strong fit for Electronics Discounts, Travel Cashback, Cashback based on spend, engagement, and reward behavior.",Moderate uplift in engagement and repeat purchase intent with a clear ROI path.,"Digital Explorer in cluster 0: prioritize Electronics Discounts, Travel Cashback, Cashback. Digital Explorer customers in cluster 0 show a strong fit for Electronics Discounts, Travel Cashback, Cashback based on spend, engagement, and reward behavior Expected impact: Moderate uplift in engagement and repeat purchase intent with a clear ROI path."
C0020,0,Digital Explorer,"[{'reward_name': 'Cashback', 'score': 77.68, 'reason': 'Digital Explorer customers respond well to cashback because the offer is aligned to their audio preference and reward behavior.', 'business_benefit': 'Improves loyalty performance and encourages repeat purchases.', 'customer_benefit': 'Helps the customer receive more value from their purchases through cashback.'}, {'reward_name': 'Electronics Discounts', 'score': 76.48, 'reason': 'Digital Explorer customers respond well to electronics discounts because the offer is aligned to their audio preference and reward behavior.', 'business_benefit': 'Improves loyalty performance and encourages repeat purchases.', 'customer_benefit': 'Helps the customer receive more value from their purchases through electronics discounts.'}, {'reward_name': 'Shopping Vouchers', 'score': 75.98, 'reason': 'Digital Explorer customers respond well to shopping vouchers because the offer is aligned to their audio preference and reward behavior.', 'business_benefit': 'Improves loyalty performance and encourages repeat purchases.', 'customer_benefit': 'Helps the customer receive more value from their purchases through shopping vouchers.'}]","[77.68, 76.48, 75.98]","Digital Explorer customers in cluster 0 show a strong fit for Cashback, Electronics Discounts, Shopping Vouchers based on spend, engagement, and reward behavior.",Moderate uplift in engagement and repeat purchase intent with a clear ROI path.,"Digital Explorer in cluster 0: prioritize Cashback, Electronics Discounts, Shopping Vouchers. Digital Explorer customers in cluster 0 show a strong fit for Cashback, Electronics Discounts, Shopping Vouchers based on spend, engagement, and reward behavior Expected impact: Moderate uplift in engagement and repeat purchase intent with a clear ROI path."
C0021,2,Value Shopper,"[{'reward_name': 'Travel Cashback', 'score': 82.73, 'reason': 'Value Shopper customers respond well to travel cashback because the offer is aligned to their tv preference and reward behavior.', 'business_benefit': 'Improves loyalty performance and encourages repeat purchases.', 'customer_benefit': 'Helps the customer receive more value from their purchases through travel cashback.'}, {'reward_name': 'Cashback', 'score': 81.43, 'reason': 'Value Shopper customers respond well to cashback because the offer is aligned to their tv preference and reward behavior.', 'business_benefit': 'Improves loyalty performance and encourages repeat purchases.', 'customer_benefit': 'Helps the customer receive more value from their purchases through cashback.'}, {'reward_name': 'Shopping Vouchers', 'score': 79.73, 'reason': 'Value Shopper customers respond well to shopping vouchers because the offer is aligned to their tv preference and reward behavior.', 'business_benefit': 'Improves loyalty performance and encourages repeat purchases.', 'customer_benefit': 'Helps the customer receive more value from their purchases through shopping vouchers.'}]","[82.73, 81.43, 79.73]","Value Shopper customers in cluster 2 show a strong fit for Travel Cashback, Cashback, Shopping Vouchers based on spend, engagement, and reward behavior.",Moderate uplift in engagement and repeat purchase intent with a clear ROI path.,"Value Shopper in cluster 2: prioritize Travel Cashback, Cashback, Shopping Vouchers. Value Shopper customers in cluster 2 show a strong fit for Travel Cashback, Cashback, Shopping Vouchers based on spend, engagement, and reward behavior Expected impact: Moderate uplift in engagement and repeat purchase intent with a clear ROI path."
C0022,1,Luxury Lifestyle,"[{'reward_name': 'Airport Lounge Access', 'score': 89.14, 'reason': 'Luxury Lifestyle customers respond well to airport lounge access because the offer is aligned to their security preference and reward behavior.', 'business_benefit': 'Improves loyalty performance and encourages repeat purchases.', 'customer_benefit': 'Helps the customer receive more value from their purchases through airport lounge access.'}, {'reward_name': 'Hotel Discounts', 'score': 87.44, 'reason': 'Luxury Lifestyle customers respond well to hotel discounts because the offer is aligned to their security preference and reward behavior.', 'business_benefit': 'Improves loyalty performance and encourages repeat purchases.', 'customer_benefit': 'Helps the customer receive more value from their purchases through hotel discounts.'}, {'reward_name': 'Lifestyle Offers', 'score': 87.44, 'reason': 'Luxury Lifestyle customers respond well to lifestyle offers because the offer is aligned to their security preference and reward behavior.', 'business_benefit': 'Improves loyalty performance and encourages repeat purchases.', 'customer_benefit': 'Helps the customer receive more value from their purchases through lifestyle offers.'}]","[89.14, 87.44, 87.44]","Luxury Lifestyle customers in cluster 1 show a strong fit for Airport Lounge Access, Hotel Discounts, Lifestyle Offers based on spend, engagement, and reward behavior.",Moderate uplift in engagement and repeat purchase intent with a clear ROI path.,"Luxury Lifestyle in cluster 1: prioritize Airport Lounge Access, Hotel Discounts, Lifestyle Offers. Luxury Lifestyle customers in cluster 1 show a strong fit for Airport Lounge Access, Hotel Discounts, Lifestyle Offers based on spend, engagement, and reward behavior Expected impact: Moderate uplift in engagement and repeat purchase intent with a clear ROI path."
C0023,1,Luxury Lifestyle,"[{'reward_name': 'Airport Lounge Access', 'score': 87.39, 'reason': 'Luxury Lifestyle customers respond well to airport lounge access because the offer is aligned to their audio preference and reward behavior.', 'business_benefit': 'Improves loyalty performance and encourages repeat purchases.', 'customer_benefit': 'Helps the customer receive more value from their purchases through airport lounge access.'}, {'reward_name': 'Hotel Discounts', 'score': 85.69, 'reason': 'Luxury Lifestyle customers respond well to hotel discounts because the offer is aligned to their audio preference and reward behavior.', 'business_benefit': 'Improves loyalty performance and encourages repeat purchases.', 'customer_benefit': 'Helps the customer receive more value from their purchases through hotel discounts.'}, {'reward_name': 'Lifestyle Offers', 'score': 85.69, 'reason': 'Luxury Lifestyle customers respond well to lifestyle offers because the offer is aligned to their audio preference and reward behavior.', 'business_benefit': 'Improves loyalty performance and encourages repeat purchases.', 'customer_benefit': 'Helps the customer receive more value from their purchases through lifestyle offers.'}]","[87.39, 85.69, 85.69]","Luxury Lifestyle customers in cluster 1 show a strong fit for Airport Lounge Access, Hotel Discounts, Lifestyle Offers based on spend, engagement, and reward behavior.",Moderate uplift in engagement and repeat purchase intent with a clear ROI path.,"Luxury Lifestyle in cluster 1: prioritize Airport Lounge Access, Hotel Discounts, Lifestyle Offers. Luxury Lifestyle customers in cluster 1 show a strong fit for Airport Lounge Access, Hotel Discounts, Lifestyle Offers based on spend, engagement, and reward behavior Expected impact: Moderate uplift in engagement and repeat purchase intent with a clear ROI path."
C0024,1,Luxury Lifestyle,"[{'reward_name': 'Airport Lounge Access', 'score': 93.44, 'reason': 'Luxury Lifestyle customers respond well to airport lounge access because the offer is aligned to their audio preference and reward behavior.', 'business_benefit': 'Improves loyalty performance and encourages repeat purchases.', 'customer_benefit': 'Helps the customer receive more value from their purchases through airport lounge access.'}, {'reward_name': 'Hotel Discounts', 'score': 91.74, 'reason': 'Luxury Lifestyle customers respond well to hotel discounts because the offer is aligned to their audio preference and reward behavior.', 'business_benefit': 'Improves loyalty performance and encourages repeat purchases.', 'customer_benefit': 'Helps the customer receive more value from their purchases through hotel discounts.'}, {'reward_name': 'Lifestyle Offers', 'score': 91.74, 'reason': 'Luxury Lifestyle customers respond well to lifestyle offers because the offer is aligned to their audio preference and reward behavior.', 'business_benefit': 'Improves loyalty performance and encourages repeat purchases.', 'customer_benefit': 'Helps the customer receive more value from their purchases through lifestyle offers.'}]","[93.44, 91.74, 91.74]","Luxury Lifestyle customers in cluster 1 show a strong fit for Airport Lounge Access, Hotel Discounts, Lifestyle Offers based on spend, engagement, and reward behavior.",Moderate uplift in engagement and repeat purchase intent with a clear ROI path.,"Luxury Lifestyle in cluster 1: prioritize Airport Lounge Access, Hotel Discounts, Lifestyle Offers. Luxury Lifestyle customers in cluster 1 show a strong fit for Airport Lounge Access, Hotel Discounts, Lifestyle Offers based on spend, engagement, and reward behavior Expected impact: Moderate uplift in engagement and repeat purchase intent with a clear ROI path."
C0025,2,Value Shopper,"[{'reward_name': 'Travel Cashback', 'score': 84.17, 'reason': 'Value Shopper customers respond well to travel cashback because the offer is aligned to their security preference and reward behavior.', 'business_benefit': 'Improves loyalty performance and encourages repeat purchases.', 'customer_benefit': 'Helps the customer receive more value from their purchases through travel cashback.'}, {'reward_name': 'Cashback', 'score': 82.87, 'reason': 'Value Shopper customers respond well to cashback because the offer is aligned to their security preference and reward behavior.', 'business_benefit': 'Improves loyalty performance and encourages repeat purchases.', 'customer_benefit': 'Helps the customer receive more value from their purchases through cashback.'}, {'reward_name': 'Shopping Vouchers', 'score': 81.17, 'reason': 'Value Shopper customers respond well to shopping vouchers because the offer is aligned to their security preference and reward behavior.', 'business_benefit': 'Improves loyalty performance and encourages repeat purchases.', 'customer_benefit': 'Helps the customer receive more value from their purchases through shopping vouchers.'}]","[84.17, 82.87, 81.17]","Value Shopper customers in cluster 2 show a strong fit for Travel Cashback, Cashback, Shopping Vouchers based on spend, engagement, and reward behavior.",Moderate uplift in engagement and repeat purchase intent with a clear ROI path.,"Value Shopper in cluster 2: prioritize Travel Cashback, Cashback, Shopping Vouchers. Value Shopper customers in cluster 2 show a strong fit for Travel Cashback, Cashback, Shopping Vouchers based on spend, engagement, and reward behavior Expected impact: Moderate uplift in engagement and repeat purchase intent with a clear ROI path."
C0026,1,Luxury Lifestyle,"[{'reward_name': 'Airport Lounge Access', 'score': 87.5, 'reason': 'Luxury Lifestyle customers respond well to airport lounge access because the offer is aligned to their audio preference and reward behavior.', 'business_benefit': 'Improves loyalty performance and encourages repeat purchases.', 'customer_benefit': 'Helps the customer receive more value from their purchases through airport lounge access.'}, {'reward_name': 'Hotel Discounts', 'score': 85.8, 'reason': 'Luxury Lifestyle customers respond well to hotel discounts because the offer is aligned to their audio preference and reward behavior.', 'business_benefit': 'Improves loyalty performance and encourages repeat purchases.', 'customer_benefit': 'Helps the customer receive more value from their purchases through hotel discounts.'}, {'reward_name': 'Lifestyle Offers', 'score': 85.8, 'reason': 'Luxury Lifestyle customers respond well to lifestyle offers because the offer is aligned to their audio preference and reward behavior.', 'business_benefit': 'Improves loyalty performance and encourages repeat purchases.', 'customer_benefit': 'Helps the customer receive more value from their purchases through lifestyle offers.'}]","[87.5, 85.8, 85.8]","Luxury Lifestyle customers in cluster 1 show a strong fit for Airport Lounge Access, Hotel Discounts, Lifestyle Offers based on spend, engagement, and reward behavior.",Moderate uplift in engagement and repeat purchase intent with a clear ROI path.,"Luxury Lifestyle in cluster 1: prioritize Airport Lounge Access, Hotel Discounts, Lifestyle Offers. Luxury Lifestyle customers in cluster 1 show a strong fit for Airport Lounge Access, Hotel Discounts, Lifestyle Offers based on spend, engagement, and reward behavior Expected impact: Moderate uplift in engagement and repeat purchase intent with a clear ROI path."
C0027,1,Luxury Lifestyle,"[{'reward_name': 'Airport Lounge Access', 'score': 85.36, 'reason': 'Luxury Lifestyle customers respond well to airport lounge access because the offer is aligned to their security preference and reward behavior.', 'business_benefit': 'Improves loyalty performance and encourages repeat purchases.', 'customer_benefit': 'Helps the customer receive more value from their purchases through airport lounge access.'}, {'reward_name': 'Hotel Discounts', 'score': 83.66, 'reason': 'Luxury Lifestyle customers respond well to hotel discounts because the offer is aligned to their security preference and reward behavior.', 'business_benefit': 'Improves loyalty performance and encourages repeat purchases.', 'customer_benefit': 'Helps the customer receive more value from their purchases through hotel discounts.'}, {'reward_name': 'Lifestyle Offers', 'score': 83.66, 'reason': 'Luxury Lifestyle customers respond well to lifestyle offers because the offer is aligned to their security preference and reward behavior.', 'business_benefit': 'Improves loyalty performance and encourages repeat purchases.', 'customer_benefit': 'Helps the customer receive more value from their purchases through lifestyle offers.'}]","[85.36, 83.66, 83.66]","Luxury Lifestyle customers in cluster 1 show a strong fit for Airport Lounge Access, Hotel Discounts, Lifestyle Offers based on spend, engagement, and reward behavior.",Moderate uplift in engagement and repeat purchase intent with a clear ROI path.,"Luxury Lifestyle in cluster 1: prioritize Airport Lounge Access, Hotel Discounts, Lifestyle Offers. Luxury Lifestyle customers in cluster 1 show a strong fit for Airport Lounge Access, Hotel Discounts, Lifestyle Offers based on spend, engagement, and reward behavior Expected impact: Moderate uplift in engagement and repeat purchase intent with a clear ROI path."
C0028,1,Luxury Lifestyle,"[{'reward_name': 'Airport Lounge Access', 'score': 83.87, 'reason': 'Luxury Lifestyle customers respond well to airport lounge access because the offer is aligned to their audio preference and reward behavior.', 'business_benefit': 'Improves loyalty performance and encourages repeat purchases.', 'customer_benefit': 'Helps the customer receive more value from their purchases through airport lounge access.'}, {'reward_name': 'Hotel Discounts', 'score': 82.17, 'reason': 'Luxury Lifestyle customers respond well to hotel discounts because the offer is aligned to their audio preference and reward behavior.', 'business_benefit': 'Improves loyalty performance and encourages repeat purchases.', 'customer_benefit': 'Helps the customer receive more value from their purchases through hotel discounts.'}, {'reward_name': 'Lifestyle Offers', 'score': 82.17, 'reason': 'Luxury Lifestyle customers respond well to lifestyle offers because the offer is aligned to their audio preference and reward behavior.', 'business_benefit': 'Improves loyalty performance and encourages repeat purchases.', 'customer_benefit': 'Helps the customer receive more value from their purchases through lifestyle offers.'}]","[83.87, 82.17, 82.17]","Luxury Lifestyle customers in cluster 1 show a strong fit for Airport Lounge Access, Hotel Discounts, Lifestyle Offers based on spend, engagement, and reward behavior.",Moderate uplift in engagement and repeat purchase intent with a clear ROI path.,"Luxury Lifestyle in cluster 1: prioritize Airport Lounge Access, Hotel Discounts, Lifestyle Offers. Luxury Lifestyle customers in cluster 1 show a strong fit for Airport Lounge Access, Hotel Discounts, Lifestyle Offers based on spend, engagement, and reward behavior Expected impact: Moderate uplift in engagement and repeat purchase intent with a clear ROI path."
C0029,2,Value Shopper,"[{'reward_name': 'Travel Cashback', 'score': 84.9, 'reason': 'Value Shopper customers respond well to travel cashback because the offer is aligned to their audio preference and reward behavior.', 'business_benefit': 'Improves loyalty performance and encourages repeat purchases.', 'customer_benefit': 'Helps the customer receive more value from their purchases through travel cashback.'}, {'reward_name': 'Cashback', 'score': 83.6, 'reason': 'Value Shopper customers respond well to cashback because the offer is aligned to their audio preference and reward behavior.', 'business_benefit': 'Improves loyalty performance and encourages repeat purchases.', 'customer_benefit': 'Helps the customer receive more value from their purchases through cashback.'}, {'reward_name': 'Shopping Vouchers', 'score': 81.9, 'reason': 'Value Shopper customers respond well to shopping vouchers because the offer is aligned to their audio preference and reward behavior.', 'business_benefit': 'Improves loyalty performance and encourages repeat purchases.', 'customer_benefit': 'Helps the customer receive more value from their purchases through shopping vouchers.'}]","[84.9, 83.6, 81.9]","Value Shopper customers in cluster 2 show a strong fit for Travel Cashback, Cashback, Shopping Vouchers based on spend, engagement, and reward behavior.",Moderate uplift in engagement and repeat purchase intent with a clear ROI path.,"Value Shopper in cluster 2: prioritize Travel Cashback, Cashback, Shopping Vouchers. Value Shopper customers in cluster 2 show a strong fit for Travel Cashback, Cashback, Shopping Vouchers based on spend, engagement, and reward behavior Expected impact: Moderate uplift in engagement and repeat purchase intent with a clear ROI path."
C0030,0,Digital Explorer,"[{'reward_name': 'Cashback', 'score': 77.19, 'reason': 'Digital Explorer customers respond well to cashback because the offer is aligned to their audio preference and reward behavior.', 'business_benefit': 'Improves loyalty performance and encourages repeat purchases.', 'customer_benefit': 'Helps the customer receive more value from their purchases through cashback.'}, {'reward_name': 'Electronics Discounts', 'score': 75.99, 'reason': 'Digital Explorer customers respond well to electronics discounts because the offer is aligned to their audio preference and reward behavior.', 'business_benefit': 'Improves loyalty performance and encourages repeat purchases.', 'customer_benefit': 'Helps the customer receive more value from their purchases through electronics discounts.'}, {'reward_name': 'Shopping Vouchers', 'score': 75.49, 'reason': 'Digital Explorer customers respond well to shopping vouchers because the offer is aligned to their audio preference and reward behavior.', 'business_benefit': 'Improves loyalty performance and encourages repeat purchases.', 'customer_benefit': 'Helps the customer receive more value from their purchases through shopping vouchers.'}]","[77.19, 75.99, 75.49]","Digital Explorer customers in cluster 0 show a strong fit for Cashback, Electronics Discounts, Shopping Vouchers based on spend, engagement, and reward behavior.",Moderate uplift in engagement and repeat purchase intent with a clear ROI path.,"Digital Explorer in cluster 0: prioritize Cashback, Electronics Discounts, Shopping Vouchers. Digital Explorer customers in cluster 0 show a strong fit for Cashback, Electronics Discounts, Shopping Vouchers based on spend, engagement, and reward behavior Expected impact: Moderate uplift in engagement and repeat purchase intent with a clear ROI path."
C0031,0,Digital Explorer,"[{'reward_name': 'Electronics Discounts', 'score': 82.24, 'reason': 'Digital Explorer customers respond well to electronics discounts because the offer is aligned to their tv preference and reward behavior.', 'business_benefit': 'Improves loyalty performance and encourages repeat purchases.', 'customer_benefit': 'Helps the customer receive more value from their purchases through electronics discounts.'}, {'reward_name': 'Travel Cashback', 'score': 81.74, 'reason': 'Digital Explorer customers respond well to travel cashback because the offer is aligned to their tv preference and reward behavior.', 'business_benefit': 'Improves loyalty performance and encourages repeat purchases.', 'customer_benefit': 'Helps the customer receive more value from their purchases through travel cashback.'}, {'reward_name': 'Cashback', 'score': 80.44, 'reason': 'Digital Explorer customers respond well to cashback because the offer is aligned to their tv preference and reward behavior.', 'business_benefit': 'Improves loyalty performance and encourages repeat purchases.', 'customer_benefit': 'Helps the customer receive more value from their purchases through cashback.'}]","[82.24, 81.74, 80.44]","Digital Explorer customers in cluster 0 show a strong fit for Electronics Discounts, Travel Cashback, Cashback based on spend, engagement, and reward behavior.",Moderate uplift in engagement and repeat purchase intent with a clear ROI path.,"Digital Explorer in cluster 0: prioritize Electronics Discounts, Travel Cashback, Cashback. Digital Explorer customers in cluster 0 show a strong fit for Electronics Discounts, Travel Cashback, Cashback based on spend, engagement, and reward behavior Expected impact: Moderate uplift in engagement and repeat purchase intent with a clear ROI path."
C0032,1,Luxury Lifestyle,"[{'reward_name': 'Airport Lounge Access', 'score': 89.42, 'reason': 'Luxury Lifestyle customers respond well to airport lounge access because the offer is aligned to their smartphone preference and reward behavior.', 'business_benefit': 'Improves loyalty performance and encourages repeat purchases.', 'customer_benefit': 'Helps the customer receive more value from their purchases through airport lounge access.'}, {'reward_name': 'Hotel Discounts', 'score': 87.72, 'reason': 'Luxury Lifestyle customers respond well to hotel discounts because the offer is aligned to their smartphone preference and reward behavior.', 'business_benefit': 'Improves loyalty performance and encourages repeat purchases.', 'customer_benefit': 'Helps the customer receive more value from their purchases through hotel discounts.'}, {'reward_name': 'Lifestyle Offers', 'score': 87.72, 'reason': 'Luxury Lifestyle customers respond well to lifestyle offers because the offer is aligned to their smartphone preference and reward behavior.', 'business_benefit': 'Improves loyalty performance and encourages repeat purchases.', 'customer_benefit': 'Helps the customer receive more value from their purchases through lifestyle offers.'}]","[89.42, 87.72, 87.72]","Luxury Lifestyle customers in cluster 1 show a strong fit for Airport Lounge Access, Hotel Discounts, Lifestyle Offers based on spend, engagement, and reward behavior.",Moderate uplift in engagement and repeat purchase intent with a clear ROI path.,"Luxury Lifestyle in cluster 1: prioritize Airport Lounge Access, Hotel Discounts, Lifestyle Offers. Luxury Lifestyle customers in cluster 1 show a strong fit for Airport Lounge Access, Hotel Discounts, Lifestyle Offers based on spend, engagement, and reward behavior Expected impact: Moderate uplift in engagement and repeat purchase intent with a clear ROI path."
C0033,0,Digital Explorer,"[{'reward_name': 'Cashback', 'score': 81.71, 'reason': 'Digital Explorer customers respond well to cashback because the offer is aligned to their tv preference and reward behavior.', 'business_benefit': 'Improves loyalty performance and encourages repeat purchases.', 'customer_benefit': 'Helps the customer receive more value from their purchases through cashback.'}, {'reward_name': 'Shopping Vouchers', 'score': 80.01, 'reason': 'Digital Explorer customers respond well to shopping vouchers because the offer is aligned to their tv preference and reward behavior.', 'business_benefit': 'Improves loyalty performance and encourages repeat purchases.', 'customer_benefit': 'Helps the customer receive more value from their purchases through shopping vouchers.'}, {'reward_name': 'Dining Offers', 'score': 76.81, 'reason': 'Digital Explorer customers respond well to dining offers because the offer is aligned to their tv preference and reward behavior.', 'business_benefit': 'Improves loyalty performance and encourages repeat purchases.', 'customer_benefit': 'Helps the customer receive more value from their purchases through dining offers.'}]","[81.71, 80.01, 76.81]","Digital Explorer customers in cluster 0 show a strong fit for Cashback, Shopping Vouchers, Dining Offers based on spend, engagement, and reward behavior.",Moderate uplift in engagement and repeat purchase intent with a clear ROI path.,"Digital Explorer in cluster 0: prioritize Cashback, Shopping Vouchers, Dining Offers. Digital Explorer customers in cluster 0 show a strong fit for Cashback, Shopping Vouchers, Dining Offers based on spend, engagement, and reward behavior Expected impact: Moderate uplift in engagement and repeat purchase intent with a clear ROI path."
C0034,0,Digital Explorer,"[{'reward_name': 'Electronics Discounts', 'score': 83.52, 'reason': 'Digital Explorer customers respond well to electronics discounts because the offer is aligned to their gaming preference and reward behavior.', 'business_benefit': 'Improves loyalty performance and encourages repeat purchases.', 'customer_benefit': 'Helps the customer receive more value from their purchases through electronics discounts.'}, {'reward_name': 'Travel Cashback', 'score': 83.02, 'reason': 'Digital Explorer customers respond well to travel cashback because the offer is aligned to their gaming preference and reward behavior.', 'business_benefit': 'Improves loyalty performance and encourages repeat purchases.', 'customer_benefit': 'Helps the customer receive more value from their purchases through travel cashback.'}, {'reward_name': 'Cashback', 'score': 81.72, 'reason': 'Digital Explorer customers respond well to cashback because the offer is aligned to their gaming preference and reward behavior.', 'business_benefit': 'Improves loyalty performance and encourages repeat purchases.', 'customer_benefit': 'Helps the customer receive more value from their purchases through cashback.'}]","[83.52, 83.02, 81.72]","Digital Explorer customers in cluster 0 show a strong fit for Electronics Discounts, Travel Cashback, Cashback based on spend, engagement, and reward behavior.",Moderate uplift in engagement and repeat purchase intent with a clear ROI path.,"Digital Explorer in cluster 0: prioritize Electronics Discounts, Travel Cashback, Cashback. Digital Explorer customers in cluster 0 show a strong fit for Electronics Discounts, Travel Cashback, Cashback based on spend, engagement, and reward behavior Expected impact: Moderate uplift in engagement and repeat purchase intent with a clear ROI path."
C0035,1,Luxury Lifestyle,"[{'reward_name': 'Airport Lounge Access', 'score': 86.17, 'reason': 'Luxury Lifestyle customers respond well to airport lounge access because the offer is aligned to their audio preference and reward behavior.', 'business_benefit': 'Improves loyalty performance and encourages repeat purchases.', 'customer_benefit': 'Helps the customer receive more value from their purchases through airport lounge access.'}, {'reward_name': 'Hotel Discounts', 'score': 84.47, 'reason': 'Luxury Lifestyle customers respond well to hotel discounts because the offer is aligned to their audio preference and reward behavior.', 'business_benefit': 'Improves loyalty performance and encourages repeat purchases.', 'customer_benefit': 'Helps the customer receive more value from their purchases through hotel discounts.'}, {'reward_name': 'Lifestyle Offers', 'score': 84.47, 'reason': 'Luxury Lifestyle customers respond well to lifestyle offers because the offer is aligned to their audio preference and reward behavior.', 'business_benefit': 'Improves loyalty performance and encourages repeat purchases.', 'customer_benefit': 'Helps the customer receive more value from their purchases through lifestyle offers.'}]","[86.17, 84.47, 84.47]","Luxury Lifestyle customers in cluster 1 show a strong fit for Airport Lounge Access, Hotel Discounts, Lifestyle Offers based on spend, engagement, and reward behavior.",Moderate uplift in engagement and repeat purchase intent with a clear ROI path.,"Luxury Lifestyle in cluster 1: prioritize Airport Lounge Access, Hotel Discounts, Lifestyle Offers. Luxury Lifestyle customers in cluster 1 show a strong fit for Airport Lounge Access, Hotel Discounts, Lifestyle Offers based on spend, engagement, and reward behavior Expected impact: Moderate uplift in engagement and repeat purchase intent with a clear ROI path."
C0036,1,Luxury Lifestyle,"[{'reward_name': 'Airport Lounge Access', 'score': 90.8, 'reason': 'Luxury Lifestyle customers respond well to airport lounge access because the offer is aligned to their watch preference and reward behavior.', 'business_benefit': 'Improves loyalty performance and encourages repeat purchases.', 'customer_benefit': 'Helps the customer receive more value from their purchases through airport lounge access.'}, {'reward_name': 'Hotel Discounts', 'score': 89.1, 'reason': 'Luxury Lifestyle customers respond well to hotel discounts because the offer is aligned to their watch preference and reward behavior.', 'business_benefit': 'Improves loyalty performance and encourages repeat purchases.', 'customer_benefit': 'Helps the customer receive more value from their purchases through hotel discounts.'}, {'reward_name': 'Lifestyle Offers', 'score': 89.1, 'reason': 'Luxury Lifestyle customers respond well to lifestyle offers because the offer is aligned to their watch preference and reward behavior.', 'business_benefit': 'Improves loyalty performance and encourages repeat purchases.', 'customer_benefit': 'Helps the customer receive more value from their purchases through lifestyle offers.'}]","[90.8, 89.1, 89.1]","Luxury Lifestyle customers in cluster 1 show a strong fit for Airport Lounge Access, Hotel Discounts, Lifestyle Offers based on spend, engagement, and reward behavior.",Moderate uplift in engagement and repeat purchase intent with a clear ROI path.,"Luxury Lifestyle in cluster 1: prioritize Airport Lounge Access, Hotel Discounts, Lifestyle Offers. Luxury Lifestyle customers in cluster 1 show a strong fit for Airport Lounge Access, Hotel Discounts, Lifestyle Offers based on spend, engagement, and reward behavior Expected impact: Moderate uplift in engagement and repeat purchase intent with a clear ROI path."
C0037,0,Digital Explorer,"[{'reward_name': 'Cashback', 'score': 75.73, 'reason': 'Digital Explorer customers respond well to cashback because the offer is aligned to their tv preference and reward behavior.', 'business_benefit': 'Improves loyalty performance and encourages repeat purchases.', 'customer_benefit': 'Helps the customer receive more value from their purchases through cashback.'}, {'reward_name': 'Electronics Discounts', 'score': 74.53, 'reason': 'Digital Explorer customers respond well to electronics discounts because the offer is aligned to their tv preference and reward behavior.', 'business_benefit': 'Improves loyalty performance and encourages repeat purchases.', 'customer_benefit': 'Helps the customer receive more value from their purchases through electronics discounts.'}, {'reward_name': 'Shopping Vouchers', 'score': 74.03, 'reason': 'Digital Explorer customers respond well to shopping vouchers because the offer is aligned to their tv preference and reward behavior.', 'business_benefit': 'Improves loyalty performance and encourages repeat purchases.', 'customer_benefit': 'Helps the customer receive more value from their purchases through shopping vouchers.'}]","[75.73, 74.53, 74.03]","Digital Explorer customers in cluster 0 show a strong fit for Cashback, Electronics Discounts, Shopping Vouchers based on spend, engagement, and reward behavior.",Moderate uplift in engagement and repeat purchase intent with a clear ROI path.,"Digital Explorer in cluster 0: prioritize Cashback, Electronics Discounts, Shopping Vouchers. Digital Explorer customers in cluster 0 show a strong fit for Cashback, Electronics Discounts, Shopping Vouchers based on spend, engagement, and reward behavior Expected impact: Moderate uplift in engagement and repeat purchase intent with a clear ROI path."
C0038,0,Digital Explorer,"[{'reward_name': 'Cashback', 'score': 82.51, 'reason': 'Digital Explorer customers respond well to cashback because the offer is aligned to their audio preference and reward behavior.', 'business_benefit': 'Improves loyalty performance and encourages repeat purchases.', 'customer_benefit': 'Helps the customer receive more value from their purchases through cashback.'}, {'reward_name': 'Electronics Discounts', 'score': 81.31, 'reason': 'Digital Explorer customers respond well to electronics discounts because the offer is aligned to their audio preference and reward behavior.', 'business_benefit': 'Improves loyalty performance and encourages repeat purchases.', 'customer_benefit': 'Helps the customer receive more value from their purchases through electronics discounts.'}, {'reward_name': 'Shopping Vouchers', 'score': 80.81, 'reason': 'Digital Explorer customers respond well to shopping vouchers because the offer is aligned to their audio preference and reward behavior.', 'business_benefit': 'Improves loyalty performance and encourages repeat purchases.', 'customer_benefit': 'Helps the customer receive more value from their purchases through shopping vouchers.'}]","[82.51, 81.31, 80.81]","Digital Explorer customers in cluster 0 show a strong fit for Cashback, Electronics Discounts, Shopping Vouchers based on spend, engagement, and reward behavior.",Moderate uplift in engagement and repeat purchase intent with a clear ROI path.,"Digital Explorer in cluster 0: prioritize Cashback, Electronics Discounts, Shopping Vouchers. Digital Explorer customers in cluster 0 show a strong fit for Cashback, Electronics Discounts, Shopping Vouchers based on spend, engagement, and reward behavior Expected impact: Moderate uplift in engagement and repeat purchase intent with a clear ROI path."
C0039,2,Value Shopper,"[{'reward_name': 'Cashback', 'score': 80.37, 'reason': 'Value Shopper customers respond well to cashback because the offer is aligned to their audio preference and reward behavior.', 'business_benefit': 'Improves loyalty performance and encourages repeat purchases.', 'customer_benefit': 'Helps the customer receive more value from their purchases through cashback.'}, {'reward_name': 'Shopping Vouchers', 'score': 78.67, 'reason': 'Value Shopper customers respond well to shopping vouchers because the offer is aligned to their audio preference and reward behavior.', 'business_benefit': 'Improves loyalty performance and encourages repeat purchases.', 'customer_benefit': 'Helps the customer receive more value from their purchases through shopping vouchers.'}, {'reward_name': 'Travel Cashback', 'score': 78.67, 'reason': 'Value Shopper customers respond well to travel cashback because the offer is aligned to their audio preference and reward behavior.', 'business_benefit': 'Improves loyalty performance and encourages repeat purchases.', 'customer_benefit': 'Helps the customer receive more value from their purchases through travel cashback.'}]","[80.37, 78.67, 78.67]","Value Shopper customers in cluster 2 show a strong fit for Cashback, Shopping Vouchers, Travel Cashback based on spend, engagement, and reward behavior.",Moderate uplift in engagement and repeat purchase intent with a clear ROI path.,"Value Shopper in cluster 2: prioritize Cashback, Shopping Vouchers, Travel Cashback. Value Shopper customers in cluster 2 show a strong fit for Cashback, Shopping Vouchers, Travel Cashback based on spend, engagement, and reward behavior Expected impact: Moderate uplift in engagement and repeat purchase intent with a clear ROI path."
C0040,2,Value Shopper,"[{'reward_name': 'Cashback', 'score': 79.84, 'reason': 'Value Shopper customers respond well to cashback because the offer is aligned to their security preference and reward behavior.', 'business_benefit': 'Improves loyalty performance and encourages repeat purchases.', 'customer_benefit': 'Helps the customer receive more value from their purchases through cashback.'}, {'reward_name': 'Shopping Vouchers', 'score': 78.14, 'reason': 'Value Shopper customers respond well to shopping vouchers because the offer is aligned to their security preference and reward behavior.', 'business_benefit': 'Improves loyalty performance and encourages repeat purchases.', 'customer_benefit': 'Helps the customer receive more value from their purchases through shopping vouchers.'}, {'reward_name': 'Travel Cashback', 'score': 78.14, 'reason': 'Value Shopper customers respond well to travel cashback because the offer is aligned to their security preference and reward behavior.', 'business_benefit': 'Improves loyalty performance and encourages repeat purchases.', 'customer_benefit': 'Helps the customer receive more value from their purchases through travel cashback.'}]","[79.84, 78.14, 78.14]","Value Shopper customers in cluster 2 show a strong fit for Cashback, Shopping Vouchers, Travel Cashback based on spend, engagement, and reward behavior.",Moderate uplift in engagement and repeat purchase intent with a clear ROI path.,"Value Shopper in cluster 2: prioritize Cashback, Shopping Vouchers, Travel Cashback. Value Shopper customers in cluster 2 show a strong fit for Cashback, Shopping Vouchers, Travel Cashback based on spend, engagement, and reward behavior Expected impact: Moderate uplift in engagement and repeat purchase intent with a clear ROI path."
C0041,2,Value Shopper,"[{'reward_name': 'Travel Cashback', 'score': 82.23, 'reason': 'Value Shopper customers respond well to travel cashback because the offer is aligned to their audio preference and reward behavior.', 'business_benefit': 'Improves loyalty performance and encourages repeat purchases.', 'customer_benefit': 'Helps the customer receive more value from their purchases through travel cashback.'}, {'reward_name': 'Cashback', 'score': 80.93, 'reason': 'Value Shopper customers respond well to cashback because the offer is aligned to their audio preference and reward behavior.', 'business_benefit': 'Improves loyalty performance and encourages repeat purchases.', 'customer_benefit': 'Helps the customer receive more value from their purchases through cashback.'}, {'reward_name': 'Shopping Vouchers', 'score': 79.23, 'reason': 'Value Shopper customers respond well to shopping vouchers because the offer is aligned to their audio preference and reward behavior.', 'business_benefit': 'Improves loyalty performance and encourages repeat purchases.', 'customer_benefit': 'Helps the customer receive more value from their purchases through shopping vouchers.'}]","[82.23, 80.93, 79.23]","Value Shopper customers in cluster 2 show a strong fit for Travel Cashback, Cashback, Shopping Vouchers based on spend, engagement, and reward behavior.",Moderate uplift in engagement and repeat purchase intent with a clear ROI path.,"Value Shopper in cluster 2: prioritize Travel Cashback, Cashback, Shopping Vouchers. Value Shopper customers in cluster 2 show a strong fit for Travel Cashback, Cashback, Shopping Vouchers based on spend, engagement, and reward behavior Expected impact: Moderate uplift in engagement and repeat purchase intent with a clear ROI path."
C0042,1,Luxury Lifestyle,"[{'reward_name': 'Airport Lounge Access', 'score': 90.79, 'reason': 'Luxury Lifestyle customers respond well to airport lounge access because the offer is aligned to their smartphone preference and reward behavior.', 'business_benefit': 'Improves loyalty performance and encourages repeat purchases.', 'customer_benefit': 'Helps the customer receive more value from their purchases through airport lounge access.'}, {'reward_name': 'Hotel Discounts', 'score': 89.09, 'reason': 'Luxury Lifestyle customers respond well to hotel discounts because the offer is aligned to their smartphone preference and reward behavior.', 'business_benefit': 'Improves loyalty performance and encourages repeat purchases.', 'customer_benefit': 'Helps the customer receive more value from their purchases through hotel discounts.'}, {'reward_name': 'Lifestyle Offers', 'score': 89.09, 'reason': 'Luxury Lifestyle customers respond well to lifestyle offers because the offer is aligned to their smartphone preference and reward behavior.', 'business_benefit': 'Improves loyalty performance and encourages repeat purchases.', 'customer_benefit': 'Helps the customer receive more value from their purchases through lifestyle offers.'}]","[90.79, 89.09, 89.09]","Luxury Lifestyle customers in cluster 1 show a strong fit for Airport Lounge Access, Hotel Discounts, Lifestyle Offers based on spend, engagement, and reward behavior.",Moderate uplift in engagement and repeat purchase intent with a clear ROI path.,"Luxury Lifestyle in cluster 1: prioritize Airport Lounge Access, Hotel Discounts, Lifestyle Offers. Luxury Lifestyle customers in cluster 1 show a strong fit for Airport Lounge Access, Hotel Discounts, Lifestyle Offers based on spend, engagement, and reward behavior Expected impact: Moderate uplift in engagement and repeat purchase intent with a clear ROI path."
C0043,1,Luxury Lifestyle,"[{'reward_name': 'Airport Lounge Access', 'score': 86.84, 'reason': 'Luxury Lifestyle customers respond well to airport lounge access because the offer is aligned to their audio preference and reward behavior.', 'business_benefit': 'Improves loyalty performance and encourages repeat purchases.', 'customer_benefit': 'Helps the customer receive more value from their purchases through airport lounge access.'}, {'reward_name': 'Hotel Discounts', 'score': 85.14, 'reason': 'Luxury Lifestyle customers respond well to hotel discounts because the offer is aligned to their audio preference and reward behavior.', 'business_benefit': 'Improves loyalty performance and encourages repeat purchases.', 'customer_benefit': 'Helps the customer receive more value from their purchases through hotel discounts.'}, {'reward_name': 'Lifestyle Offers', 'score': 85.14, 'reason': 'Luxury Lifestyle customers respond well to lifestyle offers because the offer is aligned to their audio preference and reward behavior.', 'business_benefit': 'Improves loyalty performance and encourages repeat purchases.', 'customer_benefit': 'Helps the customer receive more value from their purchases through lifestyle offers.'}]","[86.84, 85.14, 85.14]","Luxury Lifestyle customers in cluster 1 show a strong fit for Airport Lounge Access, Hotel Discounts, Lifestyle Offers based on spend, engagement, and reward behavior.",Moderate uplift in engagement and repeat purchase intent with a clear ROI path.,"Luxury Lifestyle in cluster 1: prioritize Airport Lounge Access, Hotel Discounts, Lifestyle Offers. Luxury Lifestyle customers in cluster 1 show a strong fit for Airport Lounge Access, Hotel Discounts, Lifestyle Offers based on spend, engagement, and reward behavior Expected impact: Moderate uplift in engagement and repeat purchase intent with a clear ROI path."
C0044,1,Luxury Lifestyle,"[{'reward_name': 'Airport Lounge Access', 'score': 91.49, 'reason': 'Luxury Lifestyle customers respond well to airport lounge access because the offer is aligned to their audio preference and reward behavior.', 'business_benefit': 'Improves loyalty performance and encourages repeat purchases.', 'customer_benefit': 'Helps the customer receive more value from their purchases through airport lounge access.'}, {'reward_name': 'Hotel Discounts', 'score': 89.79, 'reason': 'Luxury Lifestyle customers respond well to hotel discounts because the offer is aligned to their audio preference and reward behavior.', 'business_benefit': 'Improves loyalty performance and encourages repeat purchases.', 'customer_benefit': 'Helps the customer receive more value from their purchases through hotel discounts.'}, {'reward_name': 'Lifestyle Offers', 'score': 89.79, 'reason': 'Luxury Lifestyle customers respond well to lifestyle offers because the offer is aligned to their audio preference and reward behavior.', 'business_benefit': 'Improves loyalty performance and encourages repeat purchases.', 'customer_benefit': 'Helps the customer receive more value from their purchases through lifestyle offers.'}]","[91.49, 89.79, 89.79]","Luxury Lifestyle customers in cluster 1 show a strong fit for Airport Lounge Access, Hotel Discounts, Lifestyle Offers based on spend, engagement, and reward behavior.",Moderate uplift in engagement and repeat purchase intent with a clear ROI path.,"Luxury Lifestyle in cluster 1: prioritize Airport Lounge Access, Hotel Discounts, Lifestyle Offers. Luxury Lifestyle customers in cluster 1 show a strong fit for Airport Lounge Access, Hotel Discounts, Lifestyle Offers based on spend, engagement, and reward behavior Expected impact: Moderate uplift in engagement and repeat purchase intent with a clear ROI path."
C0045,2,Value Shopper,"[{'reward_name': 'Cashback', 'score': 81.16, 'reason': 'Value Shopper customers respond well to cashback because the offer is aligned to their audio preference and reward behavior.', 'business_benefit': 'Improves loyalty performance and encourages repeat purchases.', 'customer_benefit': 'Helps the customer receive more value from their purchases through cashback.'}, {'reward_name': 'Shopping Vouchers', 'score': 79.46, 'reason': 'Value Shopper customers respond well to shopping vouchers because the offer is aligned to their audio preference and reward behavior.', 'business_benefit': 'Improves loyalty performance and encourages repeat purchases.', 'customer_benefit': 'Helps the customer receive more value from their purchases through shopping vouchers.'}, {'reward_name': 'Travel Cashback', 'score': 79.46, 'reason': 'Value Shopper customers respond well to travel cashback because the offer is aligned to their audio preference and reward behavior.', 'business_benefit': 'Improves loyalty performance and encourages repeat purchases.', 'customer_benefit': 'Helps the customer receive more value from their purchases through travel cashback.'}]","[81.16, 79.46, 79.46]","Value Shopper customers in cluster 2 show a strong fit for Cashback, Shopping Vouchers, Travel Cashback based on spend, engagement, and reward behavior.",Moderate uplift in engagement and repeat purchase intent with a clear ROI path.,"Value Shopper in cluster 2: prioritize Cashback, Shopping Vouchers, Travel Cashback. Value Shopper customers in cluster 2 show a strong fit for Cashback, Shopping Vouchers, Travel Cashback based on spend, engagement, and reward behavior Expected impact: Moderate uplift in engagement and repeat purchase intent with a clear ROI path."
C0046,0,Digital Explorer,"[{'reward_name': 'Cashback', 'score': 78.56, 'reason': 'Digital Explorer customers respond well to cashback because the offer is aligned to their security preference and reward behavior.', 'business_benefit': 'Improves loyalty performance and encourages repeat purchases.', 'customer_benefit': 'Helps the customer receive more value from their purchases through cashback.'}, {'reward_name': 'Electronics Discounts', 'score': 77.36, 'reason': 'Digital Explorer customers respond well to electronics discounts because the offer is aligned to their security preference and reward behavior.', 'business_benefit': 'Improves loyalty performance and encourages repeat purchases.', 'customer_benefit': 'Helps the customer receive more value from their purchases through electronics discounts.'}, {'reward_name': 'Shopping Vouchers', 'score': 76.86, 'reason': 'Digital Explorer customers respond well to shopping vouchers because the offer is aligned to their security preference and reward behavior.', 'business_benefit': 'Improves loyalty performance and encourages repeat purchases.', 'customer_benefit': 'Helps the customer receive more value from their purchases through shopping vouchers.'}]","[78.56, 77.36, 76.86]","Digital Explorer customers in cluster 0 show a strong fit for Cashback, Electronics Discounts, Shopping Vouchers based on spend, engagement, and reward behavior.",Moderate uplift in engagement and repeat purchase intent with a clear ROI path.,"Digital Explorer in cluster 0: prioritize Cashback, Electronics Discounts, Shopping Vouchers. Digital Explorer customers in cluster 0 show a strong fit for Cashback, Electronics Discounts, Shopping Vouchers based on spend, engagement, and reward behavior Expected impact: Moderate uplift in engagement and repeat purchase intent with a clear ROI path."
C0047,1,Luxury Lifestyle,"[{'reward_name': 'Airport Lounge Access', 'score': 87.54, 'reason': 'Luxury Lifestyle customers respond well to airport lounge access because the offer is aligned to their audio preference and reward behavior.', 'business_benefit': 'Improves loyalty performance and encourages repeat purchases.', 'customer_benefit': 'Helps the customer receive more value from their purchases through airport lounge access.'}, {'reward_name': 'Hotel Discounts', 'score': 85.84, 'reason': 'Luxury Lifestyle customers respond well to hotel discounts because the offer is aligned to their audio preference and reward behavior.', 'business_benefit': 'Improves loyalty performance and encourages repeat purchases.', 'customer_benefit': 'Helps the customer receive more value from their purchases through hotel discounts.'}, {'reward_name': 'Lifestyle Offers', 'score': 85.84, 'reason': 'Luxury Lifestyle customers respond well to lifestyle offers because the offer is aligned to their audio preference and reward behavior.', 'business_benefit': 'Improves loyalty performance and encourages repeat purchases.', 'customer_benefit': 'Helps the customer receive more value from their purchases through lifestyle offers.'}]","[87.54, 85.84, 85.84]","Luxury Lifestyle customers in cluster 1 show a strong fit for Airport Lounge Access, Hotel Discounts, Lifestyle Offers based on spend, engagement, and reward behavior.",Moderate uplift in engagement and repeat purchase intent with a clear ROI path.,"Luxury Lifestyle in cluster 1: prioritize Airport Lounge Access, Hotel Discounts, Lifestyle Offers. Luxury Lifestyle customers in cluster 1 show a strong fit for Airport Lounge Access, Hotel Discounts, Lifestyle Offers based on spend, engagement, and reward behavior Expected impact: Moderate uplift in engagement and repeat purchase intent with a clear ROI path."
C0048,0,Digital Explorer,"[{'reward_name': 'Cashback', 'score': 78.07, 'reason': 'Digital Explorer customers respond well to cashback because the offer is aligned to their audio preference and reward behavior.', 'business_benefit': 'Improves loyalty performance and encourages repeat purchases.', 'customer_benefit': 'Helps the customer receive more value from their purchases through cashback.'}, {'reward_name': 'Electronics Discounts', 'score': 76.87, 'reason': 'Digital Explorer customers respond well to electronics discounts because the offer is aligned to their audio preference and reward behavior.', 'business_benefit': 'Improves loyalty performance and encourages repeat purchases.', 'customer_benefit': 'Helps the customer receive more value from their purchases through electronics discounts.'}, {'reward_name': 'Shopping Vouchers', 'score': 76.37, 'reason': 'Digital Explorer customers respond well to shopping vouchers because the offer is aligned to their audio preference and reward behavior.', 'business_benefit': 'Improves loyalty performance and encourages repeat purchases.', 'customer_benefit': 'Helps the customer receive more value from their purchases through shopping vouchers.'}]","[78.07, 76.87, 76.37]","Digital Explorer customers in cluster 0 show a strong fit for Cashback, Electronics Discounts, Shopping Vouchers based on spend, engagement, and reward behavior.",Moderate uplift in engagement and repeat purchase intent with a clear ROI path.,"Digital Explorer in cluster 0: prioritize Cashback, Electronics Discounts, Shopping Vouchers. Digital Explorer customers in cluster 0 show a strong fit for Cashback, Electronics Discounts, Shopping Vouchers based on spend, engagement, and reward behavior Expected impact: Moderate uplift in engagement and repeat purchase intent with a clear ROI path."
C0049,0,Digital Explorer,"[{'reward_name': 'Cashback', 'score': 80.3, 'reason': 'Digital Explorer customers respond well to cashback because the offer is aligned to their audio preference and reward behavior.', 'business_benefit': 'Improves loyalty performance and encourages repeat purchases.', 'customer_benefit': 'Helps the customer receive more value from their purchases through cashback.'}, {'reward_name': 'Electronics Discounts', 'score': 79.1, 'reason': 'Digital Explorer customers respond well to electronics discounts because the offer is aligned to their audio preference and reward behavior.', 'business_benefit': 'Improves loyalty performance and encourages repeat purchases.', 'customer_benefit': 'Helps the customer receive more value from their purchases through electronics discounts.'}, {'reward_name': 'Shopping Vouchers', 'score': 78.6, 'reason': 'Digital Explorer customers respond well to shopping vouchers because the offer is aligned to their audio preference and reward behavior.', 'business_benefit': 'Improves loyalty performance and encourages repeat purchases.', 'customer_benefit': 'Helps the customer receive more value from their purchases through shopping vouchers.'}]","[80.3, 79.1, 78.6]","Digital Explorer customers in cluster 0 show a strong fit for Cashback, Electronics Discounts, Shopping Vouchers based on spend, engagement, and reward behavior.",Moderate uplift in engagement and repeat purchase intent with a clear ROI path.,"Digital Explorer in cluster 0: prioritize Cashback, Electronics Discounts, Shopping Vouchers. Digital Explorer customers in cluster 0 show a strong fit for Cashback, Electronics Discounts, Shopping Vouchers based on spend, engagement, and reward behavior Expected impact: Moderate uplift in engagement and repeat purchase intent with a clear ROI path."
C0050,2,Value Shopper,"[{'reward_name': 'Cashback', 'score': 77.6, 'reason': 'Value Shopper customers respond well to cashback because the offer is aligned to their audio preference and reward behavior.', 'business_benefit': 'Improves loyalty performance and encourages repeat purchases.', 'customer_benefit': 'Helps the customer receive more value from their purchases through cashback.'}, {'reward_name': 'Shopping Vouchers', 'score': 75.9, 'reason': 'Value Shopper customers respond well to shopping vouchers because the offer is aligned to their audio preference and reward behavior.', 'business_benefit': 'Improves loyalty performance and encourages repeat purchases.', 'customer_benefit': 'Helps the customer receive more value from their purchases through shopping vouchers.'}, {'reward_name': 'Travel Cashback', 'score': 75.9, 'reason': 'Value Shopper customers respond well to travel cashback because the offer is aligned to their audio preference and reward behavior.', 'business_benefit': 'Improves loyalty performance and encourages repeat purchases.', 'customer_benefit': 'Helps the customer receive more value from their purchases through travel cashback.'}]","[77.6, 75.9, 75.9]","Value Shopper customers in cluster 2 show a strong fit for Cashback, Shopping Vouchers, Travel Cashback based on spend, engagement, and reward behavior.",Moderate uplift in engagement and repeat purchase intent with a clear ROI path.,"Value Shopper in cluster 2: prioritize Cashback, Shopping Vouchers, Travel Cashback. Value Shopper customers in cluster 2 show a strong fit for Cashback, Shopping Vouchers, Travel Cashback based on spend, engagement, and reward behavior Expected impact: Moderate uplift in engagement and repeat purchase intent with a clear ROI path."
C0051,1,Luxury Lifestyle,"[{'reward_name': 'Airport Lounge Access', 'score': 88.8, 'reason': 'Luxury Lifestyle customers respond well to airport lounge access because the offer is aligned to their smart home preference and reward behavior.', 'business_benefit': 'Improves loyalty performance and encourages repeat purchases.', 'customer_benefit': 'Helps the customer receive more value from their purchases through airport lounge access.'}, {'reward_name': 'Hotel Discounts', 'score': 87.1, 'reason': 'Luxury Lifestyle customers respond well to hotel discounts because the offer is aligned to their smart home preference and reward behavior.', 'business_benefit': 'Improves loyalty performance and encourages repeat purchases.', 'customer_benefit': 'Helps the customer receive more value from their purchases through hotel discounts.'}, {'reward_name': 'Lifestyle Offers', 'score': 87.1, 'reason': 'Luxury Lifestyle customers respond well to lifestyle offers because the offer is aligned to their smart home preference and reward behavior.', 'business_benefit': 'Improves loyalty performance and encourages repeat purchases.', 'customer_benefit': 'Helps the customer receive more value from their purchases through lifestyle offers.'}]","[88.8, 87.1, 87.1]","Luxury Lifestyle customers in cluster 1 show a strong fit for Airport Lounge Access, Hotel Discounts, Lifestyle Offers based on spend, engagement, and reward behavior.",Moderate uplift in engagement and repeat purchase intent with a clear ROI path.,"Luxury Lifestyle in cluster 1: prioritize Airport Lounge Access, Hotel Discounts, Lifestyle Offers. Luxury Lifestyle customers in cluster 1 show a strong fit for Airport Lounge Access, Hotel Discounts, Lifestyle Offers based on spend, engagement, and reward behavior Expected impact: Moderate uplift in engagement and repeat purchase intent with a clear ROI path."
C0052,0,Digital Explorer,"[{'reward_name': 'Electronics Discounts', 'score': 80.03, 'reason': 'Digital Explorer customers respond well to electronics discounts because the offer is aligned to their smart home preference and reward behavior.', 'business_benefit': 'Improves loyalty performance and encourages repeat purchases.', 'customer_benefit': 'Helps the customer receive more value from their purchases through electronics discounts.'}, {'reward_name': 'Travel Cashback', 'score': 79.53, 'reason': 'Digital Explorer customers respond well to travel cashback because the offer is aligned to their smart home preference and reward behavior.', 'business_benefit': 'Improves loyalty performance and encourages repeat purchases.', 'customer_benefit': 'Helps the customer receive more value from their purchases through travel cashback.'}, {'reward_name': 'Cashback', 'score': 78.23, 'reason': 'Digital Explorer customers respond well to cashback because the offer is aligned to their smart home preference and reward behavior.', 'business_benefit': 'Improves loyalty performance and encourages repeat purchases.', 'customer_benefit': 'Helps the customer receive more value from their purchases through cashback.'}]","[80.03, 79.53, 78.23]","Digital Explorer customers in cluster 0 show a strong fit for Electronics Discounts, Travel Cashback, Cashback based on spend, engagement, and reward behavior.",Moderate uplift in engagement and repeat purchase intent with a clear ROI path.,"Digital Explorer in cluster 0: prioritize Electronics Discounts, Travel Cashback, Cashback. Digital Explorer customers in cluster 0 show a strong fit for Electronics Discounts, Travel Cashback, Cashback based on spend, engagement, and reward behavior Expected impact: Moderate uplift in engagement and repeat purchase intent with a clear ROI path."
C0053,1,Luxury Lifestyle,"[{'reward_name': 'Airport Lounge Access', 'score': 86.35, 'reason': 'Luxury Lifestyle customers respond well to airport lounge access because the offer is aligned to their smartphone preference and reward behavior.', 'business_benefit': 'Improves loyalty performance and encourages repeat purchases.', 'customer_benefit': 'Helps the customer receive more value from their purchases through airport lounge access.'}, {'reward_name': 'Hotel Discounts', 'score': 84.65, 'reason': 'Luxury Lifestyle customers respond well to hotel discounts because the offer is aligned to their smartphone preference and reward behavior.', 'business_benefit': 'Improves loyalty performance and encourages repeat purchases.', 'customer_benefit': 'Helps the customer receive more value from their purchases through hotel discounts.'}, {'reward_name': 'Lifestyle Offers', 'score': 84.65, 'reason': 'Luxury Lifestyle customers respond well to lifestyle offers because the offer is aligned to their smartphone preference and reward behavior.', 'business_benefit': 'Improves loyalty performance and encourages repeat purchases.', 'customer_benefit': 'Helps the customer receive more value from their purchases through lifestyle offers.'}]","[86.35, 84.65, 84.65]","Luxury Lifestyle customers in cluster 1 show a strong fit for Airport Lounge Access, Hotel Discounts, Lifestyle Offers based on spend, engagement, and reward behavior.",Moderate uplift in engagement and repeat purchase intent with a clear ROI path.,"Luxury Lifestyle in cluster 1: prioritize Airport Lounge Access, Hotel Discounts, Lifestyle Offers. Luxury Lifestyle customers in cluster 1 show a strong fit for Airport Lounge Access, Hotel Discounts, Lifestyle Offers based on spend, engagement, and reward behavior Expected impact: Moderate uplift in engagement and repeat purchase intent with a clear ROI path."
C0054,2,Value Shopper,"[{'reward_name': 'Travel Cashback', 'score': 79.95, 'reason': 'Value Shopper customers respond well to travel cashback because the offer is aligned to their watch preference and reward behavior.', 'business_benefit': 'Improves loyalty performance and encourages repeat purchases.', 'customer_benefit': 'Helps the customer receive more value from their purchases through travel cashback.'}, {'reward_name': 'Cashback', 'score': 78.65, 'reason': 'Value Shopper customers respond well to cashback because the offer is aligned to their watch preference and reward behavior.', 'business_benefit': 'Improves loyalty performance and encourages repeat purchases.', 'customer_benefit': 'Helps the customer receive more value from their purchases through cashback.'}, {'reward_name': 'Shopping Vouchers', 'score': 76.95, 'reason': 'Value Shopper customers respond well to shopping vouchers because the offer is aligned to their watch preference and reward behavior.', 'business_benefit': 'Improves loyalty performance and encourages repeat purchases.', 'customer_benefit': 'Helps the customer receive more value from their purchases through shopping vouchers.'}]","[79.95, 78.65, 76.95]","Value Shopper customers in cluster 2 show a strong fit for Travel Cashback, Cashback, Shopping Vouchers based on spend, engagement, and reward behavior.",Moderate uplift in engagement and repeat purchase intent with a clear ROI path.,"Value Shopper in cluster 2: prioritize Travel Cashback, Cashback, Shopping Vouchers. Value Shopper customers in cluster 2 show a strong fit for Travel Cashback, Cashback, Shopping Vouchers based on spend, engagement, and reward behavior Expected impact: Moderate uplift in engagement and repeat purchase intent with a clear ROI path."
C0055,2,Value Shopper,"[{'reward_name': 'Cashback', 'score': 81.39, 'reason': 'Value Shopper customers respond well to cashback because the offer is aligned to their speaker preference and reward behavior.', 'business_benefit': 'Improves loyalty performance and encourages repeat purchases.', 'customer_benefit': 'Helps the customer receive more value from their purchases through cashback.'}, {'reward_name': 'Shopping Vouchers', 'score': 79.69, 'reason': 'Value Shopper customers respond well to shopping vouchers because the offer is aligned to their speaker preference and reward behavior.', 'business_benefit': 'Improves loyalty performance and encourages repeat purchases.', 'customer_benefit': 'Helps the customer receive more value from their purchases through shopping vouchers.'}, {'reward_name': 'Travel Cashback', 'score': 79.69, 'reason': 'Value Shopper customers respond well to travel cashback because the offer is aligned to their speaker preference and reward behavior.', 'business_benefit': 'Improves loyalty performance and encourages repeat purchases.', 'customer_benefit': 'Helps the customer receive more value from their purchases through travel cashback.'}]","[81.39, 79.69, 79.69]","Value Shopper customers in cluster 2 show a strong fit for Cashback, Shopping Vouchers, Travel Cashback based on spend, engagement, and reward behavior.",Moderate uplift in engagement and repeat purchase intent with a clear ROI path.,"Value Shopper in cluster 2: prioritize Cashback, Shopping Vouchers, Travel Cashback. Value Shopper customers in cluster 2 show a strong fit for Cashback, Shopping Vouchers, Travel Cashback based on spend, engagement, and reward behavior Expected impact: Moderate uplift in engagement and repeat purchase intent with a clear ROI path."
C0056,1,Luxury Lifestyle,"[{'reward_name': 'Airport Lounge Access', 'score': 93.2, 'reason': 'Luxury Lifestyle customers respond well to airport lounge access because the offer is aligned to their audio preference and reward behavior.', 'business_benefit': 'Improves loyalty performance and encourages repeat purchases.', 'customer_benefit': 'Helps the customer receive more value from their purchases through airport lounge access.'}, {'reward_name': 'Hotel Discounts', 'score': 91.5, 'reason': 'Luxury Lifestyle customers respond well to hotel discounts because the offer is aligned to their audio preference and reward behavior.', 'business_benefit': 'Improves loyalty performance and encourages repeat purchases.', 'customer_benefit': 'Helps the customer receive more value from their purchases through hotel discounts.'}, {'reward_name': 'Lifestyle Offers', 'score': 91.5, 'reason': 'Luxury Lifestyle customers respond well to lifestyle offers because the offer is aligned to their audio preference and reward behavior.', 'business_benefit': 'Improves loyalty performance and encourages repeat purchases.', 'customer_benefit': 'Helps the customer receive more value from their purchases through lifestyle offers.'}]","[93.2, 91.5, 91.5]","Luxury Lifestyle customers in cluster 1 show a strong fit for Airport Lounge Access, Hotel Discounts, Lifestyle Offers based on spend, engagement, and reward behavior.",Moderate uplift in engagement and repeat purchase intent with a clear ROI path.,"Luxury Lifestyle in cluster 1: prioritize Airport Lounge Access, Hotel Discounts, Lifestyle Offers. Luxury Lifestyle customers in cluster 1 show a strong fit for Airport Lounge Access, Hotel Discounts, Lifestyle Offers based on spend, engagement, and reward behavior Expected impact: Moderate uplift in engagement and repeat purchase intent with a clear ROI path."
C0057,1,Luxury Lifestyle,"[{'reward_name': 'Airport Lounge Access', 'score': 92.79, 'reason': 'Luxury Lifestyle customers respond well to airport lounge access because the offer is aligned to their smart home preference and reward behavior.', 'business_benefit': 'Improves loyalty performance and encourages repeat purchases.', 'customer_benefit': 'Helps the customer receive more value from their purchases through airport lounge access.'}, {'reward_name': 'Hotel Discounts', 'score': 91.09, 'reason': 'Luxury Lifestyle customers respond well to hotel discounts because the offer is aligned to their smart home preference and reward behavior.', 'business_benefit': 'Improves loyalty performance and encourages repeat purchases.', 'customer_benefit': 'Helps the customer receive more value from their purchases through hotel discounts.'}, {'reward_name': 'Lifestyle Offers', 'score': 91.09, 'reason': 'Luxury Lifestyle customers respond well to lifestyle offers because the offer is aligned to their smart home preference and reward behavior.', 'business_benefit': 'Improves loyalty performance and encourages repeat purchases.', 'customer_benefit': 'Helps the customer receive more value from their purchases through lifestyle offers.'}]","[92.79, 91.09, 91.09]","Luxury Lifestyle customers in cluster 1 show a strong fit for Airport Lounge Access, Hotel Discounts, Lifestyle Offers based on spend, engagement, and reward behavior.",Moderate uplift in engagement and repeat purchase intent with a clear ROI path.,"Luxury Lifestyle in cluster 1: prioritize Airport Lounge Access, Hotel Discounts, Lifestyle Offers. Luxury Lifestyle customers in cluster 1 show a strong fit for Airport Lounge Access, Hotel Discounts, Lifestyle Offers based on spend, engagement, and reward behavior Expected impact: Moderate uplift in engagement and repeat purchase intent with a clear ROI path."
C0058,1,Luxury Lifestyle,"[{'reward_name': 'Airport Lounge Access', 'score': 87.72, 'reason': 'Luxury Lifestyle customers respond well to airport lounge access because the offer is aligned to their smartphone preference and reward behavior.', 'business_benefit': 'Improves loyalty performance and encourages repeat purchases.', 'customer_benefit': 'Helps the customer receive more value from their purchases through airport lounge access.'}, {'reward_name': 'Hotel Discounts', 'score': 86.02, 'reason': 'Luxury Lifestyle customers respond well to hotel discounts because the offer is aligned to their smartphone preference and reward behavior.', 'business_benefit': 'Improves loyalty performance and encourages repeat purchases.', 'customer_benefit': 'Helps the customer receive more value from their purchases through hotel discounts.'}, {'reward_name': 'Lifestyle Offers', 'score': 86.02, 'reason': 'Luxury Lifestyle customers respond well to lifestyle offers because the offer is aligned to their smartphone preference and reward behavior.', 'business_benefit': 'Improves loyalty performance and encourages repeat purchases.', 'customer_benefit': 'Helps the customer receive more value from their purchases through lifestyle offers.'}]","[87.72, 86.02, 86.02]","Luxury Lifestyle customers in cluster 1 show a strong fit for Airport Lounge Access, Hotel Discounts, Lifestyle Offers based on spend, engagement, and reward behavior.",Moderate uplift in engagement and repeat purchase intent with a clear ROI path.,"Luxury Lifestyle in cluster 1: prioritize Airport Lounge Access, Hotel Discounts, Lifestyle Offers. Luxury Lifestyle customers in cluster 1 show a strong fit for Airport Lounge Access, Hotel Discounts, Lifestyle Offers based on spend, engagement, and reward behavior Expected impact: Moderate uplift in engagement and repeat purchase intent with a clear ROI path."
C0059,1,Luxury Lifestyle,"[{'reward_name': 'Airport Lounge Access', 'score': 88.83, 'reason': 'Luxury Lifestyle customers respond well to airport lounge access because the offer is aligned to their gaming preference and reward behavior.', 'business_benefit': 'Improves loyalty performance and encourages repeat purchases.', 'customer_benefit': 'Helps the customer receive more value from their purchases through airport lounge access.'}, {'reward_name': 'Hotel Discounts', 'score': 87.13, 'reason': 'Luxury Lifestyle customers respond well to hotel discounts because the offer is aligned to their gaming preference and reward behavior.', 'business_benefit': 'Improves loyalty performance and encourages repeat purchases.', 'customer_benefit': 'Helps the customer receive more value from their purchases through hotel discounts.'}, {'reward_name': 'Lifestyle Offers', 'score': 87.13, 'reason': 'Luxury Lifestyle customers respond well to lifestyle offers because the offer is aligned to their gaming preference and reward behavior.', 'business_benefit': 'Improves loyalty performance and encourages repeat purchases.', 'customer_benefit': 'Helps the customer receive more value from their purchases through lifestyle offers.'}]","[88.83, 87.13, 87.13]","Luxury Lifestyle customers in cluster 1 show a strong fit for Airport Lounge Access, Hotel Discounts, Lifestyle Offers based on spend, engagement, and reward behavior.",Moderate uplift in engagement and repeat purchase intent with a clear ROI path.,"Luxury Lifestyle in cluster 1: prioritize Airport Lounge Access, Hotel Discounts, Lifestyle Offers. Luxury Lifestyle customers in cluster 1 show a strong fit for Airport Lounge Access, Hotel Discounts, Lifestyle Offers based on spend, engagement, and reward behavior Expected impact: Moderate uplift in engagement and repeat purchase intent with a clear ROI path."
C0060,1,Luxury Lifestyle,"[{'reward_name': 'Airport Lounge Access', 'score': 90.61, 'reason': 'Luxury Lifestyle customers respond well to airport lounge access because the offer is aligned to their smartphone preference and reward behavior.', 'business_benefit': 'Improves loyalty performance and encourages repeat purchases.', 'customer_benefit': 'Helps the customer receive more value from their purchases through airport lounge access.'}, {'reward_name': 'Hotel Discounts', 'score': 88.91, 'reason': 'Luxury Lifestyle customers respond well to hotel discounts because the offer is aligned to their smartphone preference and reward behavior.', 'business_benefit': 'Improves loyalty performance and encourages repeat purchases.', 'customer_benefit': 'Helps the customer receive more value from their purchases through hotel discounts.'}, {'reward_name': 'Lifestyle Offers', 'score': 88.91, 'reason': 'Luxury Lifestyle customers respond well to lifestyle offers because the offer is aligned to their smartphone preference and reward behavior.', 'business_benefit': 'Improves loyalty performance and encourages repeat purchases.', 'customer_benefit': 'Helps the customer receive more value from their purchases through lifestyle offers.'}]","[90.61, 88.91, 88.91]","Luxury Lifestyle customers in cluster 1 show a strong fit for Airport Lounge Access, Hotel Discounts, Lifestyle Offers based on spend, engagement, and reward behavior.",Moderate uplift in engagement and repeat purchase intent with a clear ROI path.,"Luxury Lifestyle in cluster 1: prioritize Airport Lounge Access, Hotel Discounts, Lifestyle Offers. Luxury Lifestyle customers in cluster 1 show a strong fit for Airport Lounge Access, Hotel Discounts, Lifestyle Offers based on spend, engagement, and reward behavior Expected impact: Moderate uplift in engagement and repeat purchase intent with a clear ROI path."
C0061,1,Luxury Lifestyle,"[{'reward_name': 'Airport Lounge Access', 'score': 88.92, 'reason': 'Luxury Lifestyle customers respond well to airport lounge access because the offer is aligned to their security preference and reward behavior.', 'business_benefit': 'Improves loyalty performance and encourages repeat purchases.', 'customer_benefit': 'Helps the customer receive more value from their purchases through airport lounge access.'}, {'reward_name': 'Hotel Discounts', 'score': 87.22, 'reason': 'Luxury Lifestyle customers respond well to hotel discounts because the offer is aligned to their security preference and reward behavior.', 'business_benefit': 'Improves loyalty performance and encourages repeat purchases.', 'customer_benefit': 'Helps the customer receive more value from their purchases through hotel discounts.'}, {'reward_name': 'Lifestyle Offers', 'score': 87.22, 'reason': 'Luxury Lifestyle customers respond well to lifestyle offers because the offer is aligned to their security preference and reward behavior.', 'business_benefit': 'Improves loyalty performance and encourages repeat purchases.', 'customer_benefit': 'Helps the customer receive more value from their purchases through lifestyle offers.'}]","[88.92, 87.22, 87.22]","Luxury Lifestyle customers in cluster 1 show a strong fit for Airport Lounge Access, Hotel Discounts, Lifestyle Offers based on spend, engagement, and reward behavior.",Moderate uplift in engagement and repeat purchase intent with a clear ROI path.,"Luxury Lifestyle in cluster 1: prioritize Airport Lounge Access, Hotel Discounts, Lifestyle Offers. Luxury Lifestyle customers in cluster 1 show a strong fit for Airport Lounge Access, Hotel Discounts, Lifestyle Offers based on spend, engagement, and reward behavior Expected impact: Moderate uplift in engagement and repeat purchase intent with a clear ROI path."
C0062,1,Luxury Lifestyle,"[{'reward_name': 'Airport Lounge Access', 'score': 85.04, 'reason': 'Luxury Lifestyle customers respond well to airport lounge access because the offer is aligned to their audio preference and reward behavior.', 'business_benefit': 'Improves loyalty performance and encourages repeat purchases.', 'customer_benefit': 'Helps the customer receive more value from their purchases through airport lounge access.'}, {'reward_name': 'Hotel Discounts', 'score': 83.34, 'reason': 'Luxury Lifestyle customers respond well to hotel discounts because the offer is aligned to their audio preference and reward behavior.', 'business_benefit': 'Improves loyalty performance and encourages repeat purchases.', 'customer_benefit': 'Helps the customer receive more value from their purchases through hotel discounts.'}, {'reward_name': 'Lifestyle Offers', 'score': 83.34, 'reason': 'Luxury Lifestyle customers respond well to lifestyle offers because the offer is aligned to their audio preference and reward behavior.', 'business_benefit': 'Improves loyalty performance and encourages repeat purchases.', 'customer_benefit': 'Helps the customer receive more value from their purchases through lifestyle offers.'}]","[85.04, 83.34, 83.34]","Luxury Lifestyle customers in cluster 1 show a strong fit for Airport Lounge Access, Hotel Discounts, Lifestyle Offers based on spend, engagement, and reward behavior.",Moderate uplift in engagement and repeat purchase intent with a clear ROI path.,"Luxury Lifestyle in cluster 1: prioritize Airport Lounge Access, Hotel Discounts, Lifestyle Offers. Luxury Lifestyle customers in cluster 1 show a strong fit for Airport Lounge Access, Hotel Discounts, Lifestyle Offers based on spend, engagement, and reward behavior Expected impact: Moderate uplift in engagement and repeat purchase intent with a clear ROI path."
C0063,0,Digital Explorer,"[{'reward_name': 'Electronics Discounts', 'score': 82.53, 'reason': 'Digital Explorer customers respond well to electronics discounts because the offer is aligned to their audio preference and reward behavior.', 'business_benefit': 'Improves loyalty performance and encourages repeat purchases.', 'customer_benefit': 'Helps the customer receive more value from their purchases through electronics discounts.'}, {'reward_name': 'Travel Cashback', 'score': 82.03, 'reason': 'Digital Explorer customers respond well to travel cashback because the offer is aligned to their audio preference and reward behavior.', 'business_benefit': 'Improves loyalty performance and encourages repeat purchases.', 'customer_benefit': 'Helps the customer receive more value from their purchases through travel cashback.'}, {'reward_name': 'Cashback', 'score': 80.73, 'reason': 'Digital Explorer customers respond well to cashback because the offer is aligned to their audio preference and reward behavior.', 'business_benefit': 'Improves loyalty performance and encourages repeat purchases.', 'customer_benefit': 'Helps the customer receive more value from their purchases through cashback.'}]","[82.53, 82.03, 80.73]","Digital Explorer customers in cluster 0 show a strong fit for Electronics Discounts, Travel Cashback, Cashback based on spend, engagement, and reward behavior.",Moderate uplift in engagement and repeat purchase intent with a clear ROI path.,"Digital Explorer in cluster 0: prioritize Electronics Discounts, Travel Cashback, Cashback. Digital Explorer customers in cluster 0 show a strong fit for Electronics Discounts, Travel Cashback, Cashback based on spend, engagement, and reward behavior Expected impact: Moderate uplift in engagement and repeat purchase intent with a clear ROI path."
C0064,0,Digital Explorer,"[{'reward_name': 'Cashback', 'score': 80.5, 'reason': 'Digital Explorer customers respond well to cashback because the offer is aligned to their smartphone preference and reward behavior.', 'business_benefit': 'Improves loyalty performance and encourages repeat purchases.', 'customer_benefit': 'Helps the customer receive more value from their purchases through cashback.'}, {'reward_name': 'Electronics Discounts', 'score': 79.3, 'reason': 'Digital Explorer customers respond well to electronics discounts because the offer is aligned to their smartphone preference and reward behavior.', 'business_benefit': 'Improves loyalty performance and encourages repeat purchases.', 'customer_benefit': 'Helps the customer receive more value from their purchases through electronics discounts.'}, {'reward_name': 'Shopping Vouchers', 'score': 78.8, 'reason': 'Digital Explorer customers respond well to shopping vouchers because the offer is aligned to their smartphone preference and reward behavior.', 'business_benefit': 'Improves loyalty performance and encourages repeat purchases.', 'customer_benefit': 'Helps the customer receive more value from their purchases through shopping vouchers.'}]","[80.5, 79.3, 78.8]","Digital Explorer customers in cluster 0 show a strong fit for Cashback, Electronics Discounts, Shopping Vouchers based on spend, engagement, and reward behavior.",Moderate uplift in engagement and repeat purchase intent with a clear ROI path.,"Digital Explorer in cluster 0: prioritize Cashback, Electronics Discounts, Shopping Vouchers. Digital Explorer customers in cluster 0 show a strong fit for Cashback, Electronics Discounts, Shopping Vouchers based on spend, engagement, and reward behavior Expected impact: Moderate uplift in engagement and repeat purchase intent with a clear ROI path."
C0065,0,Digital Explorer,"[{'reward_name': 'Electronics Discounts', 'score': 84.34, 'reason': 'Digital Explorer customers respond well to electronics discounts because the offer is aligned to their audio preference and reward behavior.', 'business_benefit': 'Improves loyalty performance and encourages repeat purchases.', 'customer_benefit': 'Helps the customer receive more value from their purchases through electronics discounts.'}, {'reward_name': 'Travel Cashback', 'score': 83.84, 'reason': 'Digital Explorer customers respond well to travel cashback because the offer is aligned to their audio preference and reward behavior.', 'business_benefit': 'Improves loyalty performance and encourages repeat purchases.', 'customer_benefit': 'Helps the customer receive more value from their purchases through travel cashback.'}, {'reward_name': 'Cashback', 'score': 82.54, 'reason': 'Digital Explorer customers respond well to cashback because the offer is aligned to their audio preference and reward behavior.', 'business_benefit': 'Improves loyalty performance and encourages repeat purchases.', 'customer_benefit': 'Helps the customer receive more value from their purchases through cashback.'}]","[84.34, 83.84, 82.54]","Digital Explorer customers in cluster 0 show a strong fit for Electronics Discounts, Travel Cashback, Cashback based on spend, engagement, and reward behavior.",Moderate uplift in engagement and repeat purchase intent with a clear ROI path.,"Digital Explorer in cluster 0: prioritize Electronics Discounts, Travel Cashback, Cashback. Digital Explorer customers in cluster 0 show a strong fit for Electronics Discounts, Travel Cashback, Cashback based on spend, engagement, and reward behavior Expected impact: Moderate uplift in engagement and repeat purchase intent with a clear ROI path."
C0066,1,Luxury Lifestyle,"[{'reward_name': 'Airport Lounge Access', 'score': 86.87, 'reason': 'Luxury Lifestyle customers respond well to airport lounge access because the offer is aligned to their security preference and reward behavior.', 'business_benefit': 'Improves loyalty performance and encourages repeat purchases.', 'customer_benefit': 'Helps the customer receive more value from their purchases through airport lounge access.'}, {'reward_name': 'Hotel Discounts', 'score': 85.17, 'reason': 'Luxury Lifestyle customers respond well to hotel discounts because the offer is aligned to their security preference and reward behavior.', 'business_benefit': 'Improves loyalty performance and encourages repeat purchases.', 'customer_benefit': 'Helps the customer receive more value from their purchases through hotel discounts.'}, {'reward_name': 'Lifestyle Offers', 'score': 85.17, 'reason': 'Luxury Lifestyle customers respond well to lifestyle offers because the offer is aligned to their security preference and reward behavior.', 'business_benefit': 'Improves loyalty performance and encourages repeat purchases.', 'customer_benefit': 'Helps the customer receive more value from their purchases through lifestyle offers.'}]","[86.87, 85.17, 85.17]","Luxury Lifestyle customers in cluster 1 show a strong fit for Airport Lounge Access, Hotel Discounts, Lifestyle Offers based on spend, engagement, and reward behavior.",Moderate uplift in engagement and repeat purchase intent with a clear ROI path.,"Luxury Lifestyle in cluster 1: prioritize Airport Lounge Access, Hotel Discounts, Lifestyle Offers. Luxury Lifestyle customers in cluster 1 show a strong fit for Airport Lounge Access, Hotel Discounts, Lifestyle Offers based on spend, engagement, and reward behavior Expected impact: Moderate uplift in engagement and repeat purchase intent with a clear ROI path."
C0067,2,Value Shopper,"[{'reward_name': 'Cashback', 'score': 81.63, 'reason': 'Value Shopper customers respond well to cashback because the offer is aligned to their audio preference and reward behavior.', 'business_benefit': 'Improves loyalty performance and encourages repeat purchases.', 'customer_benefit': 'Helps the customer receive more value from their purchases through cashback.'}, {'reward_name': 'Shopping Vouchers', 'score': 79.93, 'reason': 'Value Shopper customers respond well to shopping vouchers because the offer is aligned to their audio preference and reward behavior.', 'business_benefit': 'Improves loyalty performance and encourages repeat purchases.', 'customer_benefit': 'Helps the customer receive more value from their purchases through shopping vouchers.'}, {'reward_name': 'Travel Cashback', 'score': 79.93, 'reason': 'Value Shopper customers respond well to travel cashback because the offer is aligned to their audio preference and reward behavior.', 'business_benefit': 'Improves loyalty performance and encourages repeat purchases.', 'customer_benefit': 'Helps the customer receive more value from their purchases through travel cashback.'}]","[81.63, 79.93, 79.93]","Value Shopper customers in cluster 2 show a strong fit for Cashback, Shopping Vouchers, Travel Cashback based on spend, engagement, and reward behavior.",Moderate uplift in engagement and repeat purchase intent with a clear ROI path.,"Value Shopper in cluster 2: prioritize Cashback, Shopping Vouchers, Travel Cashback. Value Shopper customers in cluster 2 show a strong fit for Cashback, Shopping Vouchers, Travel Cashback based on spend, engagement, and reward behavior Expected impact: Moderate uplift in engagement and repeat purchase intent with a clear ROI path."
C0068,0,Digital Explorer,"[{'reward_name': 'Cashback', 'score': 80.11, 'reason': 'Digital Explorer customers respond well to cashback because the offer is aligned to their smart home preference and reward behavior.', 'business_benefit': 'Improves loyalty performance and encourages repeat purchases.', 'customer_benefit': 'Helps the customer receive more value from their purchases through cashback.'}, {'reward_name': 'Electronics Discounts', 'score': 78.91, 'reason': 'Digital Explorer customers respond well to electronics discounts because the offer is aligned to their smart home preference and reward behavior.', 'business_benefit': 'Improves loyalty performance and encourages repeat purchases.', 'customer_benefit': 'Helps the customer receive more value from their purchases through electronics discounts.'}, {'reward_name': 'Shopping Vouchers', 'score': 78.41, 'reason': 'Digital Explorer customers respond well to shopping vouchers because the offer is aligned to their smart home preference and reward behavior.', 'business_benefit': 'Improves loyalty performance and encourages repeat purchases.', 'customer_benefit': 'Helps the customer receive more value from their purchases through shopping vouchers.'}]","[80.11, 78.91, 78.41]","Digital Explorer customers in cluster 0 show a strong fit for Cashback, Electronics Discounts, Shopping Vouchers based on spend, engagement, and reward behavior.",Moderate uplift in engagement and repeat purchase intent with a clear ROI path.,"Digital Explorer in cluster 0: prioritize Cashback, Electronics Discounts, Shopping Vouchers. Digital Explorer customers in cluster 0 show a strong fit for Cashback, Electronics Discounts, Shopping Vouchers based on spend, engagement, and reward behavior Expected impact: Moderate uplift in engagement and repeat purchase intent with a clear ROI path."
C0069,1,Luxury Lifestyle,"[{'reward_name': 'Airport Lounge Access', 'score': 86.7, 'reason': 'Luxury Lifestyle customers respond well to airport lounge access because the offer is aligned to their smart home preference and reward behavior.', 'business_benefit': 'Improves loyalty performance and encourages repeat purchases.', 'customer_benefit': 'Helps the customer receive more value from their purchases through airport lounge access.'}, {'reward_name': 'Hotel Discounts', 'score': 85.0, 'reason': 'Luxury Lifestyle customers respond well to hotel discounts because the offer is aligned to their smart home preference and reward behavior.', 'business_benefit': 'Improves loyalty performance and encourages repeat purchases.', 'customer_benefit': 'Helps the customer receive more value from their purchases through hotel discounts.'}, {'reward_name': 'Lifestyle Offers', 'score': 85.0, 'reason': 'Luxury Lifestyle customers respond well to lifestyle offers because the offer is aligned to their smart home preference and reward behavior.', 'business_benefit': 'Improves loyalty performance and encourages repeat purchases.', 'customer_benefit': 'Helps the customer receive more value from their purchases through lifestyle offers.'}]","[86.7, 85.0, 85.0]","Luxury Lifestyle customers in cluster 1 show a strong fit for Airport Lounge Access, Hotel Discounts, Lifestyle Offers based on spend, engagement, and reward behavior.",Moderate uplift in engagement and repeat purchase intent with a clear ROI path.,"Luxury Lifestyle in cluster 1: prioritize Airport Lounge Access, Hotel Discounts, Lifestyle Offers. Luxury Lifestyle customers in cluster 1 show a strong fit for Airport Lounge Access, Hotel Discounts, Lifestyle Offers based on spend, engagement, and reward behavior Expected impact: Moderate uplift in engagement and repeat purchase intent with a clear ROI path."
C0070,1,Luxury Lifestyle,"[{'reward_name': 'Airport Lounge Access', 'score': 92.28, 'reason': 'Luxury Lifestyle customers respond well to airport lounge access because the offer is aligned to their smart home preference and reward behavior.', 'business_benefit': 'Improves loyalty performance and encourages repeat purchases.', 'customer_benefit': 'Helps the customer receive more value from their purchases through airport lounge access.'}, {'reward_name': 'Hotel Discounts', 'score': 90.58, 'reason': 'Luxury Lifestyle customers respond well to hotel discounts because the offer is aligned to their smart home preference and reward behavior.', 'business_benefit': 'Improves loyalty performance and encourages repeat purchases.', 'customer_benefit': 'Helps the customer receive more value from their purchases through hotel discounts.'}, {'reward_name': 'Lifestyle Offers', 'score': 90.58, 'reason': 'Luxury Lifestyle customers respond well to lifestyle offers because the offer is aligned to their smart home preference and reward behavior.', 'business_benefit': 'Improves loyalty performance and encourages repeat purchases.', 'customer_benefit': 'Helps the customer receive more value from their purchases through lifestyle offers.'}]","[92.28, 90.58, 90.58]","Luxury Lifestyle customers in cluster 1 show a strong fit for Airport Lounge Access, Hotel Discounts, Lifestyle Offers based on spend, engagement, and reward behavior.",Moderate uplift in engagement and repeat purchase intent with a clear ROI path.,"Luxury Lifestyle in cluster 1: prioritize Airport Lounge Access, Hotel Discounts, Lifestyle Offers. Luxury Lifestyle customers in cluster 1 show a strong fit for Airport Lounge Access, Hotel Discounts, Lifestyle Offers based on spend, engagement, and reward behavior Expected impact: Moderate uplift in engagement and repeat purchase intent with a clear ROI path."
C0071,0,Digital Explorer,"[{'reward_name': 'Electronics Discounts', 'score': 83.15, 'reason': 'Digital Explorer customers respond well to electronics discounts because the offer is aligned to their security preference and reward behavior.', 'business_benefit': 'Improves loyalty performance and encourages repeat purchases.', 'customer_benefit': 'Helps the customer receive more value from their purchases through electronics discounts.'}, {'reward_name': 'Travel Cashback', 'score': 82.65, 'reason': 'Digital Explorer customers respond well to travel cashback because the offer is aligned to their security preference and reward behavior.', 'business_benefit': 'Improves loyalty performance and encourages repeat purchases.', 'customer_benefit': 'Helps the customer receive more value from their purchases through travel cashback.'}, {'reward_name': 'Cashback', 'score': 81.35, 'reason': 'Digital Explorer customers respond well to cashback because the offer is aligned to their security preference and reward behavior.', 'business_benefit': 'Improves loyalty performance and encourages repeat purchases.', 'customer_benefit': 'Helps the customer receive more value from their purchases through cashback.'}]","[83.15, 82.65, 81.35]","Digital Explorer customers in cluster 0 show a strong fit for Electronics Discounts, Travel Cashback, Cashback based on spend, engagement, and reward behavior.",Moderate uplift in engagement and repeat purchase intent with a clear ROI path.,"Digital Explorer in cluster 0: prioritize Electronics Discounts, Travel Cashback, Cashback. Digital Explorer customers in cluster 0 show a strong fit for Electronics Discounts, Travel Cashback, Cashback based on spend, engagement, and reward behavior Expected impact: Moderate uplift in engagement and repeat purchase intent with a clear ROI path."
C0072,2,Value Shopper,"[{'reward_name': 'Travel Cashback', 'score': 84.26, 'reason': 'Value Shopper customers respond well to travel cashback because the offer is aligned to their audio preference and reward behavior.', 'business_benefit': 'Improves loyalty performance and encourages repeat purchases.', 'customer_benefit': 'Helps the customer receive more value from their purchases through travel cashback.'}, {'reward_name': 'Cashback', 'score': 82.96, 'reason': 'Value Shopper customers respond well to cashback because the offer is aligned to their audio preference and reward behavior.', 'business_benefit': 'Improves loyalty performance and encourages repeat purchases.', 'customer_benefit': 'Helps the customer receive more value from their purchases through cashback.'}, {'reward_name': 'Shopping Vouchers', 'score': 81.26, 'reason': 'Value Shopper customers respond well to shopping vouchers because the offer is aligned to their audio preference and reward behavior.', 'business_benefit': 'Improves loyalty performance and encourages repeat purchases.', 'customer_benefit': 'Helps the customer receive more value from their purchases through shopping vouchers.'}]","[84.26, 82.96, 81.26]","Value Shopper customers in cluster 2 show a strong fit for Travel Cashback, Cashback, Shopping Vouchers based on spend, engagement, and reward behavior.",Moderate uplift in engagement and repeat purchase intent with a clear ROI path.,"Value Shopper in cluster 2: prioritize Travel Cashback, Cashback, Shopping Vouchers. Value Shopper customers in cluster 2 show a strong fit for Travel Cashback, Cashback, Shopping Vouchers based on spend, engagement, and reward behavior Expected impact: Moderate uplift in engagement and repeat purchase intent with a clear ROI path."
C0073,1,Luxury Lifestyle,"[{'reward_name': 'Airport Lounge Access', 'score': 90.1, 'reason': 'Luxury Lifestyle customers respond well to airport lounge access because the offer is aligned to their speaker preference and reward behavior.', 'business_benefit': 'Improves loyalty performance and encourages repeat purchases.', 'customer_benefit': 'Helps the customer receive more value from their purchases through airport lounge access.'}, {'reward_name': 'Hotel Discounts', 'score': 88.4, 'reason': 'Luxury Lifestyle customers respond well to hotel discounts because the offer is aligned to their speaker preference and reward behavior.', 'business_benefit': 'Improves loyalty performance and encourages repeat purchases.', 'customer_benefit': 'Helps the customer receive more value from their purchases through hotel discounts.'}, {'reward_name': 'Lifestyle Offers', 'score': 88.4, 'reason': 'Luxury Lifestyle customers respond well to lifestyle offers because the offer is aligned to their speaker preference and reward behavior.', 'business_benefit': 'Improves loyalty performance and encourages repeat purchases.', 'customer_benefit': 'Helps the customer receive more value from their purchases through lifestyle offers.'}]","[90.1, 88.4, 88.4]","Luxury Lifestyle customers in cluster 1 show a strong fit for Airport Lounge Access, Hotel Discounts, Lifestyle Offers based on spend, engagement, and reward behavior.",Moderate uplift in engagement and repeat purchase intent with a clear ROI path.,"Luxury Lifestyle in cluster 1: prioritize Airport Lounge Access, Hotel Discounts, Lifestyle Offers. Luxury Lifestyle customers in cluster 1 show a strong fit for Airport Lounge Access, Hotel Discounts, Lifestyle Offers based on spend, engagement, and reward behavior Expected impact: Moderate uplift in engagement and repeat purchase intent with a clear ROI path."
C0074,1,Luxury Lifestyle,"[{'reward_name': 'Airport Lounge Access', 'score': 85.34, 'reason': 'Luxury Lifestyle customers respond well to airport lounge access because the offer is aligned to their tv preference and reward behavior.', 'business_benefit': 'Improves loyalty performance and encourages repeat purchases.', 'customer_benefit': 'Helps the customer receive more value from their purchases through airport lounge access.'}, {'reward_name': 'Hotel Discounts', 'score': 83.64, 'reason': 'Luxury Lifestyle customers respond well to hotel discounts because the offer is aligned to their tv preference and reward behavior.', 'business_benefit': 'Improves loyalty performance and encourages repeat purchases.', 'customer_benefit': 'Helps the customer receive more value from their purchases through hotel discounts.'}, {'reward_name': 'Lifestyle Offers', 'score': 83.64, 'reason': 'Luxury Lifestyle customers respond well to lifestyle offers because the offer is aligned to their tv preference and reward behavior.', 'business_benefit': 'Improves loyalty performance and encourages repeat purchases.', 'customer_benefit': 'Helps the customer receive more value from their purchases through lifestyle offers.'}]","[85.34, 83.64, 83.64]","Luxury Lifestyle customers in cluster 1 show a strong fit for Airport Lounge Access, Hotel Discounts, Lifestyle Offers based on spend, engagement, and reward behavior.",Moderate uplift in engagement and repeat purchase intent with a clear ROI path.,"Luxury Lifestyle in cluster 1: prioritize Airport Lounge Access, Hotel Discounts, Lifestyle Offers. Luxury Lifestyle customers in cluster 1 show a strong fit for Airport Lounge Access, Hotel Discounts, Lifestyle Offers based on spend, engagement, and reward behavior Expected impact: Moderate uplift in engagement and repeat purchase intent with a clear ROI path."
C0075,2,Value Shopper,"[{'reward_name': 'Cashback', 'score': 83.09, 'reason': 'Value Shopper customers respond well to cashback because the offer is aligned to their smart home preference and reward behavior.', 'business_benefit': 'Improves loyalty performance and encourages repeat purchases.', 'customer_benefit': 'Helps the customer receive more value from their purchases through cashback.'}, {'reward_name': 'Shopping Vouchers', 'score': 81.39, 'reason': 'Value Shopper customers respond well to shopping vouchers because the offer is aligned to their smart home preference and reward behavior.', 'business_benefit': 'Improves loyalty performance and encourages repeat purchases.', 'customer_benefit': 'Helps the customer receive more value from their purchases through shopping vouchers.'}, {'reward_name': 'Travel Cashback', 'score': 81.39, 'reason': 'Value Shopper customers respond well to travel cashback because the offer is aligned to their smart home preference and reward behavior.', 'business_benefit': 'Improves loyalty performance and encourages repeat purchases.', 'customer_benefit': 'Helps the customer receive more value from their purchases through travel cashback.'}]","[83.09, 81.39, 81.39]","Value Shopper customers in cluster 2 show a strong fit for Cashback, Shopping Vouchers, Travel Cashback based on spend, engagement, and reward behavior.",Moderate uplift in engagement and repeat purchase intent with a clear ROI path.,"Value Shopper in cluster 2: prioritize Cashback, Shopping Vouchers, Travel Cashback. Value Shopper customers in cluster 2 show a strong fit for Cashback, Shopping Vouchers, Travel Cashback based on spend, engagement, and reward behavior Expected impact: Moderate uplift in engagement and repeat purchase intent with a clear ROI path."
C0076,1,Luxury Lifestyle,"[{'reward_name': 'Airport Lounge Access', 'score': 88.83, 'reason': 'Luxury Lifestyle customers respond well to airport lounge access because the offer is aligned to their smartphone preference and reward behavior.', 'business_benefit': 'Improves loyalty performance and encourages repeat purchases.', 'customer_benefit': 'Helps the customer receive more value from their purchases through airport lounge access.'}, {'reward_name': 'Hotel Discounts', 'score': 87.13, 'reason': 'Luxury Lifestyle customers respond well to hotel discounts because the offer is aligned to their smartphone preference and reward behavior.', 'business_benefit': 'Improves loyalty performance and encourages repeat purchases.', 'customer_benefit': 'Helps the customer receive more value from their purchases through hotel discounts.'}, {'reward_name': 'Lifestyle Offers', 'score': 87.13, 'reason': 'Luxury Lifestyle customers respond well to lifestyle offers because the offer is aligned to their smartphone preference and reward behavior.', 'business_benefit': 'Improves loyalty performance and encourages repeat purchases.', 'customer_benefit': 'Helps the customer receive more value from their purchases through lifestyle offers.'}]","[88.83, 87.13, 87.13]","Luxury Lifestyle customers in cluster 1 show a strong fit for Airport Lounge Access, Hotel Discounts, Lifestyle Offers based on spend, engagement, and reward behavior.",Moderate uplift in engagement and repeat purchase intent with a clear ROI path.,"Luxury Lifestyle in cluster 1: prioritize Airport Lounge Access, Hotel Discounts, Lifestyle Offers. Luxury Lifestyle customers in cluster 1 show a strong fit for Airport Lounge Access, Hotel Discounts, Lifestyle Offers based on spend, engagement, and reward behavior Expected impact: Moderate uplift in engagement and repeat purchase intent with a clear ROI path."
C0077,1,Luxury Lifestyle,"[{'reward_name': 'Airport Lounge Access', 'score': 84.86, 'reason': 'Luxury Lifestyle customers respond well to airport lounge access because the offer is aligned to their tv preference and reward behavior.', 'business_benefit': 'Improves loyalty performance and encourages repeat purchases.', 'customer_benefit': 'Helps the customer receive more value from their purchases through airport lounge access.'}, {'reward_name': 'Hotel Discounts', 'score': 83.16, 'reason': 'Luxury Lifestyle customers respond well to hotel discounts because the offer is aligned to their tv preference and reward behavior.', 'business_benefit': 'Improves loyalty performance and encourages repeat purchases.', 'customer_benefit': 'Helps the customer receive more value from their purchases through hotel discounts.'}, {'reward_name': 'Lifestyle Offers', 'score': 83.16, 'reason': 'Luxury Lifestyle customers respond well to lifestyle offers because the offer is aligned to their tv preference and reward behavior.', 'business_benefit': 'Improves loyalty performance and encourages repeat purchases.', 'customer_benefit': 'Helps the customer receive more value from their purchases through lifestyle offers.'}]","[84.86, 83.16, 83.16]","Luxury Lifestyle customers in cluster 1 show a strong fit for Airport Lounge Access, Hotel Discounts, Lifestyle Offers based on spend, engagement, and reward behavior.",Moderate uplift in engagement and repeat purchase intent with a clear ROI path.,"Luxury Lifestyle in cluster 1: prioritize Airport Lounge Access, Hotel Discounts, Lifestyle Offers. Luxury Lifestyle customers in cluster 1 show a strong fit for Airport Lounge Access, Hotel Discounts, Lifestyle Offers based on spend, engagement, and reward behavior Expected impact: Moderate uplift in engagement and repeat purchase intent with a clear ROI path."
C0078,1,Luxury Lifestyle,"[{'reward_name': 'Airport Lounge Access', 'score': 85.09, 'reason': 'Luxury Lifestyle customers respond well to airport lounge access because the offer is aligned to their smart home preference and reward behavior.', 'business_benefit': 'Improves loyalty performance and encourages repeat purchases.', 'customer_benefit': 'Helps the customer receive more value from their purchases through airport lounge access.'}, {'reward_name': 'Hotel Discounts', 'score': 83.39, 'reason': 'Luxury Lifestyle customers respond well to hotel discounts because the offer is aligned to their smart home preference and reward behavior.', 'business_benefit': 'Improves loyalty performance and encourages repeat purchases.', 'customer_benefit': 'Helps the customer receive more value from their purchases through hotel discounts.'}, {'reward_name': 'Lifestyle Offers', 'score': 83.39, 'reason': 'Luxury Lifestyle customers respond well to lifestyle offers because the offer is aligned to their smart home preference and reward behavior.', 'business_benefit': 'Improves loyalty performance and encourages repeat purchases.', 'customer_benefit': 'Helps the customer receive more value from their purchases through lifestyle offers.'}]","[85.09, 83.39, 83.39]","Luxury Lifestyle customers in cluster 1 show a strong fit for Airport Lounge Access, Hotel Discounts, Lifestyle Offers based on spend, engagement, and reward behavior.",Moderate uplift in engagement and repeat purchase intent with a clear ROI path.,"Luxury Lifestyle in cluster 1: prioritize Airport Lounge Access, Hotel Discounts, Lifestyle Offers. Luxury Lifestyle customers in cluster 1 show a strong fit for Airport Lounge Access, Hotel Discounts, Lifestyle Offers based on spend, engagement, and reward behavior Expected impact: Moderate uplift in engagement and repeat purchase intent with a clear ROI path."
C0079,2,Value Shopper,"[{'reward_name': 'Travel Cashback', 'score': 84.38, 'reason': 'Value Shopper customers respond well to travel cashback because the offer is aligned to their audio preference and reward behavior.', 'business_benefit': 'Improves loyalty performance and encourages repeat purchases.', 'customer_benefit': 'Helps the customer receive more value from their purchases through travel cashback.'}, {'reward_name': 'Cashback', 'score': 83.08, 'reason': 'Value Shopper customers respond well to cashback because the offer is aligned to their audio preference and reward behavior.', 'business_benefit': 'Improves loyalty performance and encourages repeat purchases.', 'customer_benefit': 'Helps the customer receive more value from their purchases through cashback.'}, {'reward_name': 'Shopping Vouchers', 'score': 81.38, 'reason': 'Value Shopper customers respond well to shopping vouchers because the offer is aligned to their audio preference and reward behavior.', 'business_benefit': 'Improves loyalty performance and encourages repeat purchases.', 'customer_benefit': 'Helps the customer receive more value from their purchases through shopping vouchers.'}]","[84.38, 83.08, 81.38]","Value Shopper customers in cluster 2 show a strong fit for Travel Cashback, Cashback, Shopping Vouchers based on spend, engagement, and reward behavior.",Moderate uplift in engagement and repeat purchase intent with a clear ROI path.,"Value Shopper in cluster 2: prioritize Travel Cashback, Cashback, Shopping Vouchers. Value Shopper customers in cluster 2 show a strong fit for Travel Cashback, Cashback, Shopping Vouchers based on spend, engagement, and reward behavior Expected impact: Moderate uplift in engagement and repeat purchase intent with a clear ROI path."
C0080,0,Digital Explorer,"[{'reward_name': 'Cashback', 'score': 78.82, 'reason': 'Digital Explorer customers respond well to cashback because the offer is aligned to their tv preference and reward behavior.', 'business_benefit': 'Improves loyalty performance and encourages repeat purchases.', 'customer_benefit': 'Helps the customer receive more value from their purchases through cashback.'}, {'reward_name': 'Electronics Discounts', 'score': 77.62, 'reason': 'Digital Explorer customers respond well to electronics discounts because the offer is aligned to their tv preference and reward behavior.', 'business_benefit': 'Improves loyalty performance and encourages repeat purchases.', 'customer_benefit': 'Helps the customer receive more value from their purchases through electronics discounts.'}, {'reward_name': 'Shopping Vouchers', 'score': 77.12, 'reason': 'Digital Explorer customers respond well to shopping vouchers because the offer is aligned to their tv preference and reward behavior.', 'business_benefit': 'Improves loyalty performance and encourages repeat purchases.', 'customer_benefit': 'Helps the customer receive more value from their purchases through shopping vouchers.'}]","[78.82, 77.62, 77.12]","Digital Explorer customers in cluster 0 show a strong fit for Cashback, Electronics Discounts, Shopping Vouchers based on spend, engagement, and reward behavior.",Moderate uplift in engagement and repeat purchase intent with a clear ROI path.,"Digital Explorer in cluster 0: prioritize Cashback, Electronics Discounts, Shopping Vouchers. Digital Explorer customers in cluster 0 show a strong fit for Cashback, Electronics Discounts, Shopping Vouchers based on spend, engagement, and reward behavior Expected impact: Moderate uplift in engagement and repeat purchase intent with a clear ROI path."
C0081,0,Digital Explorer,"[{'reward_name': 'Electronics Discounts', 'score': 80.41, 'reason': 'Digital Explorer customers respond well to electronics discounts because the offer is aligned to their security preference and reward behavior.', 'business_benefit': 'Improves loyalty performance and encourages repeat purchases.', 'customer_benefit': 'Helps the customer receive more value from their purchases through electronics discounts.'}, {'reward_name': 'Travel Cashback', 'score': 79.91, 'reason': 'Digital Explorer customers respond well to travel cashback because the offer is aligned to their security preference and reward behavior.', 'business_benefit': 'Improves loyalty performance and encourages repeat purchases.', 'customer_benefit': 'Helps the customer receive more value from their purchases through travel cashback.'}, {'reward_name': 'Cashback', 'score': 78.61, 'reason': 'Digital Explorer customers respond well to cashback because the offer is aligned to their security preference and reward behavior.', 'business_benefit': 'Improves loyalty performance and encourages repeat purchases.', 'customer_benefit': 'Helps the customer receive more value from their purchases through cashback.'}]","[80.41, 79.91, 78.61]","Digital Explorer customers in cluster 0 show a strong fit for Electronics Discounts, Travel Cashback, Cashback based on spend, engagement, and reward behavior.",Moderate uplift in engagement and repeat purchase intent with a clear ROI path.,"Digital Explorer in cluster 0: prioritize Electronics Discounts, Travel Cashback, Cashback. Digital Explorer customers in cluster 0 show a strong fit for Electronics Discounts, Travel Cashback, Cashback based on spend, engagement, and reward behavior Expected impact: Moderate uplift in engagement and repeat purchase intent with a clear ROI path."
C0082,0,Digital Explorer,"[{'reward_name': 'Cashback', 'score': 78.42, 'reason': 'Digital Explorer customers respond well to cashback because the offer is aligned to their audio preference and reward behavior.', 'business_benefit': 'Improves loyalty performance and encourages repeat purchases.', 'customer_benefit': 'Helps the customer receive more value from their purchases through cashback.'}, {'reward_name': 'Electronics Discounts', 'score': 77.22, 'reason': 'Digital Explorer customers respond well to electronics discounts because the offer is aligned to their audio preference and reward behavior.', 'business_benefit': 'Improves loyalty performance and encourages repeat purchases.', 'customer_benefit': 'Helps the customer receive more value from their purchases through electronics discounts.'}, {'reward_name': 'Shopping Vouchers', 'score': 76.72, 'reason': 'Digital Explorer customers respond well to shopping vouchers because the offer is aligned to their audio preference and reward behavior.', 'business_benefit': 'Improves loyalty performance and encourages repeat purchases.', 'customer_benefit': 'Helps the customer receive more value from their purchases through shopping vouchers.'}]","[78.42, 77.22, 76.72]","Digital Explorer customers in cluster 0 show a strong fit for Cashback, Electronics Discounts, Shopping Vouchers based on spend, engagement, and reward behavior.",Moderate uplift in engagement and repeat purchase intent with a clear ROI path.,"Digital Explorer in cluster 0: prioritize Cashback, Electronics Discounts, Shopping Vouchers. Digital Explorer customers in cluster 0 show a strong fit for Cashback, Electronics Discounts, Shopping Vouchers based on spend, engagement, and reward behavior Expected impact: Moderate uplift in engagement and repeat purchase intent with a clear ROI path."
C0083,0,Digital Explorer,"[{'reward_name': 'Electronics Discounts', 'score': 85.43, 'reason': 'Digital Explorer customers respond well to electronics discounts because the offer is aligned to their audio preference and reward behavior.', 'business_benefit': 'Improves loyalty performance and encourages repeat purchases.', 'customer_benefit': 'Helps the customer receive more value from their purchases through electronics discounts.'}, {'reward_name': 'Travel Cashback', 'score': 84.93, 'reason': 'Digital Explorer customers respond well to travel cashback because the offer is aligned to their audio preference and reward behavior.', 'business_benefit': 'Improves loyalty performance and encourages repeat purchases.', 'customer_benefit': 'Helps the customer receive more value from their purchases through travel cashback.'}, {'reward_name': 'Cashback', 'score': 83.63, 'reason': 'Digital Explorer customers respond well to cashback because the offer is aligned to their audio preference and reward behavior.', 'business_benefit': 'Improves loyalty performance and encourages repeat purchases.', 'customer_benefit': 'Helps the customer receive more value from their purchases through cashback.'}]","[85.43, 84.93, 83.63]","Digital Explorer customers in cluster 0 show a strong fit for Electronics Discounts, Travel Cashback, Cashback based on spend, engagement, and reward behavior.",Moderate uplift in engagement and repeat purchase intent with a clear ROI path.,"Digital Explorer in cluster 0: prioritize Electronics Discounts, Travel Cashback, Cashback. Digital Explorer customers in cluster 0 show a strong fit for Electronics Discounts, Travel Cashback, Cashback based on spend, engagement, and reward behavior Expected impact: Moderate uplift in engagement and repeat purchase intent with a clear ROI path."
C0084,2,Value Shopper,"[{'reward_name': 'Cashback', 'score': 81.09, 'reason': 'Value Shopper customers respond well to cashback because the offer is aligned to their smartphone preference and reward behavior.', 'business_benefit': 'Improves loyalty performance and encourages repeat purchases.', 'customer_benefit': 'Helps the customer receive more value from their purchases through cashback.'}, {'reward_name': 'Shopping Vouchers', 'score': 79.39, 'reason': 'Value Shopper customers respond well to shopping vouchers because the offer is aligned to their smartphone preference and reward behavior.', 'business_benefit': 'Improves loyalty performance and encourages repeat purchases.', 'customer_benefit': 'Helps the customer receive more value from their purchases through shopping vouchers.'}, {'reward_name': 'Travel Cashback', 'score': 79.39, 'reason': 'Value Shopper customers respond well to travel cashback because the offer is aligned to their smartphone preference and reward behavior.', 'business_benefit': 'Improves loyalty performance and encourages repeat purchases.', 'customer_benefit': 'Helps the customer receive more value from their purchases through travel cashback.'}]","[81.09, 79.39, 79.39]","Value Shopper customers in cluster 2 show a strong fit for Cashback, Shopping Vouchers, Travel Cashback based on spend, engagement, and reward behavior.",Moderate uplift in engagement and repeat purchase intent with a clear ROI path.,"Value Shopper in cluster 2: prioritize Cashback, Shopping Vouchers, Travel Cashback. Value Shopper customers in cluster 2 show a strong fit for Cashback, Shopping Vouchers, Travel Cashback based on spend, engagement, and reward behavior Expected impact: Moderate uplift in engagement and repeat purchase intent with a clear ROI path."
C0085,1,Luxury Lifestyle,"[{'reward_name': 'Airport Lounge Access', 'score': 87.3, 'reason': 'Luxury Lifestyle customers respond well to airport lounge access because the offer is aligned to their audio preference and reward behavior.', 'business_benefit': 'Improves loyalty performance and encourages repeat purchases.', 'customer_benefit': 'Helps the customer receive more value from their purchases through airport lounge access.'}, {'reward_name': 'Hotel Discounts', 'score': 85.6, 'reason': 'Luxury Lifestyle customers respond well to hotel discounts because the offer is aligned to their audio preference and reward behavior.', 'business_benefit': 'Improves loyalty performance and encourages repeat purchases.', 'customer_benefit': 'Helps the customer receive more value from their purchases through hotel discounts.'}, {'reward_name': 'Lifestyle Offers', 'score': 85.6, 'reason': 'Luxury Lifestyle customers respond well to lifestyle offers because the offer is aligned to their audio preference and reward behavior.', 'business_benefit': 'Improves loyalty performance and encourages repeat purchases.', 'customer_benefit': 'Helps the customer receive more value from their purchases through lifestyle offers.'}]","[87.3, 85.6, 85.6]","Luxury Lifestyle customers in cluster 1 show a strong fit for Airport Lounge Access, Hotel Discounts, Lifestyle Offers based on spend, engagement, and reward behavior.",Moderate uplift in engagement and repeat purchase intent with a clear ROI path.,"Luxury Lifestyle in cluster 1: prioritize Airport Lounge Access, Hotel Discounts, Lifestyle Offers. Luxury Lifestyle customers in cluster 1 show a strong fit for Airport Lounge Access, Hotel Discounts, Lifestyle Offers based on spend, engagement, and reward behavior Expected impact: Moderate uplift in engagement and repeat purchase intent with a clear ROI path."
C0086,1,Luxury Lifestyle,"[{'reward_name': 'Airport Lounge Access', 'score': 85.52, 'reason': 'Luxury Lifestyle customers respond well to airport lounge access because the offer is aligned to their audio preference and reward behavior.', 'business_benefit': 'Improves loyalty performance and encourages repeat purchases.', 'customer_benefit': 'Helps the customer receive more value from their purchases through airport lounge access.'}, {'reward_name': 'Hotel Discounts', 'score': 83.82, 'reason': 'Luxury Lifestyle customers respond well to hotel discounts because the offer is aligned to their audio preference and reward behavior.', 'business_benefit': 'Improves loyalty performance and encourages repeat purchases.', 'customer_benefit': 'Helps the customer receive more value from their purchases through hotel discounts.'}, {'reward_name': 'Lifestyle Offers', 'score': 83.82, 'reason': 'Luxury Lifestyle customers respond well to lifestyle offers because the offer is aligned to their audio preference and reward behavior.', 'business_benefit': 'Improves loyalty performance and encourages repeat purchases.', 'customer_benefit': 'Helps the customer receive more value from their purchases through lifestyle offers.'}]","[85.52, 83.82, 83.82]","Luxury Lifestyle customers in cluster 1 show a strong fit for Airport Lounge Access, Hotel Discounts, Lifestyle Offers based on spend, engagement, and reward behavior.",Moderate uplift in engagement and repeat purchase intent with a clear ROI path.,"Luxury Lifestyle in cluster 1: prioritize Airport Lounge Access, Hotel Discounts, Lifestyle Offers. Luxury Lifestyle customers in cluster 1 show a strong fit for Airport Lounge Access, Hotel Discounts, Lifestyle Offers based on spend, engagement, and reward behavior Expected impact: Moderate uplift in engagement and repeat purchase intent with a clear ROI path."
C0087,0,Digital Explorer,"[{'reward_name': 'Electronics Discounts', 'score': 83.2, 'reason': 'Digital Explorer customers respond well to electronics discounts because the offer is aligned to their audio preference and reward behavior.', 'business_benefit': 'Improves loyalty performance and encourages repeat purchases.', 'customer_benefit': 'Helps the customer receive more value from their purchases through electronics discounts.'}, {'reward_name': 'Travel Cashback', 'score': 82.7, 'reason': 'Digital Explorer customers respond well to travel cashback because the offer is aligned to their audio preference and reward behavior.', 'business_benefit': 'Improves loyalty performance and encourages repeat purchases.', 'customer_benefit': 'Helps the customer receive more value from their purchases through travel cashback.'}, {'reward_name': 'Cashback', 'score': 81.4, 'reason': 'Digital Explorer customers respond well to cashback because the offer is aligned to their audio preference and reward behavior.', 'business_benefit': 'Improves loyalty performance and encourages repeat purchases.', 'customer_benefit': 'Helps the customer receive more value from their purchases through cashback.'}]","[83.2, 82.7, 81.4]","Digital Explorer customers in cluster 0 show a strong fit for Electronics Discounts, Travel Cashback, Cashback based on spend, engagement, and reward behavior.",Moderate uplift in engagement and repeat purchase intent with a clear ROI path.,"Digital Explorer in cluster 0: prioritize Electronics Discounts, Travel Cashback, Cashback. Digital Explorer customers in cluster 0 show a strong fit for Electronics Discounts, Travel Cashback, Cashback based on spend, engagement, and reward behavior Expected impact: Moderate uplift in engagement and repeat purchase intent with a clear ROI path."
C0088,1,Luxury Lifestyle,"[{'reward_name': 'Airport Lounge Access', 'score': 90.79, 'reason': 'Luxury Lifestyle customers respond well to airport lounge access because the offer is aligned to their security preference and reward behavior.', 'business_benefit': 'Improves loyalty performance and encourages repeat purchases.', 'customer_benefit': 'Helps the customer receive more value from their purchases through airport lounge access.'}, {'reward_name': 'Hotel Discounts', 'score': 89.09, 'reason': 'Luxury Lifestyle customers respond well to hotel discounts because the offer is aligned to their security preference and reward behavior.', 'business_benefit': 'Improves loyalty performance and encourages repeat purchases.', 'customer_benefit': 'Helps the customer receive more value from their purchases through hotel discounts.'}, {'reward_name': 'Lifestyle Offers', 'score': 89.09, 'reason': 'Luxury Lifestyle customers respond well to lifestyle offers because the offer is aligned to their security preference and reward behavior.', 'business_benefit': 'Improves loyalty performance and encourages repeat purchases.', 'customer_benefit': 'Helps the customer receive more value from their purchases through lifestyle offers.'}]","[90.79, 89.09, 89.09]","Luxury Lifestyle customers in cluster 1 show a strong fit for Airport Lounge Access, Hotel Discounts, Lifestyle Offers based on spend, engagement, and reward behavior.",Moderate uplift in engagement and repeat purchase intent with a clear ROI path.,"Luxury Lifestyle in cluster 1: prioritize Airport Lounge Access, Hotel Discounts, Lifestyle Offers. Luxury Lifestyle customers in cluster 1 show a strong fit for Airport Lounge Access, Hotel Discounts, Lifestyle Offers based on spend, engagement, and reward behavior Expected impact: Moderate uplift in engagement and repeat purchase intent with a clear ROI path."
C0089,1,Luxury Lifestyle,"[{'reward_name': 'Airport Lounge Access', 'score': 84.89, 'reason': 'Luxury Lifestyle customers respond well to airport lounge access because the offer is aligned to their audio preference and reward behavior.', 'business_benefit': 'Improves loyalty performance and encourages repeat purchases.', 'customer_benefit': 'Helps the customer receive more value from their purchases through airport lounge access.'}, {'reward_name': 'Hotel Discounts', 'score': 83.19, 'reason': 'Luxury Lifestyle customers respond well to hotel discounts because the offer is aligned to their audio preference and reward behavior.', 'business_benefit': 'Improves loyalty performance and encourages repeat purchases.', 'customer_benefit': 'Helps the customer receive more value from their purchases through hotel discounts.'}, {'reward_name': 'Lifestyle Offers', 'score': 83.19, 'reason': 'Luxury Lifestyle customers respond well to lifestyle offers because the offer is aligned to their audio preference and reward behavior.', 'business_benefit': 'Improves loyalty performance and encourages repeat purchases.', 'customer_benefit': 'Helps the customer receive more value from their purchases through lifestyle offers.'}]","[84.89, 83.19, 83.19]","Luxury Lifestyle customers in cluster 1 show a strong fit for Airport Lounge Access, Hotel Discounts, Lifestyle Offers based on spend, engagement, and reward behavior.",Moderate uplift in engagement and repeat purchase intent with a clear ROI path.,"Luxury Lifestyle in cluster 1: prioritize Airport Lounge Access, Hotel Discounts, Lifestyle Offers. Luxury Lifestyle customers in cluster 1 show a strong fit for Airport Lounge Access, Hotel Discounts, Lifestyle Offers based on spend, engagement, and reward behavior Expected impact: Moderate uplift in engagement and repeat purchase intent with a clear ROI path."
C0090,0,Digital Explorer,"[{'reward_name': 'Electronics Discounts', 'score': 82.19, 'reason': 'Digital Explorer customers respond well to electronics discounts because the offer is aligned to their watch preference and reward behavior.', 'business_benefit': 'Improves loyalty performance and encourages repeat purchases.', 'customer_benefit': 'Helps the customer receive more value from their purchases through electronics discounts.'}, {'reward_name': 'Travel Cashback', 'score': 81.69, 'reason': 'Digital Explorer customers respond well to travel cashback because the offer is aligned to their watch preference and reward behavior.', 'business_benefit': 'Improves loyalty performance and encourages repeat purchases.', 'customer_benefit': 'Helps the customer receive more value from their purchases through travel cashback.'}, {'reward_name': 'Cashback', 'score': 80.39, 'reason': 'Digital Explorer customers respond well to cashback because the offer is aligned to their watch preference and reward behavior.', 'business_benefit': 'Improves loyalty performance and encourages repeat purchases.', 'customer_benefit': 'Helps the customer receive more value from their purchases through cashback.'}]","[82.19, 81.69, 80.39]","Digital Explorer customers in cluster 0 show a strong fit for Electronics Discounts, Travel Cashback, Cashback based on spend, engagement, and reward behavior.",Moderate uplift in engagement and repeat purchase intent with a clear ROI path.,"Digital Explorer in cluster 0: prioritize Electronics Discounts, Travel Cashback, Cashback. Digital Explorer customers in cluster 0 show a strong fit for Electronics Discounts, Travel Cashback, Cashback based on spend, engagement, and reward behavior Expected impact: Moderate uplift in engagement and repeat purchase intent with a clear ROI path."
C0091,1,Luxury Lifestyle,"[{'reward_name': 'Airport Lounge Access', 'score': 91.52, 'reason': 'Luxury Lifestyle customers respond well to airport lounge access because the offer is aligned to their audio preference and reward behavior.', 'business_benefit': 'Improves loyalty performance and encourages repeat purchases.', 'customer_benefit': 'Helps the customer receive more value from their purchases through airport lounge access.'}, {'reward_name': 'Hotel Discounts', 'score': 89.82, 'reason': 'Luxury Lifestyle customers respond well to hotel discounts because the offer is aligned to their audio preference and reward behavior.', 'business_benefit': 'Improves loyalty performance and encourages repeat purchases.', 'customer_benefit': 'Helps the customer receive more value from their purchases through hotel discounts.'}, {'reward_name': 'Lifestyle Offers', 'score': 89.82, 'reason': 'Luxury Lifestyle customers respond well to lifestyle offers because the offer is aligned to their audio preference and reward behavior.', 'business_benefit': 'Improves loyalty performance and encourages repeat purchases.', 'customer_benefit': 'Helps the customer receive more value from their purchases through lifestyle offers.'}]","[91.52, 89.82, 89.82]","Luxury Lifestyle customers in cluster 1 show a strong fit for Airport Lounge Access, Hotel Discounts, Lifestyle Offers based on spend, engagement, and reward behavior.",Moderate uplift in engagement and repeat purchase intent with a clear ROI path.,"Luxury Lifestyle in cluster 1: prioritize Airport Lounge Access, Hotel Discounts, Lifestyle Offers. Luxury Lifestyle customers in cluster 1 show a strong fit for Airport Lounge Access, Hotel Discounts, Lifestyle Offers based on spend, engagement, and reward behavior Expected impact: Moderate uplift in engagement and repeat purchase intent with a clear ROI path."
C0092,0,Digital Explorer,"[{'reward_name': 'Cashback', 'score': 78.06, 'reason': 'Digital Explorer customers respond well to cashback because the offer is aligned to their security preference and reward behavior.', 'business_benefit': 'Improves loyalty performance and encourages repeat purchases.', 'customer_benefit': 'Helps the customer receive more value from their purchases through cashback.'}, {'reward_name': 'Electronics Discounts', 'score': 76.86, 'reason': 'Digital Explorer customers respond well to electronics discounts because the offer is aligned to their security preference and reward behavior.', 'business_benefit': 'Improves loyalty performance and encourages repeat purchases.', 'customer_benefit': 'Helps the customer receive more value from their purchases through electronics discounts.'}, {'reward_name': 'Shopping Vouchers', 'score': 76.36, 'reason': 'Digital Explorer customers respond well to shopping vouchers because the offer is aligned to their security preference and reward behavior.', 'business_benefit': 'Improves loyalty performance and encourages repeat purchases.', 'customer_benefit': 'Helps the customer receive more value from their purchases through shopping vouchers.'}]","[78.06, 76.86, 76.36]","Digital Explorer customers in cluster 0 show a strong fit for Cashback, Electronics Discounts, Shopping Vouchers based on spend, engagement, and reward behavior.",Moderate uplift in engagement and repeat purchase intent with a clear ROI path.,"Digital Explorer in cluster 0: prioritize Cashback, Electronics Discounts, Shopping Vouchers. Digital Explorer customers in cluster 0 show a strong fit for Cashback, Electronics Discounts, Shopping Vouchers based on spend, engagement, and reward behavior Expected impact: Moderate uplift in engagement and repeat purchase intent with a clear ROI path."
C0093,2,Value Shopper,"[{'reward_name': 'Cashback', 'score': 80.78, 'reason': 'Value Shopper customers respond well to cashback because the offer is aligned to their security preference and reward behavior.', 'business_benefit': 'Improves loyalty performance and encourages repeat purchases.', 'customer_benefit': 'Helps the customer receive more value from their purchases through cashback.'}, {'reward_name': 'Shopping Vouchers', 'score': 79.08, 'reason': 'Value Shopper customers respond well to shopping vouchers because the offer is aligned to their security preference and reward behavior.', 'business_benefit': 'Improves loyalty performance and encourages repeat purchases.', 'customer_benefit': 'Helps the customer receive more value from their purchases through shopping vouchers.'}, {'reward_name': 'Travel Cashback', 'score': 79.08, 'reason': 'Value Shopper customers respond well to travel cashback because the offer is aligned to their security preference and reward behavior.', 'business_benefit': 'Improves loyalty performance and encourages repeat purchases.', 'customer_benefit': 'Helps the customer receive more value from their purchases through travel cashback.'}]","[80.78, 79.08, 79.08]","Value Shopper customers in cluster 2 show a strong fit for Cashback, Shopping Vouchers, Travel Cashback based on spend, engagement, and reward behavior.",Moderate uplift in engagement and repeat purchase intent with a clear ROI path.,"Value Shopper in cluster 2: prioritize Cashback, Shopping Vouchers, Travel Cashback. Value Shopper customers in cluster 2 show a strong fit for Cashback, Shopping Vouchers, Travel Cashback based on spend, engagement, and reward behavior Expected impact: Moderate uplift in engagement and repeat purchase intent with a clear ROI path."
C0094,1,Luxury Lifestyle,"[{'reward_name': 'Airport Lounge Access', 'score': 91.31, 'reason': 'Luxury Lifestyle customers respond well to airport lounge access because the offer is aligned to their smart home preference and reward behavior.', 'business_benefit': 'Improves loyalty performance and encourages repeat purchases.', 'customer_benefit': 'Helps the customer receive more value from their purchases through airport lounge access.'}, {'reward_name': 'Hotel Discounts', 'score': 89.61, 'reason': 'Luxury Lifestyle customers respond well to hotel discounts because the offer is aligned to their smart home preference and reward behavior.', 'business_benefit': 'Improves loyalty performance and encourages repeat purchases.', 'customer_benefit': 'Helps the customer receive more value from their purchases through hotel discounts.'}, {'reward_name': 'Lifestyle Offers', 'score': 89.61, 'reason': 'Luxury Lifestyle customers respond well to lifestyle offers because the offer is aligned to their smart home preference and reward behavior.', 'business_benefit': 'Improves loyalty performance and encourages repeat purchases.', 'customer_benefit': 'Helps the customer receive more value from their purchases through lifestyle offers.'}]","[91.31, 89.61, 89.61]","Luxury Lifestyle customers in cluster 1 show a strong fit for Airport Lounge Access, Hotel Discounts, Lifestyle Offers based on spend, engagement, and reward behavior.",Moderate uplift in engagement and repeat purchase intent with a clear ROI path.,"Luxury Lifestyle in cluster 1: prioritize Airport Lounge Access, Hotel Discounts, Lifestyle Offers. Luxury Lifestyle customers in cluster 1 show a strong fit for Airport Lounge Access, Hotel Discounts, Lifestyle Offers based on spend, engagement, and reward behavior Expected impact: Moderate uplift in engagement and repeat purchase intent with a clear ROI path."
C0095,2,Value Shopper,"[{'reward_name': 'Cashback', 'score': 79.54, 'reason': 'Value Shopper customers respond well to cashback because the offer is aligned to their gaming preference and reward behavior.', 'business_benefit': 'Improves loyalty performance and encourages repeat purchases.', 'customer_benefit': 'Helps the customer receive more value from their purchases through cashback.'}, {'reward_name': 'Shopping Vouchers', 'score': 77.84, 'reason': 'Value Shopper customers respond well to shopping vouchers because the offer is aligned to their gaming preference and reward behavior.', 'business_benefit': 'Improves loyalty performance and encourages repeat purchases.', 'customer_benefit': 'Helps the customer receive more value from their purchases through shopping vouchers.'}, {'reward_name': 'Travel Cashback', 'score': 77.84, 'reason': 'Value Shopper customers respond well to travel cashback because the offer is aligned to their gaming preference and reward behavior.', 'business_benefit': 'Improves loyalty performance and encourages repeat purchases.', 'customer_benefit': 'Helps the customer receive more value from their purchases through travel cashback.'}]","[79.54, 77.84, 77.84]","Value Shopper customers in cluster 2 show a strong fit for Cashback, Shopping Vouchers, Travel Cashback based on spend, engagement, and reward behavior.",Moderate uplift in engagement and repeat purchase intent with a clear ROI path.,"Value Shopper in cluster 2: prioritize Cashback, Shopping Vouchers, Travel Cashback. Value Shopper customers in cluster 2 show a strong fit for Cashback, Shopping Vouchers, Travel Cashback based on spend, engagement, and reward behavior Expected impact: Moderate uplift in engagement and repeat purchase intent with a clear ROI path."
C0096,1,Luxury Lifestyle,"[{'reward_name': 'Airport Lounge Access', 'score': 87.3, 'reason': 'Luxury Lifestyle customers respond well to airport lounge access because the offer is aligned to their tv preference and reward behavior.', 'business_benefit': 'Improves loyalty performance and encourages repeat purchases.', 'customer_benefit': 'Helps the customer receive more value from their purchases through airport lounge access.'}, {'reward_name': 'Hotel Discounts', 'score': 85.6, 'reason': 'Luxury Lifestyle customers respond well to hotel discounts because the offer is aligned to their tv preference and reward behavior.', 'business_benefit': 'Improves loyalty performance and encourages repeat purchases.', 'customer_benefit': 'Helps the customer receive more value from their purchases through hotel discounts.'}, {'reward_name': 'Lifestyle Offers', 'score': 85.6, 'reason': 'Luxury Lifestyle customers respond well to lifestyle offers because the offer is aligned to their tv preference and reward behavior.', 'business_benefit': 'Improves loyalty performance and encourages repeat purchases.', 'customer_benefit': 'Helps the customer receive more value from their purchases through lifestyle offers.'}]","[87.3, 85.6, 85.6]","Luxury Lifestyle customers in cluster 1 show a strong fit for Airport Lounge Access, Hotel Discounts, Lifestyle Offers based on spend, engagement, and reward behavior.",Moderate uplift in engagement and repeat purchase intent with a clear ROI path.,"Luxury Lifestyle in cluster 1: prioritize Airport Lounge Access, Hotel Discounts, Lifestyle Offers. Luxury Lifestyle customers in cluster 1 show a strong fit for Airport Lounge Access, Hotel Discounts, Lifestyle Offers based on spend, engagement, and reward behavior Expected impact: Moderate uplift in engagement and repeat purchase intent with a clear ROI path."
C0097,0,Digital Explorer,"[{'reward_name': 'Electronics Discounts', 'score': 81.51, 'reason': 'Digital Explorer customers respond well to electronics discounts because the offer is aligned to their security preference and reward behavior.', 'business_benefit': 'Improves loyalty performance and encourages repeat purchases.', 'customer_benefit': 'Helps the customer receive more value from their purchases through electronics discounts.'}, {'reward_name': 'Travel Cashback', 'score': 81.01, 'reason': 'Digital Explorer customers respond well to travel cashback because the offer is aligned to their security preference and reward behavior.', 'business_benefit': 'Improves loyalty performance and encourages repeat purchases.', 'customer_benefit': 'Helps the customer receive more value from their purchases through travel cashback.'}, {'reward_name': 'Cashback', 'score': 79.71, 'reason': 'Digital Explorer customers respond well to cashback because the offer is aligned to their security preference and reward behavior.', 'business_benefit': 'Improves loyalty performance and encourages repeat purchases.', 'customer_benefit': 'Helps the customer receive more value from their purchases through cashback.'}]","[81.51, 81.01, 79.71]","Digital Explorer customers in cluster 0 show a strong fit for Electronics Discounts, Travel Cashback, Cashback based on spend, engagement, and reward behavior.",Moderate uplift in engagement and repeat purchase intent with a clear ROI path.,"Digital Explorer in cluster 0: prioritize Electronics Discounts, Travel Cashback, Cashback. Digital Explorer customers in cluster 0 show a strong fit for Electronics Discounts, Travel Cashback, Cashback based on spend, engagement, and reward behavior Expected impact: Moderate uplift in engagement and repeat purchase intent with a clear ROI path."
C0098,0,Digital Explorer,"[{'reward_name': 'Electronics Discounts', 'score': 80.23, 'reason': 'Digital Explorer customers respond well to electronics discounts because the offer is aligned to their smart home preference and reward behavior.', 'business_benefit': 'Improves loyalty performance and encourages repeat purchases.', 'customer_benefit': 'Helps the customer receive more value from their purchases through electronics discounts.'}, {'reward_name': 'Travel Cashback', 'score': 79.73, 'reason': 'Digital Explorer customers respond well to travel cashback because the offer is aligned to their smart home preference and reward behavior.', 'business_benefit': 'Improves loyalty performance and encourages repeat purchases.', 'customer_benefit': 'Helps the customer receive more value from their purchases through travel cashback.'}, {'reward_name': 'Cashback', 'score': 78.43, 'reason': 'Digital Explorer customers respond well to cashback because the offer is aligned to their smart home preference and reward behavior.', 'business_benefit': 'Improves loyalty performance and encourages repeat purchases.', 'customer_benefit': 'Helps the customer receive more value from their purchases through cashback.'}]","[80.23, 79.73, 78.43]","Digital Explorer customers in cluster 0 show a strong fit for Electronics Discounts, Travel Cashback, Cashback based on spend, engagement, and reward behavior.",Moderate uplift in engagement and repeat purchase intent with a clear ROI path.,"Digital Explorer in cluster 0: prioritize Electronics Discounts, Travel Cashback, Cashback. Digital Explorer customers in cluster 0 show a strong fit for Electronics Discounts, Travel Cashback, Cashback based on spend, engagement, and reward behavior Expected impact: Moderate uplift in engagement and repeat purchase intent with a clear ROI path."
C0099,1,Luxury Lifestyle,"[{'reward_name': 'Airport Lounge Access', 'score': 90.36, 'reason': 'Luxury Lifestyle customers respond well to airport lounge access because the offer is aligned to their security preference and reward behavior.', 'business_benefit': 'Improves loyalty performance and encourages repeat purchases.', 'customer_benefit': 'Helps the customer receive more value from their purchases through airport lounge access.'}, {'reward_name': 'Hotel Discounts', 'score': 88.66, 'reason': 'Luxury Lifestyle customers respond well to hotel discounts because the offer is aligned to their security preference and reward behavior.', 'business_benefit': 'Improves loyalty performance and encourages repeat purchases.', 'customer_benefit': 'Helps the customer receive more value from their purchases through hotel discounts.'}, {'reward_name': 'Lifestyle Offers', 'score': 88.66, 'reason': 'Luxury Lifestyle customers respond well to lifestyle offers because the offer is aligned to their security preference and reward behavior.', 'business_benefit': 'Improves loyalty performance and encourages repeat purchases.', 'customer_benefit': 'Helps the customer receive more value from their purchases through lifestyle offers.'}]","[90.36, 88.66, 88.66]","Luxury Lifestyle customers in cluster 1 show a strong fit for Airport Lounge Access, Hotel Discounts, Lifestyle Offers based on spend, engagement, and reward behavior.",Moderate uplift in engagement and repeat purchase intent with a clear ROI path.,"Luxury Lifestyle in cluster 1: prioritize Airport Lounge Access, Hotel Discounts, Lifestyle Offers. Luxury Lifestyle customers in cluster 1 show a strong fit for Airport Lounge Access, Hotel Discounts, Lifestyle Offers based on spend, engagement, and reward behavior Expected impact: Moderate uplift in engagement and repeat purchase intent with a clear ROI path."
C0100,0,Digital Explorer,"[{'reward_name': 'Electronics Discounts', 'score': 79.0, 'reason': 'Digital Explorer customers respond well to electronics discounts because the offer is aligned to their speaker preference and reward behavior.', 'business_benefit': 'Improves loyalty performance and encourages repeat purchases.', 'customer_benefit': 'Helps the customer receive more value from their purchases through electronics discounts.'}, {'reward_name': 'Shopping Vouchers', 'score': 75.5, 'reason': 'Digital Explorer customers respond well to shopping vouchers because the offer is aligned to their speaker preference and reward behavior.', 'business_benefit': 'Improves loyalty performance and encourages repeat purchases.', 'customer_benefit': 'Helps the customer receive more value from their purchases through shopping vouchers.'}, {'reward_name': 'Airport Lounge Access', 'score': 73.6, 'reason': 'Digital Explorer customers respond well to airport lounge access because the offer is aligned to their speaker preference and reward behavior.', 'business_benefit': 'Improves loyalty performance and encourages repeat purchases.', 'customer_benefit': 'Helps the customer receive more value from their purchases through airport lounge access.'}]","[79.0, 75.5, 73.6]","Digital Explorer customers in cluster 0 show a strong fit for Electronics Discounts, Shopping Vouchers, Airport Lounge Access based on spend, engagement, and reward behavior.",Moderate uplift in engagement and repeat purchase intent with a clear ROI path.,"Digital Explorer in cluster 0: prioritize Electronics Discounts, Shopping Vouchers, Airport Lounge Access. Digital Explorer customers in cluster 0 show a strong fit for Electronics Discounts, Shopping Vouchers, Airport Lounge Access based on spend, engagement, and reward behavior Expected impact: Moderate uplift in engagement and repeat purchase intent with a clear ROI path."
C0101,1,Luxury Lifestyle,"[{'reward_name': 'Airport Lounge Access', 'score': 88.84, 'reason': 'Luxury Lifestyle customers respond well to airport lounge access because the offer is aligned to their audio preference and reward behavior.', 'business_benefit': 'Improves loyalty performance and encourages repeat purchases.', 'customer_benefit': 'Helps the customer receive more value from their purchases through airport lounge access.'}, {'reward_name': 'Hotel Discounts', 'score': 87.14, 'reason': 'Luxury Lifestyle customers respond well to hotel discounts because the offer is aligned to their audio preference and reward behavior.', 'business_benefit': 'Improves loyalty performance and encourages repeat purchases.', 'customer_benefit': 'Helps the customer receive more value from their purchases through hotel discounts.'}, {'reward_name': 'Lifestyle Offers', 'score': 87.14, 'reason': 'Luxury Lifestyle customers respond well to lifestyle offers because the offer is aligned to their audio preference and reward behavior.', 'business_benefit': 'Improves loyalty performance and encourages repeat purchases.', 'customer_benefit': 'Helps the customer receive more value from their purchases through lifestyle offers.'}]","[88.84, 87.14, 87.14]","Luxury Lifestyle customers in cluster 1 show a strong fit for Airport Lounge Access, Hotel Discounts, Lifestyle Offers based on spend, engagement, and reward behavior.",Moderate uplift in engagement and repeat purchase intent with a clear ROI path.,"Luxury Lifestyle in cluster 1: prioritize Airport Lounge Access, Hotel Discounts, Lifestyle Offers. Luxury Lifestyle customers in cluster 1 show a strong fit for Airport Lounge Access, Hotel Discounts, Lifestyle Offers based on spend, engagement, and reward behavior Expected impact: Moderate uplift in engagement and repeat purchase intent with a clear ROI path."
C0102,1,Luxury Lifestyle,"[{'reward_name': 'Airport Lounge Access', 'score': 85.69, 'reason': 'Luxury Lifestyle customers respond well to airport lounge access because the offer is aligned to their tv preference and reward behavior.', 'business_benefit': 'Improves loyalty performance and encourages repeat purchases.', 'customer_benefit': 'Helps the customer receive more value from their purchases through airport lounge access.'}, {'reward_name': 'Hotel Discounts', 'score': 83.99, 'reason': 'Luxury Lifestyle customers respond well to hotel discounts because the offer is aligned to their tv preference and reward behavior.', 'business_benefit': 'Improves loyalty performance and encourages repeat purchases.', 'customer_benefit': 'Helps the customer receive more value from their purchases through hotel discounts.'}, {'reward_name': 'Lifestyle Offers', 'score': 83.99, 'reason': 'Luxury Lifestyle customers respond well to lifestyle offers because the offer is aligned to their tv preference and reward behavior.', 'business_benefit': 'Improves loyalty performance and encourages repeat purchases.', 'customer_benefit': 'Helps the customer receive more value from their purchases through lifestyle offers.'}]","[85.69, 83.99, 83.99]","Luxury Lifestyle customers in cluster 1 show a strong fit for Airport Lounge Access, Hotel Discounts, Lifestyle Offers based on spend, engagement, and reward behavior.",Moderate uplift in engagement and repeat purchase intent with a clear ROI path.,"Luxury Lifestyle in cluster 1: prioritize Airport Lounge Access, Hotel Discounts, Lifestyle Offers. Luxury Lifestyle customers in cluster 1 show a strong fit for Airport Lounge Access, Hotel Discounts, Lifestyle Offers based on spend, engagement, and reward behavior Expected impact: Moderate uplift in engagement and repeat purchase intent with a clear ROI path."
C0103,1,Luxury Lifestyle,"[{'reward_name': 'Airport Lounge Access', 'score': 89.11, 'reason': 'Luxury Lifestyle customers respond well to airport lounge access because the offer is aligned to their gaming preference and reward behavior.', 'business_benefit': 'Improves loyalty performance and encourages repeat purchases.', 'customer_benefit': 'Helps the customer receive more value from their purchases through airport lounge access.'}, {'reward_name': 'Hotel Discounts', 'score': 87.41, 'reason': 'Luxury Lifestyle customers respond well to hotel discounts because the offer is aligned to their gaming preference and reward behavior.', 'business_benefit': 'Improves loyalty performance and encourages repeat purchases.', 'customer_benefit': 'Helps the customer receive more value from their purchases through hotel discounts.'}, {'reward_name': 'Lifestyle Offers', 'score': 87.41, 'reason': 'Luxury Lifestyle customers respond well to lifestyle offers because the offer is aligned to their gaming preference and reward behavior.', 'business_benefit': 'Improves loyalty performance and encourages repeat purchases.', 'customer_benefit': 'Helps the customer receive more value from their purchases through lifestyle offers.'}]","[89.11, 87.41, 87.41]","Luxury Lifestyle customers in cluster 1 show a strong fit for Airport Lounge Access, Hotel Discounts, Lifestyle Offers based on spend, engagement, and reward behavior.",Moderate uplift in engagement and repeat purchase intent with a clear ROI path.,"Luxury Lifestyle in cluster 1: prioritize Airport Lounge Access, Hotel Discounts, Lifestyle Offers. Luxury Lifestyle customers in cluster 1 show a strong fit for Airport Lounge Access, Hotel Discounts, Lifestyle Offers based on spend, engagement, and reward behavior Expected impact: Moderate uplift in engagement and repeat purchase intent with a clear ROI path."
C0104,0,Digital Explorer,"[{'reward_name': 'Cashback', 'score': 80.3, 'reason': 'Digital Explorer customers respond well to cashback because the offer is aligned to their audio preference and reward behavior.', 'business_benefit': 'Improves loyalty performance and encourages repeat purchases.', 'customer_benefit': 'Helps the customer receive more value from their purchases through cashback.'}, {'reward_name': 'Electronics Discounts', 'score': 79.1, 'reason': 'Digital Explorer customers respond well to electronics discounts because the offer is aligned to their audio preference and reward behavior.', 'business_benefit': 'Improves loyalty performance and encourages repeat purchases.', 'customer_benefit': 'Helps the customer receive more value from their purchases through electronics discounts.'}, {'reward_name': 'Shopping Vouchers', 'score': 78.6, 'reason': 'Digital Explorer customers respond well to shopping vouchers because the offer is aligned to their audio preference and reward behavior.', 'business_benefit': 'Improves loyalty performance and encourages repeat purchases.', 'customer_benefit': 'Helps the customer receive more value from their purchases through shopping vouchers.'}]","[80.3, 79.1, 78.6]","Digital Explorer customers in cluster 0 show a strong fit for Cashback, Electronics Discounts, Shopping Vouchers based on spend, engagement, and reward behavior.",Moderate uplift in engagement and repeat purchase intent with a clear ROI path.,"Digital Explorer in cluster 0: prioritize Cashback, Electronics Discounts, Shopping Vouchers. Digital Explorer customers in cluster 0 show a strong fit for Cashback, Electronics Discounts, Shopping Vouchers based on spend, engagement, and reward behavior Expected impact: Moderate uplift in engagement and repeat purchase intent with a clear ROI path."
C0105,1,Luxury Lifestyle,"[{'reward_name': 'Airport Lounge Access', 'score': 81.8, 'reason': 'Luxury Lifestyle customers respond well to airport lounge access because the offer is aligned to their audio preference and reward behavior.', 'business_benefit': 'Improves loyalty performance and encourages repeat purchases.', 'customer_benefit': 'Helps the customer receive more value from their purchases through airport lounge access.'}, {'reward_name': 'Hotel Discounts', 'score': 80.1, 'reason': 'Luxury Lifestyle customers respond well to hotel discounts because the offer is aligned to their audio preference and reward behavior.', 'business_benefit': 'Improves loyalty performance and encourages repeat purchases.', 'customer_benefit': 'Helps the customer receive more value from their purchases through hotel discounts.'}, {'reward_name': 'Lifestyle Offers', 'score': 80.1, 'reason': 'Luxury Lifestyle customers respond well to lifestyle offers because the offer is aligned to their audio preference and reward behavior.', 'business_benefit': 'Improves loyalty performance and encourages repeat purchases.', 'customer_benefit': 'Helps the customer receive more value from their purchases through lifestyle offers.'}]","[81.8, 80.1, 80.1]","Luxury Lifestyle customers in cluster 1 show a strong fit for Airport Lounge Access, Hotel Discounts, Lifestyle Offers based on spend, engagement, and reward behavior.",Moderate uplift in engagement and repeat purchase intent with a clear ROI path.,"Luxury Lifestyle in cluster 1: prioritize Airport Lounge Access, Hotel Discounts, Lifestyle Offers. Luxury Lifestyle customers in cluster 1 show a strong fit for Airport Lounge Access, Hotel Discounts, Lifestyle Offers based on spend, engagement, and reward behavior Expected impact: Moderate uplift in engagement and repeat purchase intent with a clear ROI path."
C0106,0,Digital Explorer,"[{'reward_name': 'Cashback', 'score': 79.33, 'reason': 'Digital Explorer customers respond well to cashback because the offer is aligned to their smart home preference and reward behavior.', 'business_benefit': 'Improves loyalty performance and encourages repeat purchases.', 'customer_benefit': 'Helps the customer receive more value from their purchases through cashback.'}, {'reward_name': 'Electronics Discounts', 'score': 78.13, 'reason': 'Digital Explorer customers respond well to electronics discounts because the offer is aligned to their smart home preference and reward behavior.', 'business_benefit': 'Improves loyalty performance and encourages repeat purchases.', 'customer_benefit': 'Helps the customer receive more value from their purchases through electronics discounts.'}, {'reward_name': 'Shopping Vouchers', 'score': 77.63, 'reason': 'Digital Explorer customers respond well to shopping vouchers because the offer is aligned to their smart home preference and reward behavior.', 'business_benefit': 'Improves loyalty performance and encourages repeat purchases.', 'customer_benefit': 'Helps the customer receive more value from their purchases through shopping vouchers.'}]","[79.33, 78.13, 77.63]","Digital Explorer customers in cluster 0 show a strong fit for Cashback, Electronics Discounts, Shopping Vouchers based on spend, engagement, and reward behavior.",Moderate uplift in engagement and repeat purchase intent with a clear ROI path.,"Digital Explorer in cluster 0: prioritize Cashback, Electronics Discounts, Shopping Vouchers. Digital Explorer customers in cluster 0 show a strong fit for Cashback, Electronics Discounts, Shopping Vouchers based on spend, engagement, and reward behavior Expected impact: Moderate uplift in engagement and repeat purchase intent with a clear ROI path."
C0107,0,Digital Explorer,"[{'reward_name': 'Electronics Discounts', 'score': 83.95, 'reason': 'Digital Explorer customers respond well to electronics discounts because the offer is aligned to their speaker preference and reward behavior.', 'business_benefit': 'Improves loyalty performance and encourages repeat purchases.', 'customer_benefit': 'Helps the customer receive more value from their purchases through electronics discounts.'}, {'reward_name': 'Travel Cashback', 'score': 83.45, 'reason': 'Digital Explorer customers respond well to travel cashback because the offer is aligned to their speaker preference and reward behavior.', 'business_benefit': 'Improves loyalty performance and encourages repeat purchases.', 'customer_benefit': 'Helps the customer receive more value from their purchases through travel cashback.'}, {'reward_name': 'Cashback', 'score': 82.15, 'reason': 'Digital Explorer customers respond well to cashback because the offer is aligned to their speaker preference and reward behavior.', 'business_benefit': 'Improves loyalty performance and encourages repeat purchases.', 'customer_benefit': 'Helps the customer receive more value from their purchases through cashback.'}]","[83.95, 83.45, 82.15]","Digital Explorer customers in cluster 0 show a strong fit for Electronics Discounts, Travel Cashback, Cashback based on spend, engagement, and reward behavior.",Moderate uplift in engagement and repeat purchase intent with a clear ROI path.,"Digital Explorer in cluster 0: prioritize Electronics Discounts, Travel Cashback, Cashback. Digital Explorer customers in cluster 0 show a strong fit for Electronics Discounts, Travel Cashback, Cashback based on spend, engagement, and reward behavior Expected impact: Moderate uplift in engagement and repeat purchase intent with a clear ROI path."
C0108,1,Luxury Lifestyle,"[{'reward_name': 'Airport Lounge Access', 'score': 83.74, 'reason': 'Luxury Lifestyle customers respond well to airport lounge access because the offer is aligned to their audio preference and reward behavior.', 'business_benefit': 'Improves loyalty performance and encourages repeat purchases.', 'customer_benefit': 'Helps the customer receive more value from their purchases through airport lounge access.'}, {'reward_name': 'Hotel Discounts', 'score': 82.04, 'reason': 'Luxury Lifestyle customers respond well to hotel discounts because the offer is aligned to their audio preference and reward behavior.', 'business_benefit': 'Improves loyalty performance and encourages repeat purchases.', 'customer_benefit': 'Helps the customer receive more value from their purchases through hotel discounts.'}, {'reward_name': 'Lifestyle Offers', 'score': 82.04, 'reason': 'Luxury Lifestyle customers respond well to lifestyle offers because the offer is aligned to their audio preference and reward behavior.', 'business_benefit': 'Improves loyalty performance and encourages repeat purchases.', 'customer_benefit': 'Helps the customer receive more value from their purchases through lifestyle offers.'}]","[83.74, 82.04, 82.04]","Luxury Lifestyle customers in cluster 1 show a strong fit for Airport Lounge Access, Hotel Discounts, Lifestyle Offers based on spend, engagement, and reward behavior.",Moderate uplift in engagement and repeat purchase intent with a clear ROI path.,"Luxury Lifestyle in cluster 1: prioritize Airport Lounge Access, Hotel Discounts, Lifestyle Offers. Luxury Lifestyle customers in cluster 1 show a strong fit for Airport Lounge Access, Hotel Discounts, Lifestyle Offers based on spend, engagement, and reward behavior Expected impact: Moderate uplift in engagement and repeat purchase intent with a clear ROI path."
C0109,0,Digital Explorer,"[{'reward_name': 'Cashback', 'score': 78.59, 'reason': 'Digital Explorer customers respond well to cashback because the offer is aligned to their audio preference and reward behavior.', 'business_benefit': 'Improves loyalty performance and encourages repeat purchases.', 'customer_benefit': 'Helps the customer receive more value from their purchases through cashback.'}, {'reward_name': 'Electronics Discounts', 'score': 77.39, 'reason': 'Digital Explorer customers respond well to electronics discounts because the offer is aligned to their audio preference and reward behavior.', 'business_benefit': 'Improves loyalty performance and encourages repeat purchases.', 'customer_benefit': 'Helps the customer receive more value from their purchases through electronics discounts.'}, {'reward_name': 'Shopping Vouchers', 'score': 76.89, 'reason': 'Digital Explorer customers respond well to shopping vouchers because the offer is aligned to their audio preference and reward behavior.', 'business_benefit': 'Improves loyalty performance and encourages repeat purchases.', 'customer_benefit': 'Helps the customer receive more value from their purchases through shopping vouchers.'}]","[78.59, 77.39, 76.89]","Digital Explorer customers in cluster 0 show a strong fit for Cashback, Electronics Discounts, Shopping Vouchers based on spend, engagement, and reward behavior.",Moderate uplift in engagement and repeat purchase intent with a clear ROI path.,"Digital Explorer in cluster 0: prioritize Cashback, Electronics Discounts, Shopping Vouchers. Digital Explorer customers in cluster 0 show a strong fit for Cashback, Electronics Discounts, Shopping Vouchers based on spend, engagement, and reward behavior Expected impact: Moderate uplift in engagement and repeat purchase intent with a clear ROI path."
C0110,1,Luxury Lifestyle,"[{'reward_name': 'Airport Lounge Access', 'score': 86.39, 'reason': 'Luxury Lifestyle customers respond well to airport lounge access because the offer is aligned to their tv preference and reward behavior.', 'business_benefit': 'Improves loyalty performance and encourages repeat purchases.', 'customer_benefit': 'Helps the customer receive more value from their purchases through airport lounge access.'}, {'reward_name': 'Hotel Discounts', 'score': 84.69, 'reason': 'Luxury Lifestyle customers respond well to hotel discounts because the offer is aligned to their tv preference and reward behavior.', 'business_benefit': 'Improves loyalty performance and encourages repeat purchases.', 'customer_benefit': 'Helps the customer receive more value from their purchases through hotel discounts.'}, {'reward_name': 'Lifestyle Offers', 'score': 84.69, 'reason': 'Luxury Lifestyle customers respond well to lifestyle offers because the offer is aligned to their tv preference and reward behavior.', 'business_benefit': 'Improves loyalty performance and encourages repeat purchases.', 'customer_benefit': 'Helps the customer receive more value from their purchases through lifestyle offers.'}]","[86.39, 84.69, 84.69]","Luxury Lifestyle customers in cluster 1 show a strong fit for Airport Lounge Access, Hotel Discounts, Lifestyle Offers based on spend, engagement, and reward behavior.",Moderate uplift in engagement and repeat purchase intent with a clear ROI path.,"Luxury Lifestyle in cluster 1: prioritize Airport Lounge Access, Hotel Discounts, Lifestyle Offers. Luxury Lifestyle customers in cluster 1 show a strong fit for Airport Lounge Access, Hotel Discounts, Lifestyle Offers based on spend, engagement, and reward behavior Expected impact: Moderate uplift in engagement and repeat purchase intent with a clear ROI path."
C0111,0,Digital Explorer,"[{'reward_name': 'Electronics Discounts', 'score': 81.97, 'reason': 'Digital Explorer customers respond well to electronics discounts because the offer is aligned to their audio preference and reward behavior.', 'business_benefit': 'Improves loyalty performance and encourages repeat purchases.', 'customer_benefit': 'Helps the customer receive more value from their purchases through electronics discounts.'}, {'reward_name': 'Travel Cashback', 'score': 81.47, 'reason': 'Digital Explorer customers respond well to travel cashback because the offer is aligned to their audio preference and reward behavior.', 'business_benefit': 'Improves loyalty performance and encourages repeat purchases.', 'customer_benefit': 'Helps the customer receive more value from their purchases through travel cashback.'}, {'reward_name': 'Cashback', 'score': 80.17, 'reason': 'Digital Explorer customers respond well to cashback because the offer is aligned to their audio preference and reward behavior.', 'business_benefit': 'Improves loyalty performance and encourages repeat purchases.', 'customer_benefit': 'Helps the customer receive more value from their purchases through cashback.'}]","[81.97, 81.47, 80.17]","Digital Explorer customers in cluster 0 show a strong fit for Electronics Discounts, Travel Cashback, Cashback based on spend, engagement, and reward behavior.",Moderate uplift in engagement and repeat purchase intent with a clear ROI path.,"Digital Explorer in cluster 0: prioritize Electronics Discounts, Travel Cashback, Cashback. Digital Explorer customers in cluster 0 show a strong fit for Electronics Discounts, Travel Cashback, Cashback based on spend, engagement, and reward behavior Expected impact: Moderate uplift in engagement and repeat purchase intent with a clear ROI path."
C0112,2,Value Shopper,"[{'reward_name': 'Cashback', 'score': 80.04, 'reason': 'Value Shopper customers respond well to cashback because the offer is aligned to their gaming preference and reward behavior.', 'business_benefit': 'Improves loyalty performance and encourages repeat purchases.', 'customer_benefit': 'Helps the customer receive more value from their purchases through cashback.'}, {'reward_name': 'Shopping Vouchers', 'score': 78.34, 'reason': 'Value Shopper customers respond well to shopping vouchers because the offer is aligned to their gaming preference and reward behavior.', 'business_benefit': 'Improves loyalty performance and encourages repeat purchases.', 'customer_benefit': 'Helps the customer receive more value from their purchases through shopping vouchers.'}, {'reward_name': 'Reward Points', 'score': 77.84, 'reason': 'Value Shopper customers respond well to reward points because the offer is aligned to their gaming preference and reward behavior.', 'business_benefit': 'Improves loyalty performance and encourages repeat purchases.', 'customer_benefit': 'Helps the customer receive more value from their purchases through reward points.'}]","[80.04, 78.34, 77.84]","Value Shopper customers in cluster 2 show a strong fit for Cashback, Shopping Vouchers, Reward Points based on spend, engagement, and reward behavior.",Moderate uplift in engagement and repeat purchase intent with a clear ROI path.,"Value Shopper in cluster 2: prioritize Cashback, Shopping Vouchers, Reward Points. Value Shopper customers in cluster 2 show a strong fit for Cashback, Shopping Vouchers, Reward Points based on spend, engagement, and reward behavior Expected impact: Moderate uplift in engagement and repeat purchase intent with a clear ROI path."
C0113,0,Digital Explorer,"[{'reward_name': 'Electronics Discounts', 'score': 83.45, 'reason': 'Digital Explorer customers respond well to electronics discounts because the offer is aligned to their security preference and reward behavior.', 'business_benefit': 'Improves loyalty performance and encourages repeat purchases.', 'customer_benefit': 'Helps the customer receive more value from their purchases through electronics discounts.'}, {'reward_name': 'Travel Cashback', 'score': 82.95, 'reason': 'Digital Explorer customers respond well to travel cashback because the offer is aligned to their security preference and reward behavior.', 'business_benefit': 'Improves loyalty performance and encourages repeat purchases.', 'customer_benefit': 'Helps the customer receive more value from their purchases through travel cashback.'}, {'reward_name': 'Cashback', 'score': 81.65, 'reason': 'Digital Explorer customers respond well to cashback because the offer is aligned to their security preference and reward behavior.', 'business_benefit': 'Improves loyalty performance and encourages repeat purchases.', 'customer_benefit': 'Helps the customer receive more value from their purchases through cashback.'}]","[83.45, 82.95, 81.65]","Digital Explorer customers in cluster 0 show a strong fit for Electronics Discounts, Travel Cashback, Cashback based on spend, engagement, and reward behavior.",Moderate uplift in engagement and repeat purchase intent with a clear ROI path.,"Digital Explorer in cluster 0: prioritize Electronics Discounts, Travel Cashback, Cashback. Digital Explorer customers in cluster 0 show a strong fit for Electronics Discounts, Travel Cashback, Cashback based on spend, engagement, and reward behavior Expected impact: Moderate uplift in engagement and repeat purchase intent with a clear ROI path."
C0114,2,Value Shopper,"[{'reward_name': 'Cashback', 'score': 81.22, 'reason': 'Value Shopper customers respond well to cashback because the offer is aligned to their gaming preference and reward behavior.', 'business_benefit': 'Improves loyalty performance and encourages repeat purchases.', 'customer_benefit': 'Helps the customer receive more value from their purchases through cashback.'}, {'reward_name': 'Shopping Vouchers', 'score': 79.52, 'reason': 'Value Shopper customers respond well to shopping vouchers because the offer is aligned to their gaming preference and reward behavior.', 'business_benefit': 'Improves loyalty performance and encourages repeat purchases.', 'customer_benefit': 'Helps the customer receive more value from their purchases through shopping vouchers.'}, {'reward_name': 'Travel Cashback', 'score': 79.52, 'reason': 'Value Shopper customers respond well to travel cashback because the offer is aligned to their gaming preference and reward behavior.', 'business_benefit': 'Improves loyalty performance and encourages repeat purchases.', 'customer_benefit': 'Helps the customer receive more value from their purchases through travel cashback.'}]","[81.22, 79.52, 79.52]","Value Shopper customers in cluster 2 show a strong fit for Cashback, Shopping Vouchers, Travel Cashback based on spend, engagement, and reward behavior.",Moderate uplift in engagement and repeat purchase intent with a clear ROI path.,"Value Shopper in cluster 2: prioritize Cashback, Shopping Vouchers, Travel Cashback. Value Shopper customers in cluster 2 show a strong fit for Cashback, Shopping Vouchers, Travel Cashback based on spend, engagement, and reward behavior Expected impact: Moderate uplift in engagement and repeat purchase intent with a clear ROI path."
C0115,1,Luxury Lifestyle,"[{'reward_name': 'Airport Lounge Access', 'score': 87.1, 'reason': 'Luxury Lifestyle customers respond well to airport lounge access because the offer is aligned to their smartphone preference and reward behavior.', 'business_benefit': 'Improves loyalty performance and encourages repeat purchases.', 'customer_benefit': 'Helps the customer receive more value from their purchases through airport lounge access.'}, {'reward_name': 'Hotel Discounts', 'score': 85.4, 'reason': 'Luxury Lifestyle customers respond well to hotel discounts because the offer is aligned to their smartphone preference and reward behavior.', 'business_benefit': 'Improves loyalty performance and encourages repeat purchases.', 'customer_benefit': 'Helps the customer receive more value from their purchases through hotel discounts.'}, {'reward_name': 'Lifestyle Offers', 'score': 85.4, 'reason': 'Luxury Lifestyle customers respond well to lifestyle offers because the offer is aligned to their smartphone preference and reward behavior.', 'business_benefit': 'Improves loyalty performance and encourages repeat purchases.', 'customer_benefit': 'Helps the customer receive more value from their purchases through lifestyle offers.'}]","[87.1, 85.4, 85.4]","Luxury Lifestyle customers in cluster 1 show a strong fit for Airport Lounge Access, Hotel Discounts, Lifestyle Offers based on spend, engagement, and reward behavior.",Moderate uplift in engagement and repeat purchase intent with a clear ROI path.,"Luxury Lifestyle in cluster 1: prioritize Airport Lounge Access, Hotel Discounts, Lifestyle Offers. Luxury Lifestyle customers in cluster 1 show a strong fit for Airport Lounge Access, Hotel Discounts, Lifestyle Offers based on spend, engagement, and reward behavior Expected impact: Moderate uplift in engagement and repeat purchase intent with a clear ROI path."
C0116,1,Luxury Lifestyle,"[{'reward_name': 'Airport Lounge Access', 'score': 92.26, 'reason': 'Luxury Lifestyle customers respond well to airport lounge access because the offer is aligned to their audio preference and reward behavior.', 'business_benefit': 'Improves loyalty performance and encourages repeat purchases.', 'customer_benefit': 'Helps the customer receive more value from their purchases through airport lounge access.'}, {'reward_name': 'Hotel Discounts', 'score': 90.56, 'reason': 'Luxury Lifestyle customers respond well to hotel discounts because the offer is aligned to their audio preference and reward behavior.', 'business_benefit': 'Improves loyalty performance and encourages repeat purchases.', 'customer_benefit': 'Helps the customer receive more value from their purchases through hotel discounts.'}, {'reward_name': 'Lifestyle Offers', 'score': 90.56, 'reason': 'Luxury Lifestyle customers respond well to lifestyle offers because the offer is aligned to their audio preference and reward behavior.', 'business_benefit': 'Improves loyalty performance and encourages repeat purchases.', 'customer_benefit': 'Helps the customer receive more value from their purchases through lifestyle offers.'}]","[92.26, 90.56, 90.56]","Luxury Lifestyle customers in cluster 1 show a strong fit for Airport Lounge Access, Hotel Discounts, Lifestyle Offers based on spend, engagement, and reward behavior.",Moderate uplift in engagement and repeat purchase intent with a clear ROI path.,"Luxury Lifestyle in cluster 1: prioritize Airport Lounge Access, Hotel Discounts, Lifestyle Offers. Luxury Lifestyle customers in cluster 1 show a strong fit for Airport Lounge Access, Hotel Discounts, Lifestyle Offers based on spend, engagement, and reward behavior Expected impact: Moderate uplift in engagement and repeat purchase intent with a clear ROI path."
C0117,1,Luxury Lifestyle,"[{'reward_name': 'Airport Lounge Access', 'score': 85.98, 'reason': 'Luxury Lifestyle customers respond well to airport lounge access because the offer is aligned to their tv preference and reward behavior.', 'business_benefit': 'Improves loyalty performance and encourages repeat purchases.', 'customer_benefit': 'Helps the customer receive more value from their purchases through airport lounge access.'}, {'reward_name': 'Hotel Discounts', 'score': 84.28, 'reason': 'Luxury Lifestyle customers respond well to hotel discounts because the offer is aligned to their tv preference and reward behavior.', 'business_benefit': 'Improves loyalty performance and encourages repeat purchases.', 'customer_benefit': 'Helps the customer receive more value from their purchases through hotel discounts.'}, {'reward_name': 'Lifestyle Offers', 'score': 84.28, 'reason': 'Luxury Lifestyle customers respond well to lifestyle offers because the offer is aligned to their tv preference and reward behavior.', 'business_benefit': 'Improves loyalty performance and encourages repeat purchases.', 'customer_benefit': 'Helps the customer receive more value from their purchases through lifestyle offers.'}]","[85.98, 84.28, 84.28]","Luxury Lifestyle customers in cluster 1 show a strong fit for Airport Lounge Access, Hotel Discounts, Lifestyle Offers based on spend, engagement, and reward behavior.",Moderate uplift in engagement and repeat purchase intent with a clear ROI path.,"Luxury Lifestyle in cluster 1: prioritize Airport Lounge Access, Hotel Discounts, Lifestyle Offers. Luxury Lifestyle customers in cluster 1 show a strong fit for Airport Lounge Access, Hotel Discounts, Lifestyle Offers based on spend, engagement, and reward behavior Expected impact: Moderate uplift in engagement and repeat purchase intent with a clear ROI path."
C0118,1,Luxury Lifestyle,"[{'reward_name': 'Airport Lounge Access', 'score': 86.31, 'reason': 'Luxury Lifestyle customers respond well to airport lounge access because the offer is aligned to their security preference and reward behavior.', 'business_benefit': 'Improves loyalty performance and encourages repeat purchases.', 'customer_benefit': 'Helps the customer receive more value from their purchases through airport lounge access.'}, {'reward_name': 'Hotel Discounts', 'score': 84.61, 'reason': 'Luxury Lifestyle customers respond well to hotel discounts because the offer is aligned to their security preference and reward behavior.', 'business_benefit': 'Improves loyalty performance and encourages repeat purchases.', 'customer_benefit': 'Helps the customer receive more value from their purchases through hotel discounts.'}, {'reward_name': 'Lifestyle Offers', 'score': 84.61, 'reason': 'Luxury Lifestyle customers respond well to lifestyle offers because the offer is aligned to their security preference and reward behavior.', 'business_benefit': 'Improves loyalty performance and encourages repeat purchases.', 'customer_benefit': 'Helps the customer receive more value from their purchases through lifestyle offers.'}]","[86.31, 84.61, 84.61]","Luxury Lifestyle customers in cluster 1 show a strong fit for Airport Lounge Access, Hotel Discounts, Lifestyle Offers based on spend, engagement, and reward behavior.",Moderate uplift in engagement and repeat purchase intent with a clear ROI path.,"Luxury Lifestyle in cluster 1: prioritize Airport Lounge Access, Hotel Discounts, Lifestyle Offers. Luxury Lifestyle customers in cluster 1 show a strong fit for Airport Lounge Access, Hotel Discounts, Lifestyle Offers based on spend, engagement, and reward behavior Expected impact: Moderate uplift in engagement and repeat purchase intent with a clear ROI path."
C0119,1,Luxury Lifestyle,"[{'reward_name': 'Airport Lounge Access', 'score': 88.96, 'reason': 'Luxury Lifestyle customers respond well to airport lounge access because the offer is aligned to their audio preference and reward behavior.', 'business_benefit': 'Improves loyalty performance and encourages repeat purchases.', 'customer_benefit': 'Helps the customer receive more value from their purchases through airport lounge access.'}, {'reward_name': 'Hotel Discounts', 'score': 87.26, 'reason': 'Luxury Lifestyle customers respond well to hotel discounts because the offer is aligned to their audio preference and reward behavior.', 'business_benefit': 'Improves loyalty performance and encourages repeat purchases.', 'customer_benefit': 'Helps the customer receive more value from their purchases through hotel discounts.'}, {'reward_name': 'Lifestyle Offers', 'score': 87.26, 'reason': 'Luxury Lifestyle customers respond well to lifestyle offers because the offer is aligned to their audio preference and reward behavior.', 'business_benefit': 'Improves loyalty performance and encourages repeat purchases.', 'customer_benefit': 'Helps the customer receive more value from their purchases through lifestyle offers.'}]","[88.96, 87.26, 87.26]","Luxury Lifestyle customers in cluster 1 show a strong fit for Airport Lounge Access, Hotel Discounts, Lifestyle Offers based on spend, engagement, and reward behavior.",Moderate uplift in engagement and repeat purchase intent with a clear ROI path.,"Luxury Lifestyle in cluster 1: prioritize Airport Lounge Access, Hotel Discounts, Lifestyle Offers. Luxury Lifestyle customers in cluster 1 show a strong fit for Airport Lounge Access, Hotel Discounts, Lifestyle Offers based on spend, engagement, and reward behavior Expected impact: Moderate uplift in engagement and repeat purchase intent with a clear ROI path."
C0120,0,Digital Explorer,"[{'reward_name': 'Electronics Discounts', 'score': 83.21, 'reason': 'Digital Explorer customers respond well to electronics discounts because the offer is aligned to their tv preference and reward behavior.', 'business_benefit': 'Improves loyalty performance and encourages repeat purchases.', 'customer_benefit': 'Helps the customer receive more value from their purchases through electronics discounts.'}, {'reward_name': 'Travel Cashback', 'score': 82.71, 'reason': 'Digital Explorer customers respond well to travel cashback because the offer is aligned to their tv preference and reward behavior.', 'business_benefit': 'Improves loyalty performance and encourages repeat purchases.', 'customer_benefit': 'Helps the customer receive more value from their purchases through travel cashback.'}, {'reward_name': 'Cashback', 'score': 81.41, 'reason': 'Digital Explorer customers respond well to cashback because the offer is aligned to their tv preference and reward behavior.', 'business_benefit': 'Improves loyalty performance and encourages repeat purchases.', 'customer_benefit': 'Helps the customer receive more value from their purchases through cashback.'}]","[83.21, 82.71, 81.41]","Digital Explorer customers in cluster 0 show a strong fit for Electronics Discounts, Travel Cashback, Cashback based on spend, engagement, and reward behavior.",Moderate uplift in engagement and repeat purchase intent with a clear ROI path.,"Digital Explorer in cluster 0: prioritize Electronics Discounts, Travel Cashback, Cashback. Digital Explorer customers in cluster 0 show a strong fit for Electronics Discounts, Travel Cashback, Cashback based on spend, engagement, and reward behavior Expected impact: Moderate uplift in engagement and repeat purchase intent with a clear ROI path."
C0121,0,Digital Explorer,"[{'reward_name': 'Electronics Discounts', 'score': 84.32, 'reason': 'Digital Explorer customers respond well to electronics discounts because the offer is aligned to their gaming preference and reward behavior.', 'business_benefit': 'Improves loyalty performance and encourages repeat purchases.', 'customer_benefit': 'Helps the customer receive more value from their purchases through electronics discounts.'}, {'reward_name': 'Travel Cashback', 'score': 83.82, 'reason': 'Digital Explorer customers respond well to travel cashback because the offer is aligned to their gaming preference and reward behavior.', 'business_benefit': 'Improves loyalty performance and encourages repeat purchases.', 'customer_benefit': 'Helps the customer receive more value from their purchases through travel cashback.'}, {'reward_name': 'Cashback', 'score': 82.52, 'reason': 'Digital Explorer customers respond well to cashback because the offer is aligned to their gaming preference and reward behavior.', 'business_benefit': 'Improves loyalty performance and encourages repeat purchases.', 'customer_benefit': 'Helps the customer receive more value from their purchases through cashback.'}]","[84.32, 83.82, 82.52]","Digital Explorer customers in cluster 0 show a strong fit for Electronics Discounts, Travel Cashback, Cashback based on spend, engagement, and reward behavior.",Moderate uplift in engagement and repeat purchase intent with a clear ROI path.,"Digital Explorer in cluster 0: prioritize Electronics Discounts, Travel Cashback, Cashback. Digital Explorer customers in cluster 0 show a strong fit for Electronics Discounts, Travel Cashback, Cashback based on spend, engagement, and reward behavior Expected impact: Moderate uplift in engagement and repeat purchase intent with a clear ROI path."
C0122,0,Digital Explorer,"[{'reward_name': 'Electronics Discounts', 'score': 86.19, 'reason': 'Digital Explorer customers respond well to electronics discounts because the offer is aligned to their security preference and reward behavior.', 'business_benefit': 'Improves loyalty performance and encourages repeat purchases.', 'customer_benefit': 'Helps the customer receive more value from their purchases through electronics discounts.'}, {'reward_name': 'Travel Cashback', 'score': 85.69, 'reason': 'Digital Explorer customers respond well to travel cashback because the offer is aligned to their security preference and reward behavior.', 'business_benefit': 'Improves loyalty performance and encourages repeat purchases.', 'customer_benefit': 'Helps the customer receive more value from their purchases through travel cashback.'}, {'reward_name': 'Cashback', 'score': 84.39, 'reason': 'Digital Explorer customers respond well to cashback because the offer is aligned to their security preference and reward behavior.', 'business_benefit': 'Improves loyalty performance and encourages repeat purchases.', 'customer_benefit': 'Helps the customer receive more value from their purchases through cashback.'}]","[86.19, 85.69, 84.39]","Digital Explorer customers in cluster 0 show a strong fit for Electronics Discounts, Travel Cashback, Cashback based on spend, engagement, and reward behavior.",Moderate uplift in engagement and repeat purchase intent with a clear ROI path.,"Digital Explorer in cluster 0: prioritize Electronics Discounts, Travel Cashback, Cashback. Digital Explorer customers in cluster 0 show a strong fit for Electronics Discounts, Travel Cashback, Cashback based on spend, engagement, and reward behavior Expected impact: Moderate uplift in engagement and repeat purchase intent with a clear ROI path."
C0123,1,Luxury Lifestyle,"[{'reward_name': 'Airport Lounge Access', 'score': 88.91, 'reason': 'Luxury Lifestyle customers respond well to airport lounge access because the offer is aligned to their smartphone preference and reward behavior.', 'business_benefit': 'Improves loyalty performance and encourages repeat purchases.', 'customer_benefit': 'Helps the customer receive more value from their purchases through airport lounge access.'}, {'reward_name': 'Hotel Discounts', 'score': 87.21, 'reason': 'Luxury Lifestyle customers respond well to hotel discounts because the offer is aligned to their smartphone preference and reward behavior.', 'business_benefit': 'Improves loyalty performance and encourages repeat purchases.', 'customer_benefit': 'Helps the customer receive more value from their purchases through hotel discounts.'}, {'reward_name': 'Lifestyle Offers', 'score': 87.21, 'reason': 'Luxury Lifestyle customers respond well to lifestyle offers because the offer is aligned to their smartphone preference and reward behavior.', 'business_benefit': 'Improves loyalty performance and encourages repeat purchases.', 'customer_benefit': 'Helps the customer receive more value from their purchases through lifestyle offers.'}]","[88.91, 87.21, 87.21]","Luxury Lifestyle customers in cluster 1 show a strong fit for Airport Lounge Access, Hotel Discounts, Lifestyle Offers based on spend, engagement, and reward behavior.",Moderate uplift in engagement and repeat purchase intent with a clear ROI path.,"Luxury Lifestyle in cluster 1: prioritize Airport Lounge Access, Hotel Discounts, Lifestyle Offers. Luxury Lifestyle customers in cluster 1 show a strong fit for Airport Lounge Access, Hotel Discounts, Lifestyle Offers based on spend, engagement, and reward behavior Expected impact: Moderate uplift in engagement and repeat purchase intent with a clear ROI path."
C0124,1,Luxury Lifestyle,"[{'reward_name': 'Airport Lounge Access', 'score': 86.9, 'reason': 'Luxury Lifestyle customers respond well to airport lounge access because the offer is aligned to their tv preference and reward behavior.', 'business_benefit': 'Improves loyalty performance and encourages repeat purchases.', 'customer_benefit': 'Helps the customer receive more value from their purchases through airport lounge access.'}, {'reward_name': 'Hotel Discounts', 'score': 85.2, 'reason': 'Luxury Lifestyle customers respond well to hotel discounts because the offer is aligned to their tv preference and reward behavior.', 'business_benefit': 'Improves loyalty performance and encourages repeat purchases.', 'customer_benefit': 'Helps the customer receive more value from their purchases through hotel discounts.'}, {'reward_name': 'Lifestyle Offers', 'score': 85.2, 'reason': 'Luxury Lifestyle customers respond well to lifestyle offers because the offer is aligned to their tv preference and reward behavior.', 'business_benefit': 'Improves loyalty performance and encourages repeat purchases.', 'customer_benefit': 'Helps the customer receive more value from their purchases through lifestyle offers.'}]","[86.9, 85.2, 85.2]","Luxury Lifestyle customers in cluster 1 show a strong fit for Airport Lounge Access, Hotel Discounts, Lifestyle Offers based on spend, engagement, and reward behavior.",Moderate uplift in engagement and repeat purchase intent with a clear ROI path.,"Luxury Lifestyle in cluster 1: prioritize Airport Lounge Access, Hotel Discounts, Lifestyle Offers. Luxury Lifestyle customers in cluster 1 show a strong fit for Airport Lounge Access, Hotel Discounts, Lifestyle Offers based on spend, engagement, and reward behavior Expected impact: Moderate uplift in engagement and repeat purchase intent with a clear ROI path."
C0125,2,Value Shopper,"[{'reward_name': 'Travel Cashback', 'score': 84.38, 'reason': 'Value Shopper customers respond well to travel cashback because the offer is aligned to their audio preference and reward behavior.', 'business_benefit': 'Improves loyalty performance and encourages repeat purchases.', 'customer_benefit': 'Helps the customer receive more value from their purchases through travel cashback.'}, {'reward_name': 'Cashback', 'score': 83.08, 'reason': 'Value Shopper customers respond well to cashback because the offer is aligned to their audio preference and reward behavior.', 'business_benefit': 'Improves loyalty performance and encourages repeat purchases.', 'customer_benefit': 'Helps the customer receive more value from their purchases through cashback.'}, {'reward_name': 'Shopping Vouchers', 'score': 81.38, 'reason': 'Value Shopper customers respond well to shopping vouchers because the offer is aligned to their audio preference and reward behavior.', 'business_benefit': 'Improves loyalty performance and encourages repeat purchases.', 'customer_benefit': 'Helps the customer receive more value from their purchases through shopping vouchers.'}]","[84.38, 83.08, 81.38]","Value Shopper customers in cluster 2 show a strong fit for Travel Cashback, Cashback, Shopping Vouchers based on spend, engagement, and reward behavior.",Moderate uplift in engagement and repeat purchase intent with a clear ROI path.,"Value Shopper in cluster 2: prioritize Travel Cashback, Cashback, Shopping Vouchers. Value Shopper customers in cluster 2 show a strong fit for Travel Cashback, Cashback, Shopping Vouchers based on spend, engagement, and reward behavior Expected impact: Moderate uplift in engagement and repeat purchase intent with a clear ROI path."
C0126,1,Luxury Lifestyle,"[{'reward_name': 'Airport Lounge Access', 'score': 90.23, 'reason': 'Luxury Lifestyle customers respond well to airport lounge access because the offer is aligned to their audio preference and reward behavior.', 'business_benefit': 'Improves loyalty performance and encourages repeat purchases.', 'customer_benefit': 'Helps the customer receive more value from their purchases through airport lounge access.'}, {'reward_name': 'Hotel Discounts', 'score': 88.53, 'reason': 'Luxury Lifestyle customers respond well to hotel discounts because the offer is aligned to their audio preference and reward behavior.', 'business_benefit': 'Improves loyalty performance and encourages repeat purchases.', 'customer_benefit': 'Helps the customer receive more value from their purchases through hotel discounts.'}, {'reward_name': 'Lifestyle Offers', 'score': 88.53, 'reason': 'Luxury Lifestyle customers respond well to lifestyle offers because the offer is aligned to their audio preference and reward behavior.', 'business_benefit': 'Improves loyalty performance and encourages repeat purchases.', 'customer_benefit': 'Helps the customer receive more value from their purchases through lifestyle offers.'}]","[90.23, 88.53, 88.53]","Luxury Lifestyle customers in cluster 1 show a strong fit for Airport Lounge Access, Hotel Discounts, Lifestyle Offers based on spend, engagement, and reward behavior.",Moderate uplift in engagement and repeat purchase intent with a clear ROI path.,"Luxury Lifestyle in cluster 1: prioritize Airport Lounge Access, Hotel Discounts, Lifestyle Offers. Luxury Lifestyle customers in cluster 1 show a strong fit for Airport Lounge Access, Hotel Discounts, Lifestyle Offers based on spend, engagement, and reward behavior Expected impact: Moderate uplift in engagement and repeat purchase intent with a clear ROI path."
C0127,1,Luxury Lifestyle,"[{'reward_name': 'Airport Lounge Access', 'score': 88.08, 'reason': 'Luxury Lifestyle customers respond well to airport lounge access because the offer is aligned to their audio preference and reward behavior.', 'business_benefit': 'Improves loyalty performance and encourages repeat purchases.', 'customer_benefit': 'Helps the customer receive more value from their purchases through airport lounge access.'}, {'reward_name': 'Hotel Discounts', 'score': 86.38, 'reason': 'Luxury Lifestyle customers respond well to hotel discounts because the offer is aligned to their audio preference and reward behavior.', 'business_benefit': 'Improves loyalty performance and encourages repeat purchases.', 'customer_benefit': 'Helps the customer receive more value from their purchases through hotel discounts.'}, {'reward_name': 'Lifestyle Offers', 'score': 86.38, 'reason': 'Luxury Lifestyle customers respond well to lifestyle offers because the offer is aligned to their audio preference and reward behavior.', 'business_benefit': 'Improves loyalty performance and encourages repeat purchases.', 'customer_benefit': 'Helps the customer receive more value from their purchases through lifestyle offers.'}]","[88.08, 86.38, 86.38]","Luxury Lifestyle customers in cluster 1 show a strong fit for Airport Lounge Access, Hotel Discounts, Lifestyle Offers based on spend, engagement, and reward behavior.",Moderate uplift in engagement and repeat purchase intent with a clear ROI path.,"Luxury Lifestyle in cluster 1: prioritize Airport Lounge Access, Hotel Discounts, Lifestyle Offers. Luxury Lifestyle customers in cluster 1 show a strong fit for Airport Lounge Access, Hotel Discounts, Lifestyle Offers based on spend, engagement, and reward behavior Expected impact: Moderate uplift in engagement and repeat purchase intent with a clear ROI path."
C0128,0,Digital Explorer,"[{'reward_name': 'Cashback', 'score': 80.26, 'reason': 'Digital Explorer customers respond well to cashback because the offer is aligned to their watch preference and reward behavior.', 'business_benefit': 'Improves loyalty performance and encourages repeat purchases.', 'customer_benefit': 'Helps the customer receive more value from their purchases through cashback.'}, {'reward_name': 'Electronics Discounts', 'score': 79.06, 'reason': 'Digital Explorer customers respond well to electronics discounts because the offer is aligned to their watch preference and reward behavior.', 'business_benefit': 'Improves loyalty performance and encourages repeat purchases.', 'customer_benefit': 'Helps the customer receive more value from their purchases through electronics discounts.'}, {'reward_name': 'Shopping Vouchers', 'score': 78.56, 'reason': 'Digital Explorer customers respond well to shopping vouchers because the offer is aligned to their watch preference and reward behavior.', 'business_benefit': 'Improves loyalty performance and encourages repeat purchases.', 'customer_benefit': 'Helps the customer receive more value from their purchases through shopping vouchers.'}]","[80.26, 79.06, 78.56]","Digital Explorer customers in cluster 0 show a strong fit for Cashback, Electronics Discounts, Shopping Vouchers based on spend, engagement, and reward behavior.",Moderate uplift in engagement and repeat purchase intent with a clear ROI path.,"Digital Explorer in cluster 0: prioritize Cashback, Electronics Discounts, Shopping Vouchers. Digital Explorer customers in cluster 0 show a strong fit for Cashback, Electronics Discounts, Shopping Vouchers based on spend, engagement, and reward behavior Expected impact: Moderate uplift in engagement and repeat purchase intent with a clear ROI path."
C0129,0,Digital Explorer,"[{'reward_name': 'Cashback', 'score': 78.49, 'reason': 'Digital Explorer customers respond well to cashback because the offer is aligned to their gaming preference and reward behavior.', 'business_benefit': 'Improves loyalty performance and encourages repeat purchases.', 'customer_benefit': 'Helps the customer receive more value from their purchases through cashback.'}, {'reward_name': 'Electronics Discounts', 'score': 77.29, 'reason': 'Digital Explorer customers respond well to electronics discounts because the offer is aligned to their gaming preference and reward behavior.', 'business_benefit': 'Improves loyalty performance and encourages repeat purchases.', 'customer_benefit': 'Helps the customer receive more value from their purchases through electronics discounts.'}, {'reward_name': 'Shopping Vouchers', 'score': 76.79, 'reason': 'Digital Explorer customers respond well to shopping vouchers because the offer is aligned to their gaming preference and reward behavior.', 'business_benefit': 'Improves loyalty performance and encourages repeat purchases.', 'customer_benefit': 'Helps the customer receive more value from their purchases through shopping vouchers.'}]","[78.49, 77.29, 76.79]","Digital Explorer customers in cluster 0 show a strong fit for Cashback, Electronics Discounts, Shopping Vouchers based on spend, engagement, and reward behavior.",Moderate uplift in engagement and repeat purchase intent with a clear ROI path.,"Digital Explorer in cluster 0: prioritize Cashback, Electronics Discounts, Shopping Vouchers. Digital Explorer customers in cluster 0 show a strong fit for Cashback, Electronics Discounts, Shopping Vouchers based on spend, engagement, and reward behavior Expected impact: Moderate uplift in engagement and repeat purchase intent with a clear ROI path."
C0130,1,Luxury Lifestyle,"[{'reward_name': 'Airport Lounge Access', 'score': 89.67, 'reason': 'Luxury Lifestyle customers respond well to airport lounge access because the offer is aligned to their audio preference and reward behavior.', 'business_benefit': 'Improves loyalty performance and encourages repeat purchases.', 'customer_benefit': 'Helps the customer receive more value from their purchases through airport lounge access.'}, {'reward_name': 'Hotel Discounts', 'score': 87.97, 'reason': 'Luxury Lifestyle customers respond well to hotel discounts because the offer is aligned to their audio preference and reward behavior.', 'business_benefit': 'Improves loyalty performance and encourages repeat purchases.', 'customer_benefit': 'Helps the customer receive more value from their purchases through hotel discounts.'}, {'reward_name': 'Lifestyle Offers', 'score': 87.97, 'reason': 'Luxury Lifestyle customers respond well to lifestyle offers because the offer is aligned to their audio preference and reward behavior.', 'business_benefit': 'Improves loyalty performance and encourages repeat purchases.', 'customer_benefit': 'Helps the customer receive more value from their purchases through lifestyle offers.'}]","[89.67, 87.97, 87.97]","Luxury Lifestyle customers in cluster 1 show a strong fit for Airport Lounge Access, Hotel Discounts, Lifestyle Offers based on spend, engagement, and reward behavior.",Moderate uplift in engagement and repeat purchase intent with a clear ROI path.,"Luxury Lifestyle in cluster 1: prioritize Airport Lounge Access, Hotel Discounts, Lifestyle Offers. Luxury Lifestyle customers in cluster 1 show a strong fit for Airport Lounge Access, Hotel Discounts, Lifestyle Offers based on spend, engagement, and reward behavior Expected impact: Moderate uplift in engagement and repeat purchase intent with a clear ROI path."
C0131,0,Digital Explorer,"[{'reward_name': 'Cashback', 'score': 79.67, 'reason': 'Digital Explorer customers respond well to cashback because the offer is aligned to their watch preference and reward behavior.', 'business_benefit': 'Improves loyalty performance and encourages repeat purchases.', 'customer_benefit': 'Helps the customer receive more value from their purchases through cashback.'}, {'reward_name': 'Electronics Discounts', 'score': 78.47, 'reason': 'Digital Explorer customers respond well to electronics discounts because the offer is aligned to their watch preference and reward behavior.', 'business_benefit': 'Improves loyalty performance and encourages repeat purchases.', 'customer_benefit': 'Helps the customer receive more value from their purchases through electronics discounts.'}, {'reward_name': 'Shopping Vouchers', 'score': 77.97, 'reason': 'Digital Explorer customers respond well to shopping vouchers because the offer is aligned to their watch preference and reward behavior.', 'business_benefit': 'Improves loyalty performance and encourages repeat purchases.', 'customer_benefit': 'Helps the customer receive more value from their purchases through shopping vouchers.'}]","[79.67, 78.47, 77.97]","Digital Explorer customers in cluster 0 show a strong fit for Cashback, Electronics Discounts, Shopping Vouchers based on spend, engagement, and reward behavior.",Moderate uplift in engagement and repeat purchase intent with a clear ROI path.,"Digital Explorer in cluster 0: prioritize Cashback, Electronics Discounts, Shopping Vouchers. Digital Explorer customers in cluster 0 show a strong fit for Cashback, Electronics Discounts, Shopping Vouchers based on spend, engagement, and reward behavior Expected impact: Moderate uplift in engagement and repeat purchase intent with a clear ROI path."
C0132,0,Digital Explorer,"[{'reward_name': 'Cashback', 'score': 80.78, 'reason': 'Digital Explorer customers respond well to cashback because the offer is aligned to their audio preference and reward behavior.', 'business_benefit': 'Improves loyalty performance and encourages repeat purchases.', 'customer_benefit': 'Helps the customer receive more value from their purchases through cashback.'}, {'reward_name': 'Electronics Discounts', 'score': 79.58, 'reason': 'Digital Explorer customers respond well to electronics discounts because the offer is aligned to their audio preference and reward behavior.', 'business_benefit': 'Improves loyalty performance and encourages repeat purchases.', 'customer_benefit': 'Helps the customer receive more value from their purchases through electronics discounts.'}, {'reward_name': 'Shopping Vouchers', 'score': 79.08, 'reason': 'Digital Explorer customers respond well to shopping vouchers because the offer is aligned to their audio preference and reward behavior.', 'business_benefit': 'Improves loyalty performance and encourages repeat purchases.', 'customer_benefit': 'Helps the customer receive more value from their purchases through shopping vouchers.'}]","[80.78, 79.58, 79.08]","Digital Explorer customers in cluster 0 show a strong fit for Cashback, Electronics Discounts, Shopping Vouchers based on spend, engagement, and reward behavior.",Moderate uplift in engagement and repeat purchase intent with a clear ROI path.,"Digital Explorer in cluster 0: prioritize Cashback, Electronics Discounts, Shopping Vouchers. Digital Explorer customers in cluster 0 show a strong fit for Cashback, Electronics Discounts, Shopping Vouchers based on spend, engagement, and reward behavior Expected impact: Moderate uplift in engagement and repeat purchase intent with a clear ROI path."
C0133,2,Value Shopper,"[{'reward_name': 'Cashback', 'score': 77.8, 'reason': 'Value Shopper customers respond well to cashback because the offer is aligned to their audio preference and reward behavior.', 'business_benefit': 'Improves loyalty performance and encourages repeat purchases.', 'customer_benefit': 'Helps the customer receive more value from their purchases through cashback.'}, {'reward_name': 'Shopping Vouchers', 'score': 76.1, 'reason': 'Value Shopper customers respond well to shopping vouchers because the offer is aligned to their audio preference and reward behavior.', 'business_benefit': 'Improves loyalty performance and encourages repeat purchases.', 'customer_benefit': 'Helps the customer receive more value from their purchases through shopping vouchers.'}, {'reward_name': 'Travel Cashback', 'score': 76.1, 'reason': 'Value Shopper customers respond well to travel cashback because the offer is aligned to their audio preference and reward behavior.', 'business_benefit': 'Improves loyalty performance and encourages repeat purchases.', 'customer_benefit': 'Helps the customer receive more value from their purchases through travel cashback.'}]","[77.8, 76.1, 76.1]","Value Shopper customers in cluster 2 show a strong fit for Cashback, Shopping Vouchers, Travel Cashback based on spend, engagement, and reward behavior.",Moderate uplift in engagement and repeat purchase intent with a clear ROI path.,"Value Shopper in cluster 2: prioritize Cashback, Shopping Vouchers, Travel Cashback. Value Shopper customers in cluster 2 show a strong fit for Cashback, Shopping Vouchers, Travel Cashback based on spend, engagement, and reward behavior Expected impact: Moderate uplift in engagement and repeat purchase intent with a clear ROI path."
C0134,1,Luxury Lifestyle,"[{'reward_name': 'Airport Lounge Access', 'score': 84.52, 'reason': 'Luxury Lifestyle customers respond well to airport lounge access because the offer is aligned to their smartphone preference and reward behavior.', 'business_benefit': 'Improves loyalty performance and encourages repeat purchases.', 'customer_benefit': 'Helps the customer receive more value from their purchases through airport lounge access.'}, {'reward_name': 'Hotel Discounts', 'score': 82.82, 'reason': 'Luxury Lifestyle customers respond well to hotel discounts because the offer is aligned to their smartphone preference and reward behavior.', 'business_benefit': 'Improves loyalty performance and encourages repeat purchases.', 'customer_benefit': 'Helps the customer receive more value from their purchases through hotel discounts.'}, {'reward_name': 'Lifestyle Offers', 'score': 82.82, 'reason': 'Luxury Lifestyle customers respond well to lifestyle offers because the offer is aligned to their smartphone preference and reward behavior.', 'business_benefit': 'Improves loyalty performance and encourages repeat purchases.', 'customer_benefit': 'Helps the customer receive more value from their purchases through lifestyle offers.'}]","[84.52, 82.82, 82.82]","Luxury Lifestyle customers in cluster 1 show a strong fit for Airport Lounge Access, Hotel Discounts, Lifestyle Offers based on spend, engagement, and reward behavior.",Moderate uplift in engagement and repeat purchase intent with a clear ROI path.,"Luxury Lifestyle in cluster 1: prioritize Airport Lounge Access, Hotel Discounts, Lifestyle Offers. Luxury Lifestyle customers in cluster 1 show a strong fit for Airport Lounge Access, Hotel Discounts, Lifestyle Offers based on spend, engagement, and reward behavior Expected impact: Moderate uplift in engagement and repeat purchase intent with a clear ROI path."
C0135,0,Digital Explorer,"[{'reward_name': 'Cashback', 'score': 78.8, 'reason': 'Digital Explorer customers respond well to cashback because the offer is aligned to their smartphone preference and reward behavior.', 'business_benefit': 'Improves loyalty performance and encourages repeat purchases.', 'customer_benefit': 'Helps the customer receive more value from their purchases through cashback.'}, {'reward_name': 'Electronics Discounts', 'score': 77.6, 'reason': 'Digital Explorer customers respond well to electronics discounts because the offer is aligned to their smartphone preference and reward behavior.', 'business_benefit': 'Improves loyalty performance and encourages repeat purchases.', 'customer_benefit': 'Helps the customer receive more value from their purchases through electronics discounts.'}, {'reward_name': 'Shopping Vouchers', 'score': 77.1, 'reason': 'Digital Explorer customers respond well to shopping vouchers because the offer is aligned to their smartphone preference and reward behavior.', 'business_benefit': 'Improves loyalty performance and encourages repeat purchases.', 'customer_benefit': 'Helps the customer receive more value from their purchases through shopping vouchers.'}]","[78.8, 77.6, 77.1]","Digital Explorer customers in cluster 0 show a strong fit for Cashback, Electronics Discounts, Shopping Vouchers based on spend, engagement, and reward behavior.",Moderate uplift in engagement and repeat purchase intent with a clear ROI path.,"Digital Explorer in cluster 0: prioritize Cashback, Electronics Discounts, Shopping Vouchers. Digital Explorer customers in cluster 0 show a strong fit for Cashback, Electronics Discounts, Shopping Vouchers based on spend, engagement, and reward behavior Expected impact: Moderate uplift in engagement and repeat purchase intent with a clear ROI path."
C0136,1,Luxury Lifestyle,"[{'reward_name': 'Airport Lounge Access', 'score': 87.52, 'reason': 'Luxury Lifestyle customers respond well to airport lounge access because the offer is aligned to their security preference and reward behavior.', 'business_benefit': 'Improves loyalty performance and encourages repeat purchases.', 'customer_benefit': 'Helps the customer receive more value from their purchases through airport lounge access.'}, {'reward_name': 'Hotel Discounts', 'score': 85.82, 'reason': 'Luxury Lifestyle customers respond well to hotel discounts because the offer is aligned to their security preference and reward behavior.', 'business_benefit': 'Improves loyalty performance and encourages repeat purchases.', 'customer_benefit': 'Helps the customer receive more value from their purchases through hotel discounts.'}, {'reward_name': 'Lifestyle Offers', 'score': 85.82, 'reason': 'Luxury Lifestyle customers respond well to lifestyle offers because the offer is aligned to their security preference and reward behavior.', 'business_benefit': 'Improves loyalty performance and encourages repeat purchases.', 'customer_benefit': 'Helps the customer receive more value from their purchases through lifestyle offers.'}]","[87.52, 85.82, 85.82]","Luxury Lifestyle customers in cluster 1 show a strong fit for Airport Lounge Access, Hotel Discounts, Lifestyle Offers based on spend, engagement, and reward behavior.",Moderate uplift in engagement and repeat purchase intent with a clear ROI path.,"Luxury Lifestyle in cluster 1: prioritize Airport Lounge Access, Hotel Discounts, Lifestyle Offers. Luxury Lifestyle customers in cluster 1 show a strong fit for Airport Lounge Access, Hotel Discounts, Lifestyle Offers based on spend, engagement, and reward behavior Expected impact: Moderate uplift in engagement and repeat purchase intent with a clear ROI path."
C0137,0,Digital Explorer,"[{'reward_name': 'Electronics Discounts', 'score': 82.57, 'reason': 'Digital Explorer customers respond well to electronics discounts because the offer is aligned to their tv preference and reward behavior.', 'business_benefit': 'Improves loyalty performance and encourages repeat purchases.', 'customer_benefit': 'Helps the customer receive more value from their purchases through electronics discounts.'}, {'reward_name': 'Travel Cashback', 'score': 82.07, 'reason': 'Digital Explorer customers respond well to travel cashback because the offer is aligned to their tv preference and reward behavior.', 'business_benefit': 'Improves loyalty performance and encourages repeat purchases.', 'customer_benefit': 'Helps the customer receive more value from their purchases through travel cashback.'}, {'reward_name': 'Cashback', 'score': 80.77, 'reason': 'Digital Explorer customers respond well to cashback because the offer is aligned to their tv preference and reward behavior.', 'business_benefit': 'Improves loyalty performance and encourages repeat purchases.', 'customer_benefit': 'Helps the customer receive more value from their purchases through cashback.'}]","[82.57, 82.07, 80.77]","Digital Explorer customers in cluster 0 show a strong fit for Electronics Discounts, Travel Cashback, Cashback based on spend, engagement, and reward behavior.",Moderate uplift in engagement and repeat purchase intent with a clear ROI path.,"Digital Explorer in cluster 0: prioritize Electronics Discounts, Travel Cashback, Cashback. Digital Explorer customers in cluster 0 show a strong fit for Electronics Discounts, Travel Cashback, Cashback based on spend, engagement, and reward behavior Expected impact: Moderate uplift in engagement and repeat purchase intent with a clear ROI path."
C0138,0,Digital Explorer,"[{'reward_name': 'Electronics Discounts', 'score': 83.46, 'reason': 'Digital Explorer customers respond well to electronics discounts because the offer is aligned to their smart home preference and reward behavior.', 'business_benefit': 'Improves loyalty performance and encourages repeat purchases.', 'customer_benefit': 'Helps the customer receive more value from their purchases through electronics discounts.'}, {'reward_name': 'Travel Cashback', 'score': 82.96, 'reason': 'Digital Explorer customers respond well to travel cashback because the offer is aligned to their smart home preference and reward behavior.', 'business_benefit': 'Improves loyalty performance and encourages repeat purchases.', 'customer_benefit': 'Helps the customer receive more value from their purchases through travel cashback.'}, {'reward_name': 'Cashback', 'score': 81.66, 'reason': 'Digital Explorer customers respond well to cashback because the offer is aligned to their smart home preference and reward behavior.', 'business_benefit': 'Improves loyalty performance and encourages repeat purchases.', 'customer_benefit': 'Helps the customer receive more value from their purchases through cashback.'}]","[83.46, 82.96, 81.66]","Digital Explorer customers in cluster 0 show a strong fit for Electronics Discounts, Travel Cashback, Cashback based on spend, engagement, and reward behavior.",Moderate uplift in engagement and repeat purchase intent with a clear ROI path.,"Digital Explorer in cluster 0: prioritize Electronics Discounts, Travel Cashback, Cashback. Digital Explorer customers in cluster 0 show a strong fit for Electronics Discounts, Travel Cashback, Cashback based on spend, engagement, and reward behavior Expected impact: Moderate uplift in engagement and repeat purchase intent with a clear ROI path."
C0139,2,Value Shopper,"[{'reward_name': 'Cashback', 'score': 78.52, 'reason': 'Value Shopper customers respond well to cashback because the offer is aligned to their audio preference and reward behavior.', 'business_benefit': 'Improves loyalty performance and encourages repeat purchases.', 'customer_benefit': 'Helps the customer receive more value from their purchases through cashback.'}, {'reward_name': 'Shopping Vouchers', 'score': 76.82, 'reason': 'Value Shopper customers respond well to shopping vouchers because the offer is aligned to their audio preference and reward behavior.', 'business_benefit': 'Improves loyalty performance and encourages repeat purchases.', 'customer_benefit': 'Helps the customer receive more value from their purchases through shopping vouchers.'}, {'reward_name': 'Travel Cashback', 'score': 76.82, 'reason': 'Value Shopper customers respond well to travel cashback because the offer is aligned to their audio preference and reward behavior.', 'business_benefit': 'Improves loyalty performance and encourages repeat purchases.', 'customer_benefit': 'Helps the customer receive more value from their purchases through travel cashback.'}]","[78.52, 76.82, 76.82]","Value Shopper customers in cluster 2 show a strong fit for Cashback, Shopping Vouchers, Travel Cashback based on spend, engagement, and reward behavior.",Moderate uplift in engagement and repeat purchase intent with a clear ROI path.,"Value Shopper in cluster 2: prioritize Cashback, Shopping Vouchers, Travel Cashback. Value Shopper customers in cluster 2 show a strong fit for Cashback, Shopping Vouchers, Travel Cashback based on spend, engagement, and reward behavior Expected impact: Moderate uplift in engagement and repeat purchase intent with a clear ROI path."
C0140,1,Luxury Lifestyle,"[{'reward_name': 'Airport Lounge Access', 'score': 91.59, 'reason': 'Luxury Lifestyle customers respond well to airport lounge access because the offer is aligned to their smart home preference and reward behavior.', 'business_benefit': 'Improves loyalty performance and encourages repeat purchases.', 'customer_benefit': 'Helps the customer receive more value from their purchases through airport lounge access.'}, {'reward_name': 'Hotel Discounts', 'score': 89.89, 'reason': 'Luxury Lifestyle customers respond well to hotel discounts because the offer is aligned to their smart home preference and reward behavior.', 'business_benefit': 'Improves loyalty performance and encourages repeat purchases.', 'customer_benefit': 'Helps the customer receive more value from their purchases through hotel discounts.'}, {'reward_name': 'Lifestyle Offers', 'score': 89.89, 'reason': 'Luxury Lifestyle customers respond well to lifestyle offers because the offer is aligned to their smart home preference and reward behavior.', 'business_benefit': 'Improves loyalty performance and encourages repeat purchases.', 'customer_benefit': 'Helps the customer receive more value from their purchases through lifestyle offers.'}]","[91.59, 89.89, 89.89]","Luxury Lifestyle customers in cluster 1 show a strong fit for Airport Lounge Access, Hotel Discounts, Lifestyle Offers based on spend, engagement, and reward behavior.",Moderate uplift in engagement and repeat purchase intent with a clear ROI path.,"Luxury Lifestyle in cluster 1: prioritize Airport Lounge Access, Hotel Discounts, Lifestyle Offers. Luxury Lifestyle customers in cluster 1 show a strong fit for Airport Lounge Access, Hotel Discounts, Lifestyle Offers based on spend, engagement, and reward behavior Expected impact: Moderate uplift in engagement and repeat purchase intent with a clear ROI path."
C0141,1,Luxury Lifestyle,"[{'reward_name': 'Airport Lounge Access', 'score': 90.47, 'reason': 'Luxury Lifestyle customers respond well to airport lounge access because the offer is aligned to their speaker preference and reward behavior.', 'business_benefit': 'Improves loyalty performance and encourages repeat purchases.', 'customer_benefit': 'Helps the customer receive more value from their purchases through airport lounge access.'}, {'reward_name': 'Hotel Discounts', 'score': 88.77, 'reason': 'Luxury Lifestyle customers respond well to hotel discounts because the offer is aligned to their speaker preference and reward behavior.', 'business_benefit': 'Improves loyalty performance and encourages repeat purchases.', 'customer_benefit': 'Helps the customer receive more value from their purchases through hotel discounts.'}, {'reward_name': 'Lifestyle Offers', 'score': 88.77, 'reason': 'Luxury Lifestyle customers respond well to lifestyle offers because the offer is aligned to their speaker preference and reward behavior.', 'business_benefit': 'Improves loyalty performance and encourages repeat purchases.', 'customer_benefit': 'Helps the customer receive more value from their purchases through lifestyle offers.'}]","[90.47, 88.77, 88.77]","Luxury Lifestyle customers in cluster 1 show a strong fit for Airport Lounge Access, Hotel Discounts, Lifestyle Offers based on spend, engagement, and reward behavior.",Moderate uplift in engagement and repeat purchase intent with a clear ROI path.,"Luxury Lifestyle in cluster 1: prioritize Airport Lounge Access, Hotel Discounts, Lifestyle Offers. Luxury Lifestyle customers in cluster 1 show a strong fit for Airport Lounge Access, Hotel Discounts, Lifestyle Offers based on spend, engagement, and reward behavior Expected impact: Moderate uplift in engagement and repeat purchase intent with a clear ROI path."
C0142,0,Digital Explorer,"[{'reward_name': 'Cashback', 'score': 80.98, 'reason': 'Digital Explorer customers respond well to cashback because the offer is aligned to their audio preference and reward behavior.', 'business_benefit': 'Improves loyalty performance and encourages repeat purchases.', 'customer_benefit': 'Helps the customer receive more value from their purchases through cashback.'}, {'reward_name': 'Electronics Discounts', 'score': 79.78, 'reason': 'Digital Explorer customers respond well to electronics discounts because the offer is aligned to their audio preference and reward behavior.', 'business_benefit': 'Improves loyalty performance and encourages repeat purchases.', 'customer_benefit': 'Helps the customer receive more value from their purchases through electronics discounts.'}, {'reward_name': 'Shopping Vouchers', 'score': 79.28, 'reason': 'Digital Explorer customers respond well to shopping vouchers because the offer is aligned to their audio preference and reward behavior.', 'business_benefit': 'Improves loyalty performance and encourages repeat purchases.', 'customer_benefit': 'Helps the customer receive more value from their purchases through shopping vouchers.'}]","[80.98, 79.78, 79.28]","Digital Explorer customers in cluster 0 show a strong fit for Cashback, Electronics Discounts, Shopping Vouchers based on spend, engagement, and reward behavior.",Moderate uplift in engagement and repeat purchase intent with a clear ROI path.,"Digital Explorer in cluster 0: prioritize Cashback, Electronics Discounts, Shopping Vouchers. Digital Explorer customers in cluster 0 show a strong fit for Cashback, Electronics Discounts, Shopping Vouchers based on spend, engagement, and reward behavior Expected impact: Moderate uplift in engagement and repeat purchase intent with a clear ROI path."
C0143,2,Value Shopper,"[{'reward_name': 'Travel Cashback', 'score': 81.0, 'reason': 'Value Shopper customers respond well to travel cashback because the offer is aligned to their audio preference and reward behavior.', 'business_benefit': 'Improves loyalty performance and encourages repeat purchases.', 'customer_benefit': 'Helps the customer receive more value from their purchases through travel cashback.'}, {'reward_name': 'Cashback', 'score': 79.7, 'reason': 'Value Shopper customers respond well to cashback because the offer is aligned to their audio preference and reward behavior.', 'business_benefit': 'Improves loyalty performance and encourages repeat purchases.', 'customer_benefit': 'Helps the customer receive more value from their purchases through cashback.'}, {'reward_name': 'Shopping Vouchers', 'score': 78.0, 'reason': 'Value Shopper customers respond well to shopping vouchers because the offer is aligned to their audio preference and reward behavior.', 'business_benefit': 'Improves loyalty performance and encourages repeat purchases.', 'customer_benefit': 'Helps the customer receive more value from their purchases through shopping vouchers.'}]","[81.0, 79.7, 78.0]","Value Shopper customers in cluster 2 show a strong fit for Travel Cashback, Cashback, Shopping Vouchers based on spend, engagement, and reward behavior.",Moderate uplift in engagement and repeat purchase intent with a clear ROI path.,"Value Shopper in cluster 2: prioritize Travel Cashback, Cashback, Shopping Vouchers. Value Shopper customers in cluster 2 show a strong fit for Travel Cashback, Cashback, Shopping Vouchers based on spend, engagement, and reward behavior Expected impact: Moderate uplift in engagement and repeat purchase intent with a clear ROI path."
C0144,1,Luxury Lifestyle,"[{'reward_name': 'Airport Lounge Access', 'score': 91.48, 'reason': 'Luxury Lifestyle customers respond well to airport lounge access because the offer is aligned to their audio preference and reward behavior.', 'business_benefit': 'Improves loyalty performance and encourages repeat purchases.', 'customer_benefit': 'Helps the customer receive more value from their purchases through airport lounge access.'}, {'reward_name': 'Hotel Discounts', 'score': 89.78, 'reason': 'Luxury Lifestyle customers respond well to hotel discounts because the offer is aligned to their audio preference and reward behavior.', 'business_benefit': 'Improves loyalty performance and encourages repeat purchases.', 'customer_benefit': 'Helps the customer receive more value from their purchases through hotel discounts.'}, {'reward_name': 'Lifestyle Offers', 'score': 89.78, 'reason': 'Luxury Lifestyle customers respond well to lifestyle offers because the offer is aligned to their audio preference and reward behavior.', 'business_benefit': 'Improves loyalty performance and encourages repeat purchases.', 'customer_benefit': 'Helps the customer receive more value from their purchases through lifestyle offers.'}]","[91.48, 89.78, 89.78]","Luxury Lifestyle customers in cluster 1 show a strong fit for Airport Lounge Access, Hotel Discounts, Lifestyle Offers based on spend, engagement, and reward behavior.",Moderate uplift in engagement and repeat purchase intent with a clear ROI path.,"Luxury Lifestyle in cluster 1: prioritize Airport Lounge Access, Hotel Discounts, Lifestyle Offers. Luxury Lifestyle customers in cluster 1 show a strong fit for Airport Lounge Access, Hotel Discounts, Lifestyle Offers based on spend, engagement, and reward behavior Expected impact: Moderate uplift in engagement and repeat purchase intent with a clear ROI path."
C0145,1,Luxury Lifestyle,"[{'reward_name': 'Airport Lounge Access', 'score': 85.04, 'reason': 'Luxury Lifestyle customers respond well to airport lounge access because the offer is aligned to their smart home preference and reward behavior.', 'business_benefit': 'Improves loyalty performance and encourages repeat purchases.', 'customer_benefit': 'Helps the customer receive more value from their purchases through airport lounge access.'}, {'reward_name': 'Hotel Discounts', 'score': 83.34, 'reason': 'Luxury Lifestyle customers respond well to hotel discounts because the offer is aligned to their smart home preference and reward behavior.', 'business_benefit': 'Improves loyalty performance and encourages repeat purchases.', 'customer_benefit': 'Helps the customer receive more value from their purchases through hotel discounts.'}, {'reward_name': 'Lifestyle Offers', 'score': 83.34, 'reason': 'Luxury Lifestyle customers respond well to lifestyle offers because the offer is aligned to their smart home preference and reward behavior.', 'business_benefit': 'Improves loyalty performance and encourages repeat purchases.', 'customer_benefit': 'Helps the customer receive more value from their purchases through lifestyle offers.'}]","[85.04, 83.34, 83.34]","Luxury Lifestyle customers in cluster 1 show a strong fit for Airport Lounge Access, Hotel Discounts, Lifestyle Offers based on spend, engagement, and reward behavior.",Moderate uplift in engagement and repeat purchase intent with a clear ROI path.,"Luxury Lifestyle in cluster 1: prioritize Airport Lounge Access, Hotel Discounts, Lifestyle Offers. Luxury Lifestyle customers in cluster 1 show a strong fit for Airport Lounge Access, Hotel Discounts, Lifestyle Offers based on spend, engagement, and reward behavior Expected impact: Moderate uplift in engagement and repeat purchase intent with a clear ROI path."
C0146,1,Luxury Lifestyle,"[{'reward_name': 'Airport Lounge Access', 'score': 89.64, 'reason': 'Luxury Lifestyle customers respond well to airport lounge access because the offer is aligned to their watch preference and reward behavior.', 'business_benefit': 'Improves loyalty performance and encourages repeat purchases.', 'customer_benefit': 'Helps the customer receive more value from their purchases through airport lounge access.'}, {'reward_name': 'Hotel Discounts', 'score': 87.94, 'reason': 'Luxury Lifestyle customers respond well to hotel discounts because the offer is aligned to their watch preference and reward behavior.', 'business_benefit': 'Improves loyalty performance and encourages repeat purchases.', 'customer_benefit': 'Helps the customer receive more value from their purchases through hotel discounts.'}, {'reward_name': 'Lifestyle Offers', 'score': 87.94, 'reason': 'Luxury Lifestyle customers respond well to lifestyle offers because the offer is aligned to their watch preference and reward behavior.', 'business_benefit': 'Improves loyalty performance and encourages repeat purchases.', 'customer_benefit': 'Helps the customer receive more value from their purchases through lifestyle offers.'}]","[89.64, 87.94, 87.94]","Luxury Lifestyle customers in cluster 1 show a strong fit for Airport Lounge Access, Hotel Discounts, Lifestyle Offers based on spend, engagement, and reward behavior.",Moderate uplift in engagement and repeat purchase intent with a clear ROI path.,"Luxury Lifestyle in cluster 1: prioritize Airport Lounge Access, Hotel Discounts, Lifestyle Offers. Luxury Lifestyle customers in cluster 1 show a strong fit for Airport Lounge Access, Hotel Discounts, Lifestyle Offers based on spend, engagement, and reward behavior Expected impact: Moderate uplift in engagement and repeat purchase intent with a clear ROI path."
C0147,1,Luxury Lifestyle,"[{'reward_name': 'Airport Lounge Access', 'score': 89.54, 'reason': 'Luxury Lifestyle customers respond well to airport lounge access because the offer is aligned to their audio preference and reward behavior.', 'business_benefit': 'Improves loyalty performance and encourages repeat purchases.', 'customer_benefit': 'Helps the customer receive more value from their purchases through airport lounge access.'}, {'reward_name': 'Hotel Discounts', 'score': 87.84, 'reason': 'Luxury Lifestyle customers respond well to hotel discounts because the offer is aligned to their audio preference and reward behavior.', 'business_benefit': 'Improves loyalty performance and encourages repeat purchases.', 'customer_benefit': 'Helps the customer receive more value from their purchases through hotel discounts.'}, {'reward_name': 'Lifestyle Offers', 'score': 87.84, 'reason': 'Luxury Lifestyle customers respond well to lifestyle offers because the offer is aligned to their audio preference and reward behavior.', 'business_benefit': 'Improves loyalty performance and encourages repeat purchases.', 'customer_benefit': 'Helps the customer receive more value from their purchases through lifestyle offers.'}]","[89.54, 87.84, 87.84]","Luxury Lifestyle customers in cluster 1 show a strong fit for Airport Lounge Access, Hotel Discounts, Lifestyle Offers based on spend, engagement, and reward behavior.",Moderate uplift in engagement and repeat purchase intent with a clear ROI path.,"Luxury Lifestyle in cluster 1: prioritize Airport Lounge Access, Hotel Discounts, Lifestyle Offers. Luxury Lifestyle customers in cluster 1 show a strong fit for Airport Lounge Access, Hotel Discounts, Lifestyle Offers based on spend, engagement, and reward behavior Expected impact: Moderate uplift in engagement and repeat purchase intent with a clear ROI path."
C0148,0,Digital Explorer,"[{'reward_name': 'Electronics Discounts', 'score': 83.08, 'reason': 'Digital Explorer customers respond well to electronics discounts because the offer is aligned to their audio preference and reward behavior.', 'business_benefit': 'Improves loyalty performance and encourages repeat purchases.', 'customer_benefit': 'Helps the customer receive more value from their purchases through electronics discounts.'}, {'reward_name': 'Travel Cashback', 'score': 82.58, 'reason': 'Digital Explorer customers respond well to travel cashback because the offer is aligned to their audio preference and reward behavior.', 'business_benefit': 'Improves loyalty performance and encourages repeat purchases.', 'customer_benefit': 'Helps the customer receive more value from their purchases through travel cashback.'}, {'reward_name': 'Cashback', 'score': 81.28, 'reason': 'Digital Explorer customers respond well to cashback because the offer is aligned to their audio preference and reward behavior.', 'business_benefit': 'Improves loyalty performance and encourages repeat purchases.', 'customer_benefit': 'Helps the customer receive more value from their purchases through cashback.'}]","[83.08, 82.58, 81.28]","Digital Explorer customers in cluster 0 show a strong fit for Electronics Discounts, Travel Cashback, Cashback based on spend, engagement, and reward behavior.",Moderate uplift in engagement and repeat purchase intent with a clear ROI path.,"Digital Explorer in cluster 0: prioritize Electronics Discounts, Travel Cashback, Cashback. Digital Explorer customers in cluster 0 show a strong fit for Electronics Discounts, Travel Cashback, Cashback based on spend, engagement, and reward behavior Expected impact: Moderate uplift in engagement and repeat purchase intent with a clear ROI path."
C0149,1,Luxury Lifestyle,"[{'reward_name': 'Airport Lounge Access', 'score': 86.96, 'reason': 'Luxury Lifestyle customers respond well to airport lounge access because the offer is aligned to their audio preference and reward behavior.', 'business_benefit': 'Improves loyalty performance and encourages repeat purchases.', 'customer_benefit': 'Helps the customer receive more value from their purchases through airport lounge access.'}, {'reward_name': 'Hotel Discounts', 'score': 85.26, 'reason': 'Luxury Lifestyle customers respond well to hotel discounts because the offer is aligned to their audio preference and reward behavior.', 'business_benefit': 'Improves loyalty performance and encourages repeat purchases.', 'customer_benefit': 'Helps the customer receive more value from their purchases through hotel discounts.'}, {'reward_name': 'Lifestyle Offers', 'score': 85.26, 'reason': 'Luxury Lifestyle customers respond well to lifestyle offers because the offer is aligned to their audio preference and reward behavior.', 'business_benefit': 'Improves loyalty performance and encourages repeat purchases.', 'customer_benefit': 'Helps the customer receive more value from their purchases through lifestyle offers.'}]","[86.96, 85.26, 85.26]","Luxury Lifestyle customers in cluster 1 show a strong fit for Airport Lounge Access, Hotel Discounts, Lifestyle Offers based on spend, engagement, and reward behavior.",Moderate uplift in engagement and repeat purchase intent with a clear ROI path.,"Luxury Lifestyle in cluster 1: prioritize Airport Lounge Access, Hotel Discounts, Lifestyle Offers. Luxury Lifestyle customers in cluster 1 show a strong fit for Airport Lounge Access, Hotel Discounts, Lifestyle Offers based on spend, engagement, and reward behavior Expected impact: Moderate uplift in engagement and repeat purchase intent with a clear ROI path."
C0150,0,Digital Explorer,"[{'reward_name': 'Cashback', 'score': 80.88, 'reason': 'Digital Explorer customers respond well to cashback because the offer is aligned to their security preference and reward behavior.', 'business_benefit': 'Improves loyalty performance and encourages repeat purchases.', 'customer_benefit': 'Helps the customer receive more value from their purchases through cashback.'}, {'reward_name': 'Electronics Discounts', 'score': 79.68, 'reason': 'Digital Explorer customers respond well to electronics discounts because the offer is aligned to their security preference and reward behavior.', 'business_benefit': 'Improves loyalty performance and encourages repeat purchases.', 'customer_benefit': 'Helps the customer receive more value from their purchases through electronics discounts.'}, {'reward_name': 'Shopping Vouchers', 'score': 79.18, 'reason': 'Digital Explorer customers respond well to shopping vouchers because the offer is aligned to their security preference and reward behavior.', 'business_benefit': 'Improves loyalty performance and encourages repeat purchases.', 'customer_benefit': 'Helps the customer receive more value from their purchases through shopping vouchers.'}]","[80.88, 79.68, 79.18]","Digital Explorer customers in cluster 0 show a strong fit for Cashback, Electronics Discounts, Shopping Vouchers based on spend, engagement, and reward behavior.",Moderate uplift in engagement and repeat purchase intent with a clear ROI path.,"Digital Explorer in cluster 0: prioritize Cashback, Electronics Discounts, Shopping Vouchers. Digital Explorer customers in cluster 0 show a strong fit for Cashback, Electronics Discounts, Shopping Vouchers based on spend, engagement, and reward behavior Expected impact: Moderate uplift in engagement and repeat purchase intent with a clear ROI path."
C0151,1,Luxury Lifestyle,"[{'reward_name': 'Airport Lounge Access', 'score': 84.48, 'reason': 'Luxury Lifestyle customers respond well to airport lounge access because the offer is aligned to their tv preference and reward behavior.', 'business_benefit': 'Improves loyalty performance and encourages repeat purchases.', 'customer_benefit': 'Helps the customer receive more value from their purchases through airport lounge access.'}, {'reward_name': 'Hotel Discounts', 'score': 82.78, 'reason': 'Luxury Lifestyle customers respond well to hotel discounts because the offer is aligned to their tv preference and reward behavior.', 'business_benefit': 'Improves loyalty performance and encourages repeat purchases.', 'customer_benefit': 'Helps the customer receive more value from their purchases through hotel discounts.'}, {'reward_name': 'Lifestyle Offers', 'score': 82.78, 'reason': 'Luxury Lifestyle customers respond well to lifestyle offers because the offer is aligned to their tv preference and reward behavior.', 'business_benefit': 'Improves loyalty performance and encourages repeat purchases.', 'customer_benefit': 'Helps the customer receive more value from their purchases through lifestyle offers.'}]","[84.48, 82.78, 82.78]","Luxury Lifestyle customers in cluster 1 show a strong fit for Airport Lounge Access, Hotel Discounts, Lifestyle Offers based on spend, engagement, and reward behavior.",Moderate uplift in engagement and repeat purchase intent with a clear ROI path.,"Luxury Lifestyle in cluster 1: prioritize Airport Lounge Access, Hotel Discounts, Lifestyle Offers. Luxury Lifestyle customers in cluster 1 show a strong fit for Airport Lounge Access, Hotel Discounts, Lifestyle Offers based on spend, engagement, and reward behavior Expected impact: Moderate uplift in engagement and repeat purchase intent with a clear ROI path."
C0152,1,Luxury Lifestyle,"[{'reward_name': 'Airport Lounge Access', 'score': 90.59, 'reason': 'Luxury Lifestyle customers respond well to airport lounge access because the offer is aligned to their audio preference and reward behavior.', 'business_benefit': 'Improves loyalty performance and encourages repeat purchases.', 'customer_benefit': 'Helps the customer receive more value from their purchases through airport lounge access.'}, {'reward_name': 'Hotel Discounts', 'score': 88.89, 'reason': 'Luxury Lifestyle customers respond well to hotel discounts because the offer is aligned to their audio preference and reward behavior.', 'business_benefit': 'Improves loyalty performance and encourages repeat purchases.', 'customer_benefit': 'Helps the customer receive more value from their purchases through hotel discounts.'}, {'reward_name': 'Lifestyle Offers', 'score': 88.89, 'reason': 'Luxury Lifestyle customers respond well to lifestyle offers because the offer is aligned to their audio preference and reward behavior.', 'business_benefit': 'Improves loyalty performance and encourages repeat purchases.', 'customer_benefit': 'Helps the customer receive more value from their purchases through lifestyle offers.'}]","[90.59, 88.89, 88.89]","Luxury Lifestyle customers in cluster 1 show a strong fit for Airport Lounge Access, Hotel Discounts, Lifestyle Offers based on spend, engagement, and reward behavior.",Moderate uplift in engagement and repeat purchase intent with a clear ROI path.,"Luxury Lifestyle in cluster 1: prioritize Airport Lounge Access, Hotel Discounts, Lifestyle Offers. Luxury Lifestyle customers in cluster 1 show a strong fit for Airport Lounge Access, Hotel Discounts, Lifestyle Offers based on spend, engagement, and reward behavior Expected impact: Moderate uplift in engagement and repeat purchase intent with a clear ROI path."
C0153,2,Value Shopper,"[{'reward_name': 'Travel Cashback', 'score': 83.5, 'reason': 'Value Shopper customers respond well to travel cashback because the offer is aligned to their smart home preference and reward behavior.', 'business_benefit': 'Improves loyalty performance and encourages repeat purchases.', 'customer_benefit': 'Helps the customer receive more value from their purchases through travel cashback.'}, {'reward_name': 'Cashback', 'score': 82.2, 'reason': 'Value Shopper customers respond well to cashback because the offer is aligned to their smart home preference and reward behavior.', 'business_benefit': 'Improves loyalty performance and encourages repeat purchases.', 'customer_benefit': 'Helps the customer receive more value from their purchases through cashback.'}, {'reward_name': 'Shopping Vouchers', 'score': 80.5, 'reason': 'Value Shopper customers respond well to shopping vouchers because the offer is aligned to their smart home preference and reward behavior.', 'business_benefit': 'Improves loyalty performance and encourages repeat purchases.', 'customer_benefit': 'Helps the customer receive more value from their purchases through shopping vouchers.'}]","[83.5, 82.2, 80.5]","Value Shopper customers in cluster 2 show a strong fit for Travel Cashback, Cashback, Shopping Vouchers based on spend, engagement, and reward behavior.",Moderate uplift in engagement and repeat purchase intent with a clear ROI path.,"Value Shopper in cluster 2: prioritize Travel Cashback, Cashback, Shopping Vouchers. Value Shopper customers in cluster 2 show a strong fit for Travel Cashback, Cashback, Shopping Vouchers based on spend, engagement, and reward behavior Expected impact: Moderate uplift in engagement and repeat purchase intent with a clear ROI path."
C0154,0,Digital Explorer,"[{'reward_name': 'Cashback', 'score': 78.44, 'reason': 'Digital Explorer customers respond well to cashback because the offer is aligned to their tv preference and reward behavior.', 'business_benefit': 'Improves loyalty performance and encourages repeat purchases.', 'customer_benefit': 'Helps the customer receive more value from their purchases through cashback.'}, {'reward_name': 'Shopping Vouchers', 'score': 76.74, 'reason': 'Digital Explorer customers respond well to shopping vouchers because the offer is aligned to their tv preference and reward behavior.', 'business_benefit': 'Improves loyalty performance and encourages repeat purchases.', 'customer_benefit': 'Helps the customer receive more value from their purchases through shopping vouchers.'}, {'reward_name': 'Dining Offers', 'score': 73.54, 'reason': 'Digital Explorer customers respond well to dining offers because the offer is aligned to their tv preference and reward behavior.', 'business_benefit': 'Improves loyalty performance and encourages repeat purchases.', 'customer_benefit': 'Helps the customer receive more value from their purchases through dining offers.'}]","[78.44, 76.74, 73.54]","Digital Explorer customers in cluster 0 show a strong fit for Cashback, Shopping Vouchers, Dining Offers based on spend, engagement, and reward behavior.",Moderate uplift in engagement and repeat purchase intent with a clear ROI path.,"Digital Explorer in cluster 0: prioritize Cashback, Shopping Vouchers, Dining Offers. Digital Explorer customers in cluster 0 show a strong fit for Cashback, Shopping Vouchers, Dining Offers based on spend, engagement, and reward behavior Expected impact: Moderate uplift in engagement and repeat purchase intent with a clear ROI path."
C0155,1,Luxury Lifestyle,"[{'reward_name': 'Airport Lounge Access', 'score': 91.58, 'reason': 'Luxury Lifestyle customers respond well to airport lounge access because the offer is aligned to their audio preference and reward behavior.', 'business_benefit': 'Improves loyalty performance and encourages repeat purchases.', 'customer_benefit': 'Helps the customer receive more value from their purchases through airport lounge access.'}, {'reward_name': 'Hotel Discounts', 'score': 89.88, 'reason': 'Luxury Lifestyle customers respond well to hotel discounts because the offer is aligned to their audio preference and reward behavior.', 'business_benefit': 'Improves loyalty performance and encourages repeat purchases.', 'customer_benefit': 'Helps the customer receive more value from their purchases through hotel discounts.'}, {'reward_name': 'Lifestyle Offers', 'score': 89.88, 'reason': 'Luxury Lifestyle customers respond well to lifestyle offers because the offer is aligned to their audio preference and reward behavior.', 'business_benefit': 'Improves loyalty performance and encourages repeat purchases.', 'customer_benefit': 'Helps the customer receive more value from their purchases through lifestyle offers.'}]","[91.58, 89.88, 89.88]","Luxury Lifestyle customers in cluster 1 show a strong fit for Airport Lounge Access, Hotel Discounts, Lifestyle Offers based on spend, engagement, and reward behavior.",Moderate uplift in engagement and repeat purchase intent with a clear ROI path.,"Luxury Lifestyle in cluster 1: prioritize Airport Lounge Access, Hotel Discounts, Lifestyle Offers. Luxury Lifestyle customers in cluster 1 show a strong fit for Airport Lounge Access, Hotel Discounts, Lifestyle Offers based on spend, engagement, and reward behavior Expected impact: Moderate uplift in engagement and repeat purchase intent with a clear ROI path."
C0156,2,Value Shopper,"[{'reward_name': 'Cashback', 'score': 83.49, 'reason': 'Value Shopper customers respond well to cashback because the offer is aligned to their audio preference and reward behavior.', 'business_benefit': 'Improves loyalty performance and encourages repeat purchases.', 'customer_benefit': 'Helps the customer receive more value from their purchases through cashback.'}, {'reward_name': 'Shopping Vouchers', 'score': 81.79, 'reason': 'Value Shopper customers respond well to shopping vouchers because the offer is aligned to their audio preference and reward behavior.', 'business_benefit': 'Improves loyalty performance and encourages repeat purchases.', 'customer_benefit': 'Helps the customer receive more value from their purchases through shopping vouchers.'}, {'reward_name': 'Travel Cashback', 'score': 81.79, 'reason': 'Value Shopper customers respond well to travel cashback because the offer is aligned to their audio preference and reward behavior.', 'business_benefit': 'Improves loyalty performance and encourages repeat purchases.', 'customer_benefit': 'Helps the customer receive more value from their purchases through travel cashback.'}]","[83.49, 81.79, 81.79]","Value Shopper customers in cluster 2 show a strong fit for Cashback, Shopping Vouchers, Travel Cashback based on spend, engagement, and reward behavior.",Moderate uplift in engagement and repeat purchase intent with a clear ROI path.,"Value Shopper in cluster 2: prioritize Cashback, Shopping Vouchers, Travel Cashback. Value Shopper customers in cluster 2 show a strong fit for Cashback, Shopping Vouchers, Travel Cashback based on spend, engagement, and reward behavior Expected impact: Moderate uplift in engagement and repeat purchase intent with a clear ROI path."
C0157,0,Digital Explorer,"[{'reward_name': 'Cashback', 'score': 80.86, 'reason': 'Digital Explorer customers respond well to cashback because the offer is aligned to their audio preference and reward behavior.', 'business_benefit': 'Improves loyalty performance and encourages repeat purchases.', 'customer_benefit': 'Helps the customer receive more value from their purchases through cashback.'}, {'reward_name': 'Electronics Discounts', 'score': 79.66, 'reason': 'Digital Explorer customers respond well to electronics discounts because the offer is aligned to their audio preference and reward behavior.', 'business_benefit': 'Improves loyalty performance and encourages repeat purchases.', 'customer_benefit': 'Helps the customer receive more value from their purchases through electronics discounts.'}, {'reward_name': 'Shopping Vouchers', 'score': 79.16, 'reason': 'Digital Explorer customers respond well to shopping vouchers because the offer is aligned to their audio preference and reward behavior.', 'business_benefit': 'Improves loyalty performance and encourages repeat purchases.', 'customer_benefit': 'Helps the customer receive more value from their purchases through shopping vouchers.'}]","[80.86, 79.66, 79.16]","Digital Explorer customers in cluster 0 show a strong fit for Cashback, Electronics Discounts, Shopping Vouchers based on spend, engagement, and reward behavior.",Moderate uplift in engagement and repeat purchase intent with a clear ROI path.,"Digital Explorer in cluster 0: prioritize Cashback, Electronics Discounts, Shopping Vouchers. Digital Explorer customers in cluster 0 show a strong fit for Cashback, Electronics Discounts, Shopping Vouchers based on spend, engagement, and reward behavior Expected impact: Moderate uplift in engagement and repeat purchase intent with a clear ROI path."
C0158,0,Digital Explorer,"[{'reward_name': 'Electronics Discounts', 'score': 83.44, 'reason': 'Digital Explorer customers respond well to electronics discounts because the offer is aligned to their audio preference and reward behavior.', 'business_benefit': 'Improves loyalty performance and encourages repeat purchases.', 'customer_benefit': 'Helps the customer receive more value from their purchases through electronics discounts.'}, {'reward_name': 'Travel Cashback', 'score': 82.94, 'reason': 'Digital Explorer customers respond well to travel cashback because the offer is aligned to their audio preference and reward behavior.', 'business_benefit': 'Improves loyalty performance and encourages repeat purchases.', 'customer_benefit': 'Helps the customer receive more value from their purchases through travel cashback.'}, {'reward_name': 'Cashback', 'score': 81.64, 'reason': 'Digital Explorer customers respond well to cashback because the offer is aligned to their audio preference and reward behavior.', 'business_benefit': 'Improves loyalty performance and encourages repeat purchases.', 'customer_benefit': 'Helps the customer receive more value from their purchases through cashback.'}]","[83.44, 82.94, 81.64]","Digital Explorer customers in cluster 0 show a strong fit for Electronics Discounts, Travel Cashback, Cashback based on spend, engagement, and reward behavior.",Moderate uplift in engagement and repeat purchase intent with a clear ROI path.,"Digital Explorer in cluster 0: prioritize Electronics Discounts, Travel Cashback, Cashback. Digital Explorer customers in cluster 0 show a strong fit for Electronics Discounts, Travel Cashback, Cashback based on spend, engagement, and reward behavior Expected impact: Moderate uplift in engagement and repeat purchase intent with a clear ROI path."
C0159,0,Digital Explorer,"[{'reward_name': 'Electronics Discounts', 'score': 81.89, 'reason': 'Digital Explorer customers respond well to electronics discounts because the offer is aligned to their audio preference and reward behavior.', 'business_benefit': 'Improves loyalty performance and encourages repeat purchases.', 'customer_benefit': 'Helps the customer receive more value from their purchases through electronics discounts.'}, {'reward_name': 'Travel Cashback', 'score': 81.39, 'reason': 'Digital Explorer customers respond well to travel cashback because the offer is aligned to their audio preference and reward behavior.', 'business_benefit': 'Improves loyalty performance and encourages repeat purchases.', 'customer_benefit': 'Helps the customer receive more value from their purchases through travel cashback.'}, {'reward_name': 'Cashback', 'score': 80.09, 'reason': 'Digital Explorer customers respond well to cashback because the offer is aligned to their audio preference and reward behavior.', 'business_benefit': 'Improves loyalty performance and encourages repeat purchases.', 'customer_benefit': 'Helps the customer receive more value from their purchases through cashback.'}]","[81.89, 81.39, 80.09]","Digital Explorer customers in cluster 0 show a strong fit for Electronics Discounts, Travel Cashback, Cashback based on spend, engagement, and reward behavior.",Moderate uplift in engagement and repeat purchase intent with a clear ROI path.,"Digital Explorer in cluster 0: prioritize Electronics Discounts, Travel Cashback, Cashback. Digital Explorer customers in cluster 0 show a strong fit for Electronics Discounts, Travel Cashback, Cashback based on spend, engagement, and reward behavior Expected impact: Moderate uplift in engagement and repeat purchase intent with a clear ROI path."
C0160,1,Luxury Lifestyle,"[{'reward_name': 'Airport Lounge Access', 'score': 88.12, 'reason': 'Luxury Lifestyle customers respond well to airport lounge access because the offer is aligned to their audio preference and reward behavior.', 'business_benefit': 'Improves loyalty performance and encourages repeat purchases.', 'customer_benefit': 'Helps the customer receive more value from their purchases through airport lounge access.'}, {'reward_name': 'Hotel Discounts', 'score': 86.42, 'reason': 'Luxury Lifestyle customers respond well to hotel discounts because the offer is aligned to their audio preference and reward behavior.', 'business_benefit': 'Improves loyalty performance and encourages repeat purchases.', 'customer_benefit': 'Helps the customer receive more value from their purchases through hotel discounts.'}, {'reward_name': 'Lifestyle Offers', 'score': 86.42, 'reason': 'Luxury Lifestyle customers respond well to lifestyle offers because the offer is aligned to their audio preference and reward behavior.', 'business_benefit': 'Improves loyalty performance and encourages repeat purchases.', 'customer_benefit': 'Helps the customer receive more value from their purchases through lifestyle offers.'}]","[88.12, 86.42, 86.42]","Luxury Lifestyle customers in cluster 1 show a strong fit for Airport Lounge Access, Hotel Discounts, Lifestyle Offers based on spend, engagement, and reward behavior.",Moderate uplift in engagement and repeat purchase intent with a clear ROI path.,"Luxury Lifestyle in cluster 1: prioritize Airport Lounge Access, Hotel Discounts, Lifestyle Offers. Luxury Lifestyle customers in cluster 1 show a strong fit for Airport Lounge Access, Hotel Discounts, Lifestyle Offers based on spend, engagement, and reward behavior Expected impact: Moderate uplift in engagement and repeat purchase intent with a clear ROI path."
C0161,0,Digital Explorer,"[{'reward_name': 'Electronics Discounts', 'score': 82.84, 'reason': 'Digital Explorer customers respond well to electronics discounts because the offer is aligned to their security preference and reward behavior.', 'business_benefit': 'Improves loyalty performance and encourages repeat purchases.', 'customer_benefit': 'Helps the customer receive more value from their purchases through electronics discounts.'}, {'reward_name': 'Travel Cashback', 'score': 82.34, 'reason': 'Digital Explorer customers respond well to travel cashback because the offer is aligned to their security preference and reward behavior.', 'business_benefit': 'Improves loyalty performance and encourages repeat purchases.', 'customer_benefit': 'Helps the customer receive more value from their purchases through travel cashback.'}, {'reward_name': 'Cashback', 'score': 81.04, 'reason': 'Digital Explorer customers respond well to cashback because the offer is aligned to their security preference and reward behavior.', 'business_benefit': 'Improves loyalty performance and encourages repeat purchases.', 'customer_benefit': 'Helps the customer receive more value from their purchases through cashback.'}]","[82.84, 82.34, 81.04]","Digital Explorer customers in cluster 0 show a strong fit for Electronics Discounts, Travel Cashback, Cashback based on spend, engagement, and reward behavior.",Moderate uplift in engagement and repeat purchase intent with a clear ROI path.,"Digital Explorer in cluster 0: prioritize Electronics Discounts, Travel Cashback, Cashback. Digital Explorer customers in cluster 0 show a strong fit for Electronics Discounts, Travel Cashback, Cashback based on spend, engagement, and reward behavior Expected impact: Moderate uplift in engagement and repeat purchase intent with a clear ROI path."
C0162,1,Luxury Lifestyle,"[{'reward_name': 'Airport Lounge Access', 'score': 90.96, 'reason': 'Luxury Lifestyle customers respond well to airport lounge access because the offer is aligned to their smartphone preference and reward behavior.', 'business_benefit': 'Improves loyalty performance and encourages repeat purchases.', 'customer_benefit': 'Helps the customer receive more value from their purchases through airport lounge access.'}, {'reward_name': 'Hotel Discounts', 'score': 89.26, 'reason': 'Luxury Lifestyle customers respond well to hotel discounts because the offer is aligned to their smartphone preference and reward behavior.', 'business_benefit': 'Improves loyalty performance and encourages repeat purchases.', 'customer_benefit': 'Helps the customer receive more value from their purchases through hotel discounts.'}, {'reward_name': 'Lifestyle Offers', 'score': 89.26, 'reason': 'Luxury Lifestyle customers respond well to lifestyle offers because the offer is aligned to their smartphone preference and reward behavior.', 'business_benefit': 'Improves loyalty performance and encourages repeat purchases.', 'customer_benefit': 'Helps the customer receive more value from their purchases through lifestyle offers.'}]","[90.96, 89.26, 89.26]","Luxury Lifestyle customers in cluster 1 show a strong fit for Airport Lounge Access, Hotel Discounts, Lifestyle Offers based on spend, engagement, and reward behavior.",Moderate uplift in engagement and repeat purchase intent with a clear ROI path.,"Luxury Lifestyle in cluster 1: prioritize Airport Lounge Access, Hotel Discounts, Lifestyle Offers. Luxury Lifestyle customers in cluster 1 show a strong fit for Airport Lounge Access, Hotel Discounts, Lifestyle Offers based on spend, engagement, and reward behavior Expected impact: Moderate uplift in engagement and repeat purchase intent with a clear ROI path."
C0163,2,Value Shopper,"[{'reward_name': 'Cashback', 'score': 76.89, 'reason': 'Value Shopper customers respond well to cashback because the offer is aligned to their audio preference and reward behavior.', 'business_benefit': 'Improves loyalty performance and encourages repeat purchases.', 'customer_benefit': 'Helps the customer receive more value from their purchases through cashback.'}, {'reward_name': 'Shopping Vouchers', 'score': 75.19, 'reason': 'Value Shopper customers respond well to shopping vouchers because the offer is aligned to their audio preference and reward behavior.', 'business_benefit': 'Improves loyalty performance and encourages repeat purchases.', 'customer_benefit': 'Helps the customer receive more value from their purchases through shopping vouchers.'}, {'reward_name': 'Reward Points', 'score': 74.69, 'reason': 'Value Shopper customers respond well to reward points because the offer is aligned to their audio preference and reward behavior.', 'business_benefit': 'Improves loyalty performance and encourages repeat purchases.', 'customer_benefit': 'Helps the customer receive more value from their purchases through reward points.'}]","[76.89, 75.19, 74.69]","Value Shopper customers in cluster 2 show a strong fit for Cashback, Shopping Vouchers, Reward Points based on spend, engagement, and reward behavior.",Moderate uplift in engagement and repeat purchase intent with a clear ROI path.,"Value Shopper in cluster 2: prioritize Cashback, Shopping Vouchers, Reward Points. Value Shopper customers in cluster 2 show a strong fit for Cashback, Shopping Vouchers, Reward Points based on spend, engagement, and reward behavior Expected impact: Moderate uplift in engagement and repeat purchase intent with a clear ROI path."
C0164,2,Value Shopper,"[{'reward_name': 'Cashback', 'score': 78.82, 'reason': 'Value Shopper customers respond well to cashback because the offer is aligned to their smart home preference and reward behavior.', 'business_benefit': 'Improves loyalty performance and encourages repeat purchases.', 'customer_benefit': 'Helps the customer receive more value from their purchases through cashback.'}, {'reward_name': 'Shopping Vouchers', 'score': 77.12, 'reason': 'Value Shopper customers respond well to shopping vouchers because the offer is aligned to their smart home preference and reward behavior.', 'business_benefit': 'Improves loyalty performance and encourages repeat purchases.', 'customer_benefit': 'Helps the customer receive more value from their purchases through shopping vouchers.'}, {'reward_name': 'Travel Cashback', 'score': 77.12, 'reason': 'Value Shopper customers respond well to travel cashback because the offer is aligned to their smart home preference and reward behavior.', 'business_benefit': 'Improves loyalty performance and encourages repeat purchases.', 'customer_benefit': 'Helps the customer receive more value from their purchases through travel cashback.'}]","[78.82, 77.12, 77.12]","Value Shopper customers in cluster 2 show a strong fit for Cashback, Shopping Vouchers, Travel Cashback based on spend, engagement, and reward behavior.",Moderate uplift in engagement and repeat purchase intent with a clear ROI path.,"Value Shopper in cluster 2: prioritize Cashback, Shopping Vouchers, Travel Cashback. Value Shopper customers in cluster 2 show a strong fit for Cashback, Shopping Vouchers, Travel Cashback based on spend, engagement, and reward behavior Expected impact: Moderate uplift in engagement and repeat purchase intent with a clear ROI path."
C0165,0,Digital Explorer,"[{'reward_name': 'Electronics Discounts', 'score': 83.16, 'reason': 'Digital Explorer customers respond well to electronics discounts because the offer is aligned to their audio preference and reward behavior.', 'business_benefit': 'Improves loyalty performance and encourages repeat purchases.', 'customer_benefit': 'Helps the customer receive more value from their purchases through electronics discounts.'}, {'reward_name': 'Travel Cashback', 'score': 82.66, 'reason': 'Digital Explorer customers respond well to travel cashback because the offer is aligned to their audio preference and reward behavior.', 'business_benefit': 'Improves loyalty performance and encourages repeat purchases.', 'customer_benefit': 'Helps the customer receive more value from their purchases through travel cashback.'}, {'reward_name': 'Cashback', 'score': 81.36, 'reason': 'Digital Explorer customers respond well to cashback because the offer is aligned to their audio preference and reward behavior.', 'business_benefit': 'Improves loyalty performance and encourages repeat purchases.', 'customer_benefit': 'Helps the customer receive more value from their purchases through cashback.'}]","[83.16, 82.66, 81.36]","Digital Explorer customers in cluster 0 show a strong fit for Electronics Discounts, Travel Cashback, Cashback based on spend, engagement, and reward behavior.",Moderate uplift in engagement and repeat purchase intent with a clear ROI path.,"Digital Explorer in cluster 0: prioritize Electronics Discounts, Travel Cashback, Cashback. Digital Explorer customers in cluster 0 show a strong fit for Electronics Discounts, Travel Cashback, Cashback based on spend, engagement, and reward behavior Expected impact: Moderate uplift in engagement and repeat purchase intent with a clear ROI path."
C0166,2,Value Shopper,"[{'reward_name': 'Cashback', 'score': 80.08, 'reason': 'Value Shopper customers respond well to cashback because the offer is aligned to their audio preference and reward behavior.', 'business_benefit': 'Improves loyalty performance and encourages repeat purchases.', 'customer_benefit': 'Helps the customer receive more value from their purchases through cashback.'}, {'reward_name': 'Shopping Vouchers', 'score': 78.38, 'reason': 'Value Shopper customers respond well to shopping vouchers because the offer is aligned to their audio preference and reward behavior.', 'business_benefit': 'Improves loyalty performance and encourages repeat purchases.', 'customer_benefit': 'Helps the customer receive more value from their purchases through shopping vouchers.'}, {'reward_name': 'Travel Cashback', 'score': 78.38, 'reason': 'Value Shopper customers respond well to travel cashback because the offer is aligned to their audio preference and reward behavior.', 'business_benefit': 'Improves loyalty performance and encourages repeat purchases.', 'customer_benefit': 'Helps the customer receive more value from their purchases through travel cashback.'}]","[80.08, 78.38, 78.38]","Value Shopper customers in cluster 2 show a strong fit for Cashback, Shopping Vouchers, Travel Cashback based on spend, engagement, and reward behavior.",Moderate uplift in engagement and repeat purchase intent with a clear ROI path.,"Value Shopper in cluster 2: prioritize Cashback, Shopping Vouchers, Travel Cashback. Value Shopper customers in cluster 2 show a strong fit for Cashback, Shopping Vouchers, Travel Cashback based on spend, engagement, and reward behavior Expected impact: Moderate uplift in engagement and repeat purchase intent with a clear ROI path."
C0167,2,Value Shopper,"[{'reward_name': 'Travel Cashback', 'score': 80.97, 'reason': 'Value Shopper customers respond well to travel cashback because the offer is aligned to their tv preference and reward behavior.', 'business_benefit': 'Improves loyalty performance and encourages repeat purchases.', 'customer_benefit': 'Helps the customer receive more value from their purchases through travel cashback.'}, {'reward_name': 'Cashback', 'score': 79.67, 'reason': 'Value Shopper customers respond well to cashback because the offer is aligned to their tv preference and reward behavior.', 'business_benefit': 'Improves loyalty performance and encourages repeat purchases.', 'customer_benefit': 'Helps the customer receive more value from their purchases through cashback.'}, {'reward_name': 'Shopping Vouchers', 'score': 77.97, 'reason': 'Value Shopper customers respond well to shopping vouchers because the offer is aligned to their tv preference and reward behavior.', 'business_benefit': 'Improves loyalty performance and encourages repeat purchases.', 'customer_benefit': 'Helps the customer receive more value from their purchases through shopping vouchers.'}]","[80.97, 79.67, 77.97]","Value Shopper customers in cluster 2 show a strong fit for Travel Cashback, Cashback, Shopping Vouchers based on spend, engagement, and reward behavior.",Moderate uplift in engagement and repeat purchase intent with a clear ROI path.,"Value Shopper in cluster 2: prioritize Travel Cashback, Cashback, Shopping Vouchers. Value Shopper customers in cluster 2 show a strong fit for Travel Cashback, Cashback, Shopping Vouchers based on spend, engagement, and reward behavior Expected impact: Moderate uplift in engagement and repeat purchase intent with a clear ROI path."
C0168,1,Luxury Lifestyle,"[{'reward_name': 'Airport Lounge Access', 'score': 84.77, 'reason': 'Luxury Lifestyle customers respond well to airport lounge access because the offer is aligned to their tv preference and reward behavior.', 'business_benefit': 'Improves loyalty performance and encourages repeat purchases.', 'customer_benefit': 'Helps the customer receive more value from their purchases through airport lounge access.'}, {'reward_name': 'Hotel Discounts', 'score': 83.07, 'reason': 'Luxury Lifestyle customers respond well to hotel discounts because the offer is aligned to their tv preference and reward behavior.', 'business_benefit': 'Improves loyalty performance and encourages repeat purchases.', 'customer_benefit': 'Helps the customer receive more value from their purchases through hotel discounts.'}, {'reward_name': 'Lifestyle Offers', 'score': 83.07, 'reason': 'Luxury Lifestyle customers respond well to lifestyle offers because the offer is aligned to their tv preference and reward behavior.', 'business_benefit': 'Improves loyalty performance and encourages repeat purchases.', 'customer_benefit': 'Helps the customer receive more value from their purchases through lifestyle offers.'}]","[84.77, 83.07, 83.07]","Luxury Lifestyle customers in cluster 1 show a strong fit for Airport Lounge Access, Hotel Discounts, Lifestyle Offers based on spend, engagement, and reward behavior.",Moderate uplift in engagement and repeat purchase intent with a clear ROI path.,"Luxury Lifestyle in cluster 1: prioritize Airport Lounge Access, Hotel Discounts, Lifestyle Offers. Luxury Lifestyle customers in cluster 1 show a strong fit for Airport Lounge Access, Hotel Discounts, Lifestyle Offers based on spend, engagement, and reward behavior Expected impact: Moderate uplift in engagement and repeat purchase intent with a clear ROI path."
C0169,1,Luxury Lifestyle,"[{'reward_name': 'Airport Lounge Access', 'score': 86.41, 'reason': 'Luxury Lifestyle customers respond well to airport lounge access because the offer is aligned to their security preference and reward behavior.', 'business_benefit': 'Improves loyalty performance and encourages repeat purchases.', 'customer_benefit': 'Helps the customer receive more value from their purchases through airport lounge access.'}, {'reward_name': 'Hotel Discounts', 'score': 84.71, 'reason': 'Luxury Lifestyle customers respond well to hotel discounts because the offer is aligned to their security preference and reward behavior.', 'business_benefit': 'Improves loyalty performance and encourages repeat purchases.', 'customer_benefit': 'Helps the customer receive more value from their purchases through hotel discounts.'}, {'reward_name': 'Lifestyle Offers', 'score': 84.71, 'reason': 'Luxury Lifestyle customers respond well to lifestyle offers because the offer is aligned to their security preference and reward behavior.', 'business_benefit': 'Improves loyalty performance and encourages repeat purchases.', 'customer_benefit': 'Helps the customer receive more value from their purchases through lifestyle offers.'}]","[86.41, 84.71, 84.71]","Luxury Lifestyle customers in cluster 1 show a strong fit for Airport Lounge Access, Hotel Discounts, Lifestyle Offers based on spend, engagement, and reward behavior.",Moderate uplift in engagement and repeat purchase intent with a clear ROI path.,"Luxury Lifestyle in cluster 1: prioritize Airport Lounge Access, Hotel Discounts, Lifestyle Offers. Luxury Lifestyle customers in cluster 1 show a strong fit for Airport Lounge Access, Hotel Discounts, Lifestyle Offers based on spend, engagement, and reward behavior Expected impact: Moderate uplift in engagement and repeat purchase intent with a clear ROI path."
C0170,0,Digital Explorer,"[{'reward_name': 'Cashback', 'score': 78.78, 'reason': 'Digital Explorer customers respond well to cashback because the offer is aligned to their audio preference and reward behavior.', 'business_benefit': 'Improves loyalty performance and encourages repeat purchases.', 'customer_benefit': 'Helps the customer receive more value from their purchases through cashback.'}, {'reward_name': 'Shopping Vouchers', 'score': 77.08, 'reason': 'Digital Explorer customers respond well to shopping vouchers because the offer is aligned to their audio preference and reward behavior.', 'business_benefit': 'Improves loyalty performance and encourages repeat purchases.', 'customer_benefit': 'Helps the customer receive more value from their purchases through shopping vouchers.'}, {'reward_name': 'Dining Offers', 'score': 73.88, 'reason': 'Digital Explorer customers respond well to dining offers because the offer is aligned to their audio preference and reward behavior.', 'business_benefit': 'Improves loyalty performance and encourages repeat purchases.', 'customer_benefit': 'Helps the customer receive more value from their purchases through dining offers.'}]","[78.78, 77.08, 73.88]","Digital Explorer customers in cluster 0 show a strong fit for Cashback, Shopping Vouchers, Dining Offers based on spend, engagement, and reward behavior.",Moderate uplift in engagement and repeat purchase intent with a clear ROI path.,"Digital Explorer in cluster 0: prioritize Cashback, Shopping Vouchers, Dining Offers. Digital Explorer customers in cluster 0 show a strong fit for Cashback, Shopping Vouchers, Dining Offers based on spend, engagement, and reward behavior Expected impact: Moderate uplift in engagement and repeat purchase intent with a clear ROI path."
C0171,1,Luxury Lifestyle,"[{'reward_name': 'Airport Lounge Access', 'score': 82.64, 'reason': 'Luxury Lifestyle customers respond well to airport lounge access because the offer is aligned to their tv preference and reward behavior.', 'business_benefit': 'Improves loyalty performance and encourages repeat purchases.', 'customer_benefit': 'Helps the customer receive more value from their purchases through airport lounge access.'}, {'reward_name': 'Hotel Discounts', 'score': 80.94, 'reason': 'Luxury Lifestyle customers respond well to hotel discounts because the offer is aligned to their tv preference and reward behavior.', 'business_benefit': 'Improves loyalty performance and encourages repeat purchases.', 'customer_benefit': 'Helps the customer receive more value from their purchases through hotel discounts.'}, {'reward_name': 'Lifestyle Offers', 'score': 80.94, 'reason': 'Luxury Lifestyle customers respond well to lifestyle offers because the offer is aligned to their tv preference and reward behavior.', 'business_benefit': 'Improves loyalty performance and encourages repeat purchases.', 'customer_benefit': 'Helps the customer receive more value from their purchases through lifestyle offers.'}]","[82.64, 80.94, 80.94]","Luxury Lifestyle customers in cluster 1 show a strong fit for Airport Lounge Access, Hotel Discounts, Lifestyle Offers based on spend, engagement, and reward behavior.",Moderate uplift in engagement and repeat purchase intent with a clear ROI path.,"Luxury Lifestyle in cluster 1: prioritize Airport Lounge Access, Hotel Discounts, Lifestyle Offers. Luxury Lifestyle customers in cluster 1 show a strong fit for Airport Lounge Access, Hotel Discounts, Lifestyle Offers based on spend, engagement, and reward behavior Expected impact: Moderate uplift in engagement and repeat purchase intent with a clear ROI path."
C0172,0,Digital Explorer,"[{'reward_name': 'Electronics Discounts', 'score': 85.2, 'reason': 'Digital Explorer customers respond well to electronics discounts because the offer is aligned to their audio preference and reward behavior.', 'business_benefit': 'Improves loyalty performance and encourages repeat purchases.', 'customer_benefit': 'Helps the customer receive more value from their purchases through electronics discounts.'}, {'reward_name': 'Travel Cashback', 'score': 84.7, 'reason': 'Digital Explorer customers respond well to travel cashback because the offer is aligned to their audio preference and reward behavior.', 'business_benefit': 'Improves loyalty performance and encourages repeat purchases.', 'customer_benefit': 'Helps the customer receive more value from their purchases through travel cashback.'}, {'reward_name': 'Cashback', 'score': 83.4, 'reason': 'Digital Explorer customers respond well to cashback because the offer is aligned to their audio preference and reward behavior.', 'business_benefit': 'Improves loyalty performance and encourages repeat purchases.', 'customer_benefit': 'Helps the customer receive more value from their purchases through cashback.'}]","[85.2, 84.7, 83.4]","Digital Explorer customers in cluster 0 show a strong fit for Electronics Discounts, Travel Cashback, Cashback based on spend, engagement, and reward behavior.",Moderate uplift in engagement and repeat purchase intent with a clear ROI path.,"Digital Explorer in cluster 0: prioritize Electronics Discounts, Travel Cashback, Cashback. Digital Explorer customers in cluster 0 show a strong fit for Electronics Discounts, Travel Cashback, Cashback based on spend, engagement, and reward behavior Expected impact: Moderate uplift in engagement and repeat purchase intent with a clear ROI path."
C0173,0,Digital Explorer,"[{'reward_name': 'Electronics Discounts', 'score': 82.71, 'reason': 'Digital Explorer customers respond well to electronics discounts because the offer is aligned to their audio preference and reward behavior.', 'business_benefit': 'Improves loyalty performance and encourages repeat purchases.', 'customer_benefit': 'Helps the customer receive more value from their purchases through electronics discounts.'}, {'reward_name': 'Travel Cashback', 'score': 82.21, 'reason': 'Digital Explorer customers respond well to travel cashback because the offer is aligned to their audio preference and reward behavior.', 'business_benefit': 'Improves loyalty performance and encourages repeat purchases.', 'customer_benefit': 'Helps the customer receive more value from their purchases through travel cashback.'}, {'reward_name': 'Cashback', 'score': 80.91, 'reason': 'Digital Explorer customers respond well to cashback because the offer is aligned to their audio preference and reward behavior.', 'business_benefit': 'Improves loyalty performance and encourages repeat purchases.', 'customer_benefit': 'Helps the customer receive more value from their purchases through cashback.'}]","[82.71, 82.21, 80.91]","Digital Explorer customers in cluster 0 show a strong fit for Electronics Discounts, Travel Cashback, Cashback based on spend, engagement, and reward behavior.",Moderate uplift in engagement and repeat purchase intent with a clear ROI path.,"Digital Explorer in cluster 0: prioritize Electronics Discounts, Travel Cashback, Cashback. Digital Explorer customers in cluster 0 show a strong fit for Electronics Discounts, Travel Cashback, Cashback based on spend, engagement, and reward behavior Expected impact: Moderate uplift in engagement and repeat purchase intent with a clear ROI path."
C0174,0,Digital Explorer,"[{'reward_name': 'Electronics Discounts', 'score': 82.55, 'reason': 'Digital Explorer customers respond well to electronics discounts because the offer is aligned to their audio preference and reward behavior.', 'business_benefit': 'Improves loyalty performance and encourages repeat purchases.', 'customer_benefit': 'Helps the customer receive more value from their purchases through electronics discounts.'}, {'reward_name': 'Travel Cashback', 'score': 82.05, 'reason': 'Digital Explorer customers respond well to travel cashback because the offer is aligned to their audio preference and reward behavior.', 'business_benefit': 'Improves loyalty performance and encourages repeat purchases.', 'customer_benefit': 'Helps the customer receive more value from their purchases through travel cashback.'}, {'reward_name': 'Cashback', 'score': 80.75, 'reason': 'Digital Explorer customers respond well to cashback because the offer is aligned to their audio preference and reward behavior.', 'business_benefit': 'Improves loyalty performance and encourages repeat purchases.', 'customer_benefit': 'Helps the customer receive more value from their purchases through cashback.'}]","[82.55, 82.05, 80.75]","Digital Explorer customers in cluster 0 show a strong fit for Electronics Discounts, Travel Cashback, Cashback based on spend, engagement, and reward behavior.",Moderate uplift in engagement and repeat purchase intent with a clear ROI path.,"Digital Explorer in cluster 0: prioritize Electronics Discounts, Travel Cashback, Cashback. Digital Explorer customers in cluster 0 show a strong fit for Electronics Discounts, Travel Cashback, Cashback based on spend, engagement, and reward behavior Expected impact: Moderate uplift in engagement and repeat purchase intent with a clear ROI path."
C0175,2,Value Shopper,"[{'reward_name': 'Travel Cashback', 'score': 85.33, 'reason': 'Value Shopper customers respond well to travel cashback because the offer is aligned to their audio preference and reward behavior.', 'business_benefit': 'Improves loyalty performance and encourages repeat purchases.', 'customer_benefit': 'Helps the customer receive more value from their purchases through travel cashback.'}, {'reward_name': 'Cashback', 'score': 84.03, 'reason': 'Value Shopper customers respond well to cashback because the offer is aligned to their audio preference and reward behavior.', 'business_benefit': 'Improves loyalty performance and encourages repeat purchases.', 'customer_benefit': 'Helps the customer receive more value from their purchases through cashback.'}, {'reward_name': 'Shopping Vouchers', 'score': 82.33, 'reason': 'Value Shopper customers respond well to shopping vouchers because the offer is aligned to their audio preference and reward behavior.', 'business_benefit': 'Improves loyalty performance and encourages repeat purchases.', 'customer_benefit': 'Helps the customer receive more value from their purchases through shopping vouchers.'}]","[85.33, 84.03, 82.33]","Value Shopper customers in cluster 2 show a strong fit for Travel Cashback, Cashback, Shopping Vouchers based on spend, engagement, and reward behavior.",Moderate uplift in engagement and repeat purchase intent with a clear ROI path.,"Value Shopper in cluster 2: prioritize Travel Cashback, Cashback, Shopping Vouchers. Value Shopper customers in cluster 2 show a strong fit for Travel Cashback, Cashback, Shopping Vouchers based on spend, engagement, and reward behavior Expected impact: Moderate uplift in engagement and repeat purchase intent with a clear ROI path."
C0176,1,Luxury Lifestyle,"[{'reward_name': 'Airport Lounge Access', 'score': 91.94, 'reason': 'Luxury Lifestyle customers respond well to airport lounge access because the offer is aligned to their tv preference and reward behavior.', 'business_benefit': 'Improves loyalty performance and encourages repeat purchases.', 'customer_benefit': 'Helps the customer receive more value from their purchases through airport lounge access.'}, {'reward_name': 'Hotel Discounts', 'score': 90.24, 'reason': 'Luxury Lifestyle customers respond well to hotel discounts because the offer is aligned to their tv preference and reward behavior.', 'business_benefit': 'Improves loyalty performance and encourages repeat purchases.', 'customer_benefit': 'Helps the customer receive more value from their purchases through hotel discounts.'}, {'reward_name': 'Lifestyle Offers', 'score': 90.24, 'reason': 'Luxury Lifestyle customers respond well to lifestyle offers because the offer is aligned to their tv preference and reward behavior.', 'business_benefit': 'Improves loyalty performance and encourages repeat purchases.', 'customer_benefit': 'Helps the customer receive more value from their purchases through lifestyle offers.'}]","[91.94, 90.24, 90.24]","Luxury Lifestyle customers in cluster 1 show a strong fit for Airport Lounge Access, Hotel Discounts, Lifestyle Offers based on spend, engagement, and reward behavior.",Moderate uplift in engagement and repeat purchase intent with a clear ROI path.,"Luxury Lifestyle in cluster 1: prioritize Airport Lounge Access, Hotel Discounts, Lifestyle Offers. Luxury Lifestyle customers in cluster 1 show a strong fit for Airport Lounge Access, Hotel Discounts, Lifestyle Offers based on spend, engagement, and reward behavior Expected impact: Moderate uplift in engagement and repeat purchase intent with a clear ROI path."
C0177,0,Digital Explorer,"[{'reward_name': 'Electronics Discounts', 'score': 82.43, 'reason': 'Digital Explorer customers respond well to electronics discounts because the offer is aligned to their smart home preference and reward behavior.', 'business_benefit': 'Improves loyalty performance and encourages repeat purchases.', 'customer_benefit': 'Helps the customer receive more value from their purchases through electronics discounts.'}, {'reward_name': 'Travel Cashback', 'score': 81.93, 'reason': 'Digital Explorer customers respond well to travel cashback because the offer is aligned to their smart home preference and reward behavior.', 'business_benefit': 'Improves loyalty performance and encourages repeat purchases.', 'customer_benefit': 'Helps the customer receive more value from their purchases through travel cashback.'}, {'reward_name': 'Cashback', 'score': 80.63, 'reason': 'Digital Explorer customers respond well to cashback because the offer is aligned to their smart home preference and reward behavior.', 'business_benefit': 'Improves loyalty performance and encourages repeat purchases.', 'customer_benefit': 'Helps the customer receive more value from their purchases through cashback.'}]","[82.43, 81.93, 80.63]","Digital Explorer customers in cluster 0 show a strong fit for Electronics Discounts, Travel Cashback, Cashback based on spend, engagement, and reward behavior.",Moderate uplift in engagement and repeat purchase intent with a clear ROI path.,"Digital Explorer in cluster 0: prioritize Electronics Discounts, Travel Cashback, Cashback. Digital Explorer customers in cluster 0 show a strong fit for Electronics Discounts, Travel Cashback, Cashback based on spend, engagement, and reward behavior Expected impact: Moderate uplift in engagement and repeat purchase intent with a clear ROI path."
C0178,1,Luxury Lifestyle,"[{'reward_name': 'Airport Lounge Access', 'score': 88.74, 'reason': 'Luxury Lifestyle customers respond well to airport lounge access because the offer is aligned to their audio preference and reward behavior.', 'business_benefit': 'Improves loyalty performance and encourages repeat purchases.', 'customer_benefit': 'Helps the customer receive more value from their purchases through airport lounge access.'}, {'reward_name': 'Hotel Discounts', 'score': 87.04, 'reason': 'Luxury Lifestyle customers respond well to hotel discounts because the offer is aligned to their audio preference and reward behavior.', 'business_benefit': 'Improves loyalty performance and encourages repeat purchases.', 'customer_benefit': 'Helps the customer receive more value from their purchases through hotel discounts.'}, {'reward_name': 'Lifestyle Offers', 'score': 87.04, 'reason': 'Luxury Lifestyle customers respond well to lifestyle offers because the offer is aligned to their audio preference and reward behavior.', 'business_benefit': 'Improves loyalty performance and encourages repeat purchases.', 'customer_benefit': 'Helps the customer receive more value from their purchases through lifestyle offers.'}]","[88.74, 87.04, 87.04]","Luxury Lifestyle customers in cluster 1 show a strong fit for Airport Lounge Access, Hotel Discounts, Lifestyle Offers based on spend, engagement, and reward behavior.",Moderate uplift in engagement and repeat purchase intent with a clear ROI path.,"Luxury Lifestyle in cluster 1: prioritize Airport Lounge Access, Hotel Discounts, Lifestyle Offers. Luxury Lifestyle customers in cluster 1 show a strong fit for Airport Lounge Access, Hotel Discounts, Lifestyle Offers based on spend, engagement, and reward behavior Expected impact: Moderate uplift in engagement and repeat purchase intent with a clear ROI path."
C0179,0,Digital Explorer,"[{'reward_name': 'Cashback', 'score': 77.72, 'reason': 'Digital Explorer customers respond well to cashback because the offer is aligned to their tv preference and reward behavior.', 'business_benefit': 'Improves loyalty performance and encourages repeat purchases.', 'customer_benefit': 'Helps the customer receive more value from their purchases through cashback.'}, {'reward_name': 'Electronics Discounts', 'score': 76.52, 'reason': 'Digital Explorer customers respond well to electronics discounts because the offer is aligned to their tv preference and reward behavior.', 'business_benefit': 'Improves loyalty performance and encourages repeat purchases.', 'customer_benefit': 'Helps the customer receive more value from their purchases through electronics discounts.'}, {'reward_name': 'Shopping Vouchers', 'score': 76.02, 'reason': 'Digital Explorer customers respond well to shopping vouchers because the offer is aligned to their tv preference and reward behavior.', 'business_benefit': 'Improves loyalty performance and encourages repeat purchases.', 'customer_benefit': 'Helps the customer receive more value from their purchases through shopping vouchers.'}]","[77.72, 76.52, 76.02]","Digital Explorer customers in cluster 0 show a strong fit for Cashback, Electronics Discounts, Shopping Vouchers based on spend, engagement, and reward behavior.",Moderate uplift in engagement and repeat purchase intent with a clear ROI path.,"Digital Explorer in cluster 0: prioritize Cashback, Electronics Discounts, Shopping Vouchers. Digital Explorer customers in cluster 0 show a strong fit for Cashback, Electronics Discounts, Shopping Vouchers based on spend, engagement, and reward behavior Expected impact: Moderate uplift in engagement and repeat purchase intent with a clear ROI path."
C0180,0,Digital Explorer,"[{'reward_name': 'Electronics Discounts', 'score': 81.23, 'reason': 'Digital Explorer customers respond well to electronics discounts because the offer is aligned to their audio preference and reward behavior.', 'business_benefit': 'Improves loyalty performance and encourages repeat purchases.', 'customer_benefit': 'Helps the customer receive more value from their purchases through electronics discounts.'}, {'reward_name': 'Travel Cashback', 'score': 80.73, 'reason': 'Digital Explorer customers respond well to travel cashback because the offer is aligned to their audio preference and reward behavior.', 'business_benefit': 'Improves loyalty performance and encourages repeat purchases.', 'customer_benefit': 'Helps the customer receive more value from their purchases through travel cashback.'}, {'reward_name': 'Cashback', 'score': 79.43, 'reason': 'Digital Explorer customers respond well to cashback because the offer is aligned to their audio preference and reward behavior.', 'business_benefit': 'Improves loyalty performance and encourages repeat purchases.', 'customer_benefit': 'Helps the customer receive more value from their purchases through cashback.'}]","[81.23, 80.73, 79.43]","Digital Explorer customers in cluster 0 show a strong fit for Electronics Discounts, Travel Cashback, Cashback based on spend, engagement, and reward behavior.",Moderate uplift in engagement and repeat purchase intent with a clear ROI path.,"Digital Explorer in cluster 0: prioritize Electronics Discounts, Travel Cashback, Cashback. Digital Explorer customers in cluster 0 show a strong fit for Electronics Discounts, Travel Cashback, Cashback based on spend, engagement, and reward behavior Expected impact: Moderate uplift in engagement and repeat purchase intent with a clear ROI path."
C0181,1,Luxury Lifestyle,"[{'reward_name': 'Airport Lounge Access', 'score': 89.98, 'reason': 'Luxury Lifestyle customers respond well to airport lounge access because the offer is aligned to their smart home preference and reward behavior.', 'business_benefit': 'Improves loyalty performance and encourages repeat purchases.', 'customer_benefit': 'Helps the customer receive more value from their purchases through airport lounge access.'}, {'reward_name': 'Hotel Discounts', 'score': 88.28, 'reason': 'Luxury Lifestyle customers respond well to hotel discounts because the offer is aligned to their smart home preference and reward behavior.', 'business_benefit': 'Improves loyalty performance and encourages repeat purchases.', 'customer_benefit': 'Helps the customer receive more value from their purchases through hotel discounts.'}, {'reward_name': 'Lifestyle Offers', 'score': 88.28, 'reason': 'Luxury Lifestyle customers respond well to lifestyle offers because the offer is aligned to their smart home preference and reward behavior.', 'business_benefit': 'Improves loyalty performance and encourages repeat purchases.', 'customer_benefit': 'Helps the customer receive more value from their purchases through lifestyle offers.'}]","[89.98, 88.28, 88.28]","Luxury Lifestyle customers in cluster 1 show a strong fit for Airport Lounge Access, Hotel Discounts, Lifestyle Offers based on spend, engagement, and reward behavior.",Moderate uplift in engagement and repeat purchase intent with a clear ROI path.,"Luxury Lifestyle in cluster 1: prioritize Airport Lounge Access, Hotel Discounts, Lifestyle Offers. Luxury Lifestyle customers in cluster 1 show a strong fit for Airport Lounge Access, Hotel Discounts, Lifestyle Offers based on spend, engagement, and reward behavior Expected impact: Moderate uplift in engagement and repeat purchase intent with a clear ROI path."
C0182,0,Digital Explorer,"[{'reward_name': 'Electronics Discounts', 'score': 83.37, 'reason': 'Digital Explorer customers respond well to electronics discounts because the offer is aligned to their smartphone preference and reward behavior.', 'business_benefit': 'Improves loyalty performance and encourages repeat purchases.', 'customer_benefit': 'Helps the customer receive more value from their purchases through electronics discounts.'}, {'reward_name': 'Travel Cashback', 'score': 82.87, 'reason': 'Digital Explorer customers respond well to travel cashback because the offer is aligned to their smartphone preference and reward behavior.', 'business_benefit': 'Improves loyalty performance and encourages repeat purchases.', 'customer_benefit': 'Helps the customer receive more value from their purchases through travel cashback.'}, {'reward_name': 'Cashback', 'score': 81.57, 'reason': 'Digital Explorer customers respond well to cashback because the offer is aligned to their smartphone preference and reward behavior.', 'business_benefit': 'Improves loyalty performance and encourages repeat purchases.', 'customer_benefit': 'Helps the customer receive more value from their purchases through cashback.'}]","[83.37, 82.87, 81.57]","Digital Explorer customers in cluster 0 show a strong fit for Electronics Discounts, Travel Cashback, Cashback based on spend, engagement, and reward behavior.",Moderate uplift in engagement and repeat purchase intent with a clear ROI path.,"Digital Explorer in cluster 0: prioritize Electronics Discounts, Travel Cashback, Cashback. Digital Explorer customers in cluster 0 show a strong fit for Electronics Discounts, Travel Cashback, Cashback based on spend, engagement, and reward behavior Expected impact: Moderate uplift in engagement and repeat purchase intent with a clear ROI path."
C0183,2,Value Shopper,"[{'reward_name': 'Cashback', 'score': 81.73, 'reason': 'Value Shopper customers respond well to cashback because the offer is aligned to their gaming preference and reward behavior.', 'business_benefit': 'Improves loyalty performance and encourages repeat purchases.', 'customer_benefit': 'Helps the customer receive more value from their purchases through cashback.'}, {'reward_name': 'Shopping Vouchers', 'score': 80.03, 'reason': 'Value Shopper customers respond well to shopping vouchers because the offer is aligned to their gaming preference and reward behavior.', 'business_benefit': 'Improves loyalty performance and encourages repeat purchases.', 'customer_benefit': 'Helps the customer receive more value from their purchases through shopping vouchers.'}, {'reward_name': 'Travel Cashback', 'score': 80.03, 'reason': 'Value Shopper customers respond well to travel cashback because the offer is aligned to their gaming preference and reward behavior.', 'business_benefit': 'Improves loyalty performance and encourages repeat purchases.', 'customer_benefit': 'Helps the customer receive more value from their purchases through travel cashback.'}]","[81.73, 80.03, 80.03]","Value Shopper customers in cluster 2 show a strong fit for Cashback, Shopping Vouchers, Travel Cashback based on spend, engagement, and reward behavior.",Moderate uplift in engagement and repeat purchase intent with a clear ROI path.,"Value Shopper in cluster 2: prioritize Cashback, Shopping Vouchers, Travel Cashback. Value Shopper customers in cluster 2 show a strong fit for Cashback, Shopping Vouchers, Travel Cashback based on spend, engagement, and reward behavior Expected impact: Moderate uplift in engagement and repeat purchase intent with a clear ROI path."
C0184,2,Value Shopper,"[{'reward_name': 'Cashback', 'score': 78.88, 'reason': 'Value Shopper customers respond well to cashback because the offer is aligned to their watch preference and reward behavior.', 'business_benefit': 'Improves loyalty performance and encourages repeat purchases.', 'customer_benefit': 'Helps the customer receive more value from their purchases through cashback.'}, {'reward_name': 'Shopping Vouchers', 'score': 77.18, 'reason': 'Value Shopper customers respond well to shopping vouchers because the offer is aligned to their watch preference and reward behavior.', 'business_benefit': 'Improves loyalty performance and encourages repeat purchases.', 'customer_benefit': 'Helps the customer receive more value from their purchases through shopping vouchers.'}, {'reward_name': 'Travel Cashback', 'score': 77.18, 'reason': 'Value Shopper customers respond well to travel cashback because the offer is aligned to their watch preference and reward behavior.', 'business_benefit': 'Improves loyalty performance and encourages repeat purchases.', 'customer_benefit': 'Helps the customer receive more value from their purchases through travel cashback.'}]","[78.88, 77.18, 77.18]","Value Shopper customers in cluster 2 show a strong fit for Cashback, Shopping Vouchers, Travel Cashback based on spend, engagement, and reward behavior.",Moderate uplift in engagement and repeat purchase intent with a clear ROI path.,"Value Shopper in cluster 2: prioritize Cashback, Shopping Vouchers, Travel Cashback. Value Shopper customers in cluster 2 show a strong fit for Cashback, Shopping Vouchers, Travel Cashback based on spend, engagement, and reward behavior Expected impact: Moderate uplift in engagement and repeat purchase intent with a clear ROI path."
C0185,1,Luxury Lifestyle,"[{'reward_name': 'Airport Lounge Access', 'score': 91.81, 'reason': 'Luxury Lifestyle customers respond well to airport lounge access because the offer is aligned to their audio preference and reward behavior.', 'business_benefit': 'Improves loyalty performance and encourages repeat purchases.', 'customer_benefit': 'Helps the customer receive more value from their purchases through airport lounge access.'}, {'reward_name': 'Hotel Discounts', 'score': 90.11, 'reason': 'Luxury Lifestyle customers respond well to hotel discounts because the offer is aligned to their audio preference and reward behavior.', 'business_benefit': 'Improves loyalty performance and encourages repeat purchases.', 'customer_benefit': 'Helps the customer receive more value from their purchases through hotel discounts.'}, {'reward_name': 'Lifestyle Offers', 'score': 90.11, 'reason': 'Luxury Lifestyle customers respond well to lifestyle offers because the offer is aligned to their audio preference and reward behavior.', 'business_benefit': 'Improves loyalty performance and encourages repeat purchases.', 'customer_benefit': 'Helps the customer receive more value from their purchases through lifestyle offers.'}]","[91.81, 90.11, 90.11]","Luxury Lifestyle customers in cluster 1 show a strong fit for Airport Lounge Access, Hotel Discounts, Lifestyle Offers based on spend, engagement, and reward behavior.",Moderate uplift in engagement and repeat purchase intent with a clear ROI path.,"Luxury Lifestyle in cluster 1: prioritize Airport Lounge Access, Hotel Discounts, Lifestyle Offers. Luxury Lifestyle customers in cluster 1 show a strong fit for Airport Lounge Access, Hotel Discounts, Lifestyle Offers based on spend, engagement, and reward behavior Expected impact: Moderate uplift in engagement and repeat purchase intent with a clear ROI path."
C0186,1,Luxury Lifestyle,"[{'reward_name': 'Airport Lounge Access', 'score': 87.99, 'reason': 'Luxury Lifestyle customers respond well to airport lounge access because the offer is aligned to their watch preference and reward behavior.', 'business_benefit': 'Improves loyalty performance and encourages repeat purchases.', 'customer_benefit': 'Helps the customer receive more value from their purchases through airport lounge access.'}, {'reward_name': 'Hotel Discounts', 'score': 86.29, 'reason': 'Luxury Lifestyle customers respond well to hotel discounts because the offer is aligned to their watch preference and reward behavior.', 'business_benefit': 'Improves loyalty performance and encourages repeat purchases.', 'customer_benefit': 'Helps the customer receive more value from their purchases through hotel discounts.'}, {'reward_name': 'Lifestyle Offers', 'score': 86.29, 'reason': 'Luxury Lifestyle customers respond well to lifestyle offers because the offer is aligned to their watch preference and reward behavior.', 'business_benefit': 'Improves loyalty performance and encourages repeat purchases.', 'customer_benefit': 'Helps the customer receive more value from their purchases through lifestyle offers.'}]","[87.99, 86.29, 86.29]","Luxury Lifestyle customers in cluster 1 show a strong fit for Airport Lounge Access, Hotel Discounts, Lifestyle Offers based on spend, engagement, and reward behavior.",Moderate uplift in engagement and repeat purchase intent with a clear ROI path.,"Luxury Lifestyle in cluster 1: prioritize Airport Lounge Access, Hotel Discounts, Lifestyle Offers. Luxury Lifestyle customers in cluster 1 show a strong fit for Airport Lounge Access, Hotel Discounts, Lifestyle Offers based on spend, engagement, and reward behavior Expected impact: Moderate uplift in engagement and repeat purchase intent with a clear ROI path."
C0187,1,Luxury Lifestyle,"[{'reward_name': 'Airport Lounge Access', 'score': 90.91, 'reason': 'Luxury Lifestyle customers respond well to airport lounge access because the offer is aligned to their audio preference and reward behavior.', 'business_benefit': 'Improves loyalty performance and encourages repeat purchases.', 'customer_benefit': 'Helps the customer receive more value from their purchases through airport lounge access.'}, {'reward_name': 'Hotel Discounts', 'score': 89.21, 'reason': 'Luxury Lifestyle customers respond well to hotel discounts because the offer is aligned to their audio preference and reward behavior.', 'business_benefit': 'Improves loyalty performance and encourages repeat purchases.', 'customer_benefit': 'Helps the customer receive more value from their purchases through hotel discounts.'}, {'reward_name': 'Lifestyle Offers', 'score': 89.21, 'reason': 'Luxury Lifestyle customers respond well to lifestyle offers because the offer is aligned to their audio preference and reward behavior.', 'business_benefit': 'Improves loyalty performance and encourages repeat purchases.', 'customer_benefit': 'Helps the customer receive more value from their purchases through lifestyle offers.'}]","[90.91, 89.21, 89.21]","Luxury Lifestyle customers in cluster 1 show a strong fit for Airport Lounge Access, Hotel Discounts, Lifestyle Offers based on spend, engagement, and reward behavior.",Moderate uplift in engagement and repeat purchase intent with a clear ROI path.,"Luxury Lifestyle in cluster 1: prioritize Airport Lounge Access, Hotel Discounts, Lifestyle Offers. Luxury Lifestyle customers in cluster 1 show a strong fit for Airport Lounge Access, Hotel Discounts, Lifestyle Offers based on spend, engagement, and reward behavior Expected impact: Moderate uplift in engagement and repeat purchase intent with a clear ROI path."
C0188,2,Value Shopper,"[{'reward_name': 'Travel Cashback', 'score': 83.42, 'reason': 'Value Shopper customers respond well to travel cashback because the offer is aligned to their audio preference and reward behavior.', 'business_benefit': 'Improves loyalty performance and encourages repeat purchases.', 'customer_benefit': 'Helps the customer receive more value from their purchases through travel cashback.'}, {'reward_name': 'Cashback', 'score': 82.12, 'reason': 'Value Shopper customers respond well to cashback because the offer is aligned to their audio preference and reward behavior.', 'business_benefit': 'Improves loyalty performance and encourages repeat purchases.', 'customer_benefit': 'Helps the customer receive more value from their purchases through cashback.'}, {'reward_name': 'Shopping Vouchers', 'score': 80.42, 'reason': 'Value Shopper customers respond well to shopping vouchers because the offer is aligned to their audio preference and reward behavior.', 'business_benefit': 'Improves loyalty performance and encourages repeat purchases.', 'customer_benefit': 'Helps the customer receive more value from their purchases through shopping vouchers.'}]","[83.42, 82.12, 80.42]","Value Shopper customers in cluster 2 show a strong fit for Travel Cashback, Cashback, Shopping Vouchers based on spend, engagement, and reward behavior.",Moderate uplift in engagement and repeat purchase intent with a clear ROI path.,"Value Shopper in cluster 2: prioritize Travel Cashback, Cashback, Shopping Vouchers. Value Shopper customers in cluster 2 show a strong fit for Travel Cashback, Cashback, Shopping Vouchers based on spend, engagement, and reward behavior Expected impact: Moderate uplift in engagement and repeat purchase intent with a clear ROI path."
C0189,2,Value Shopper,"[{'reward_name': 'Cashback', 'score': 80.56, 'reason': 'Value Shopper customers respond well to cashback because the offer is aligned to their speaker preference and reward behavior.', 'business_benefit': 'Improves loyalty performance and encourages repeat purchases.', 'customer_benefit': 'Helps the customer receive more value from their purchases through cashback.'}, {'reward_name': 'Shopping Vouchers', 'score': 78.86, 'reason': 'Value Shopper customers respond well to shopping vouchers because the offer is aligned to their speaker preference and reward behavior.', 'business_benefit': 'Improves loyalty performance and encourages repeat purchases.', 'customer_benefit': 'Helps the customer receive more value from their purchases through shopping vouchers.'}, {'reward_name': 'Travel Cashback', 'score': 78.86, 'reason': 'Value Shopper customers respond well to travel cashback because the offer is aligned to their speaker preference and reward behavior.', 'business_benefit': 'Improves loyalty performance and encourages repeat purchases.', 'customer_benefit': 'Helps the customer receive more value from their purchases through travel cashback.'}]","[80.56, 78.86, 78.86]","Value Shopper customers in cluster 2 show a strong fit for Cashback, Shopping Vouchers, Travel Cashback based on spend, engagement, and reward behavior.",Moderate uplift in engagement and repeat purchase intent with a clear ROI path.,"Value Shopper in cluster 2: prioritize Cashback, Shopping Vouchers, Travel Cashback. Value Shopper customers in cluster 2 show a strong fit for Cashback, Shopping Vouchers, Travel Cashback based on spend, engagement, and reward behavior Expected impact: Moderate uplift in engagement and repeat purchase intent with a clear ROI path."
C0190,0,Digital Explorer,"[{'reward_name': 'Electronics Discounts', 'score': 81.78, 'reason': 'Digital Explorer customers respond well to electronics discounts because the offer is aligned to their audio preference and reward behavior.', 'business_benefit': 'Improves loyalty performance and encourages repeat purchases.', 'customer_benefit': 'Helps the customer receive more value from their purchases through electronics discounts.'}, {'reward_name': 'Travel Cashback', 'score': 81.28, 'reason': 'Digital Explorer customers respond well to travel cashback because the offer is aligned to their audio preference and reward behavior.', 'business_benefit': 'Improves loyalty performance and encourages repeat purchases.', 'customer_benefit': 'Helps the customer receive more value from their purchases through travel cashback.'}, {'reward_name': 'Cashback', 'score': 79.98, 'reason': 'Digital Explorer customers respond well to cashback because the offer is aligned to their audio preference and reward behavior.', 'business_benefit': 'Improves loyalty performance and encourages repeat purchases.', 'customer_benefit': 'Helps the customer receive more value from their purchases through cashback.'}]","[81.78, 81.28, 79.98]","Digital Explorer customers in cluster 0 show a strong fit for Electronics Discounts, Travel Cashback, Cashback based on spend, engagement, and reward behavior.",Moderate uplift in engagement and repeat purchase intent with a clear ROI path.,"Digital Explorer in cluster 0: prioritize Electronics Discounts, Travel Cashback, Cashback. Digital Explorer customers in cluster 0 show a strong fit for Electronics Discounts, Travel Cashback, Cashback based on spend, engagement, and reward behavior Expected impact: Moderate uplift in engagement and repeat purchase intent with a clear ROI path."
C0191,0,Digital Explorer,"[{'reward_name': 'Cashback', 'score': 81.79, 'reason': 'Digital Explorer customers respond well to cashback because the offer is aligned to their smartphone preference and reward behavior.', 'business_benefit': 'Improves loyalty performance and encourages repeat purchases.', 'customer_benefit': 'Helps the customer receive more value from their purchases through cashback.'}, {'reward_name': 'Shopping Vouchers', 'score': 80.09, 'reason': 'Digital Explorer customers respond well to shopping vouchers because the offer is aligned to their smartphone preference and reward behavior.', 'business_benefit': 'Improves loyalty performance and encourages repeat purchases.', 'customer_benefit': 'Helps the customer receive more value from their purchases through shopping vouchers.'}, {'reward_name': 'Dining Offers', 'score': 76.89, 'reason': 'Digital Explorer customers respond well to dining offers because the offer is aligned to their smartphone preference and reward behavior.', 'business_benefit': 'Improves loyalty performance and encourages repeat purchases.', 'customer_benefit': 'Helps the customer receive more value from their purchases through dining offers.'}]","[81.79, 80.09, 76.89]","Digital Explorer customers in cluster 0 show a strong fit for Cashback, Shopping Vouchers, Dining Offers based on spend, engagement, and reward behavior.",Moderate uplift in engagement and repeat purchase intent with a clear ROI path.,"Digital Explorer in cluster 0: prioritize Cashback, Shopping Vouchers, Dining Offers. Digital Explorer customers in cluster 0 show a strong fit for Cashback, Shopping Vouchers, Dining Offers based on spend, engagement, and reward behavior Expected impact: Moderate uplift in engagement and repeat purchase intent with a clear ROI path."
C0192,1,Luxury Lifestyle,"[{'reward_name': 'Airport Lounge Access', 'score': 89.0, 'reason': 'Luxury Lifestyle customers respond well to airport lounge access because the offer is aligned to their gaming preference and reward behavior.', 'business_benefit': 'Improves loyalty performance and encourages repeat purchases.', 'customer_benefit': 'Helps the customer receive more value from their purchases through airport lounge access.'}, {'reward_name': 'Hotel Discounts', 'score': 87.3, 'reason': 'Luxury Lifestyle customers respond well to hotel discounts because the offer is aligned to their gaming preference and reward behavior.', 'business_benefit': 'Improves loyalty performance and encourages repeat purchases.', 'customer_benefit': 'Helps the customer receive more value from their purchases through hotel discounts.'}, {'reward_name': 'Lifestyle Offers', 'score': 87.3, 'reason': 'Luxury Lifestyle customers respond well to lifestyle offers because the offer is aligned to their gaming preference and reward behavior.', 'business_benefit': 'Improves loyalty performance and encourages repeat purchases.', 'customer_benefit': 'Helps the customer receive more value from their purchases through lifestyle offers.'}]","[89.0, 87.3, 87.3]","Luxury Lifestyle customers in cluster 1 show a strong fit for Airport Lounge Access, Hotel Discounts, Lifestyle Offers based on spend, engagement, and reward behavior.",Moderate uplift in engagement and repeat purchase intent with a clear ROI path.,"Luxury Lifestyle in cluster 1: prioritize Airport Lounge Access, Hotel Discounts, Lifestyle Offers. Luxury Lifestyle customers in cluster 1 show a strong fit for Airport Lounge Access, Hotel Discounts, Lifestyle Offers based on spend, engagement, and reward behavior Expected impact: Moderate uplift in engagement and repeat purchase intent with a clear ROI path."
C0193,1,Luxury Lifestyle,"[{'reward_name': 'Airport Lounge Access', 'score': 90.23, 'reason': 'Luxury Lifestyle customers respond well to airport lounge access because the offer is aligned to their audio preference and reward behavior.', 'business_benefit': 'Improves loyalty performance and encourages repeat purchases.', 'customer_benefit': 'Helps the customer receive more value from their purchases through airport lounge access.'}, {'reward_name': 'Hotel Discounts', 'score': 88.53, 'reason': 'Luxury Lifestyle customers respond well to hotel discounts because the offer is aligned to their audio preference and reward behavior.', 'business_benefit': 'Improves loyalty performance and encourages repeat purchases.', 'customer_benefit': 'Helps the customer receive more value from their purchases through hotel discounts.'}, {'reward_name': 'Lifestyle Offers', 'score': 88.53, 'reason': 'Luxury Lifestyle customers respond well to lifestyle offers because the offer is aligned to their audio preference and reward behavior.', 'business_benefit': 'Improves loyalty performance and encourages repeat purchases.', 'customer_benefit': 'Helps the customer receive more value from their purchases through lifestyle offers.'}]","[90.23, 88.53, 88.53]","Luxury Lifestyle customers in cluster 1 show a strong fit for Airport Lounge Access, Hotel Discounts, Lifestyle Offers based on spend, engagement, and reward behavior.",Moderate uplift in engagement and repeat purchase intent with a clear ROI path.,"Luxury Lifestyle in cluster 1: prioritize Airport Lounge Access, Hotel Discounts, Lifestyle Offers. Luxury Lifestyle customers in cluster 1 show a strong fit for Airport Lounge Access, Hotel Discounts, Lifestyle Offers based on spend, engagement, and reward behavior Expected impact: Moderate uplift in engagement and repeat purchase intent with a clear ROI path."
C0194,0,Digital Explorer,"[{'reward_name': 'Electronics Discounts', 'score': 81.31, 'reason': 'Digital Explorer customers respond well to electronics discounts because the offer is aligned to their audio preference and reward behavior.', 'business_benefit': 'Improves loyalty performance and encourages repeat purchases.', 'customer_benefit': 'Helps the customer receive more value from their purchases through electronics discounts.'}, {'reward_name': 'Travel Cashback', 'score': 80.81, 'reason': 'Digital Explorer customers respond well to travel cashback because the offer is aligned to their audio preference and reward behavior.', 'business_benefit': 'Improves loyalty performance and encourages repeat purchases.', 'customer_benefit': 'Helps the customer receive more value from their purchases through travel cashback.'}, {'reward_name': 'Cashback', 'score': 79.51, 'reason': 'Digital Explorer customers respond well to cashback because the offer is aligned to their audio preference and reward behavior.', 'business_benefit': 'Improves loyalty performance and encourages repeat purchases.', 'customer_benefit': 'Helps the customer receive more value from their purchases through cashback.'}]","[81.31, 80.81, 79.51]","Digital Explorer customers in cluster 0 show a strong fit for Electronics Discounts, Travel Cashback, Cashback based on spend, engagement, and reward behavior.",Moderate uplift in engagement and repeat purchase intent with a clear ROI path.,"Digital Explorer in cluster 0: prioritize Electronics Discounts, Travel Cashback, Cashback. Digital Explorer customers in cluster 0 show a strong fit for Electronics Discounts, Travel Cashback, Cashback based on spend, engagement, and reward behavior Expected impact: Moderate uplift in engagement and repeat purchase intent with a clear ROI path."
C0195,2,Value Shopper,"[{'reward_name': 'Cashback', 'score': 77.08, 'reason': 'Value Shopper customers respond well to cashback because the offer is aligned to their smartphone preference and reward behavior.', 'business_benefit': 'Improves loyalty performance and encourages repeat purchases.', 'customer_benefit': 'Helps the customer receive more value from their purchases through cashback.'}, {'reward_name': 'Shopping Vouchers', 'score': 75.38, 'reason': 'Value Shopper customers respond well to shopping vouchers because the offer is aligned to their smartphone preference and reward behavior.', 'business_benefit': 'Improves loyalty performance and encourages repeat purchases.', 'customer_benefit': 'Helps the customer receive more value from their purchases through shopping vouchers.'}, {'reward_name': 'Travel Cashback', 'score': 75.38, 'reason': 'Value Shopper customers respond well to travel cashback because the offer is aligned to their smartphone preference and reward behavior.', 'business_benefit': 'Improves loyalty performance and encourages repeat purchases.', 'customer_benefit': 'Helps the customer receive more value from their purchases through travel cashback.'}]","[77.08, 75.38, 75.38]","Value Shopper customers in cluster 2 show a strong fit for Cashback, Shopping Vouchers, Travel Cashback based on spend, engagement, and reward behavior.",Moderate uplift in engagement and repeat purchase intent with a clear ROI path.,"Value Shopper in cluster 2: prioritize Cashback, Shopping Vouchers, Travel Cashback. Value Shopper customers in cluster 2 show a strong fit for Cashback, Shopping Vouchers, Travel Cashback based on spend, engagement, and reward behavior Expected impact: Moderate uplift in engagement and repeat purchase intent with a clear ROI path."
C0196,1,Luxury Lifestyle,"[{'reward_name': 'Airport Lounge Access', 'score': 90.1, 'reason': 'Luxury Lifestyle customers respond well to airport lounge access because the offer is aligned to their speaker preference and reward behavior.', 'business_benefit': 'Improves loyalty performance and encourages repeat purchases.', 'customer_benefit': 'Helps the customer receive more value from their purchases through airport lounge access.'}, {'reward_name': 'Hotel Discounts', 'score': 88.4, 'reason': 'Luxury Lifestyle customers respond well to hotel discounts because the offer is aligned to their speaker preference and reward behavior.', 'business_benefit': 'Improves loyalty performance and encourages repeat purchases.', 'customer_benefit': 'Helps the customer receive more value from their purchases through hotel discounts.'}, {'reward_name': 'Lifestyle Offers', 'score': 88.4, 'reason': 'Luxury Lifestyle customers respond well to lifestyle offers because the offer is aligned to their speaker preference and reward behavior.', 'business_benefit': 'Improves loyalty performance and encourages repeat purchases.', 'customer_benefit': 'Helps the customer receive more value from their purchases through lifestyle offers.'}]","[90.1, 88.4, 88.4]","Luxury Lifestyle customers in cluster 1 show a strong fit for Airport Lounge Access, Hotel Discounts, Lifestyle Offers based on spend, engagement, and reward behavior.",Moderate uplift in engagement and repeat purchase intent with a clear ROI path.,"Luxury Lifestyle in cluster 1: prioritize Airport Lounge Access, Hotel Discounts, Lifestyle Offers. Luxury Lifestyle customers in cluster 1 show a strong fit for Airport Lounge Access, Hotel Discounts, Lifestyle Offers based on spend, engagement, and reward behavior Expected impact: Moderate uplift in engagement and repeat purchase intent with a clear ROI path."
C0197,1,Luxury Lifestyle,"[{'reward_name': 'Airport Lounge Access', 'score': 91.07, 'reason': 'Luxury Lifestyle customers respond well to airport lounge access because the offer is aligned to their tv preference and reward behavior.', 'business_benefit': 'Improves loyalty performance and encourages repeat purchases.', 'customer_benefit': 'Helps the customer receive more value from their purchases through airport lounge access.'}, {'reward_name': 'Hotel Discounts', 'score': 89.37, 'reason': 'Luxury Lifestyle customers respond well to hotel discounts because the offer is aligned to their tv preference and reward behavior.', 'business_benefit': 'Improves loyalty performance and encourages repeat purchases.', 'customer_benefit': 'Helps the customer receive more value from their purchases through hotel discounts.'}, {'reward_name': 'Lifestyle Offers', 'score': 89.37, 'reason': 'Luxury Lifestyle customers respond well to lifestyle offers because the offer is aligned to their tv preference and reward behavior.', 'business_benefit': 'Improves loyalty performance and encourages repeat purchases.', 'customer_benefit': 'Helps the customer receive more value from their purchases through lifestyle offers.'}]","[91.07, 89.37, 89.37]","Luxury Lifestyle customers in cluster 1 show a strong fit for Airport Lounge Access, Hotel Discounts, Lifestyle Offers based on spend, engagement, and reward behavior.",Moderate uplift in engagement and repeat purchase intent with a clear ROI path.,"Luxury Lifestyle in cluster 1: prioritize Airport Lounge Access, Hotel Discounts, Lifestyle Offers. Luxury Lifestyle customers in cluster 1 show a strong fit for Airport Lounge Access, Hotel Discounts, Lifestyle Offers based on spend, engagement, and reward behavior Expected impact: Moderate uplift in engagement and repeat purchase intent with a clear ROI path."
C0198,0,Digital Explorer,"[{'reward_name': 'Cashback', 'score': 78.72, 'reason': 'Digital Explorer customers respond well to cashback because the offer is aligned to their security preference and reward behavior.', 'business_benefit': 'Improves loyalty performance and encourages repeat purchases.', 'customer_benefit': 'Helps the customer receive more value from their purchases through cashback.'}, {'reward_name': 'Electronics Discounts', 'score': 77.52, 'reason': 'Digital Explorer customers respond well to electronics discounts because the offer is aligned to their security preference and reward behavior.', 'business_benefit': 'Improves loyalty performance and encourages repeat purchases.', 'customer_benefit': 'Helps the customer receive more value from their purchases through electronics discounts.'}, {'reward_name': 'Shopping Vouchers', 'score': 77.02, 'reason': 'Digital Explorer customers respond well to shopping vouchers because the offer is aligned to their security preference and reward behavior.', 'business_benefit': 'Improves loyalty performance and encourages repeat purchases.', 'customer_benefit': 'Helps the customer receive more value from their purchases through shopping vouchers.'}]","[78.72, 77.52, 77.02]","Digital Explorer customers in cluster 0 show a strong fit for Cashback, Electronics Discounts, Shopping Vouchers based on spend, engagement, and reward behavior.",Moderate uplift in engagement and repeat purchase intent with a clear ROI path.,"Digital Explorer in cluster 0: prioritize Cashback, Electronics Discounts, Shopping Vouchers. Digital Explorer customers in cluster 0 show a strong fit for Cashback, Electronics Discounts, Shopping Vouchers based on spend, engagement, and reward behavior Expected impact: Moderate uplift in engagement and repeat purchase intent with a clear ROI path."
C0199,0,Digital Explorer,"[{'reward_name': 'Cashback', 'score': 77.57, 'reason': 'Digital Explorer customers respond well to cashback because the offer is aligned to their audio preference and reward behavior.', 'business_benefit': 'Improves loyalty performance and encourages repeat purchases.', 'customer_benefit': 'Helps the customer receive more value from their purchases through cashback.'}, {'reward_name': 'Electronics Discounts', 'score': 76.37, 'reason': 'Digital Explorer customers respond well to electronics discounts because the offer is aligned to their audio preference and reward behavior.', 'business_benefit': 'Improves loyalty performance and encourages repeat purchases.', 'customer_benefit': 'Helps the customer receive more value from their purchases through electronics discounts.'}, {'reward_name': 'Shopping Vouchers', 'score': 75.87, 'reason': 'Digital Explorer customers respond well to shopping vouchers because the offer is aligned to their audio preference and reward behavior.', 'business_benefit': 'Improves loyalty performance and encourages repeat purchases.', 'customer_benefit': 'Helps the customer receive more value from their purchases through shopping vouchers.'}]","[77.57, 76.37, 75.87]","Digital Explorer customers in cluster 0 show a strong fit for Cashback, Electronics Discounts, Shopping Vouchers based on spend, engagement, and reward behavior.",Moderate uplift in engagement and repeat purchase intent with a clear ROI path.,"Digital Explorer in cluster 0: prioritize Cashback, Electronics Discounts, Shopping Vouchers. Digital Explorer customers in cluster 0 show a strong fit for Cashback, Electronics Discounts, Shopping Vouchers based on spend, engagement, and reward behavior Expected impact: Moderate uplift in engagement and repeat purchase intent with a clear ROI path."
C0200,0,Digital Explorer,"[{'reward_name': 'Electronics Discounts', 'score': 81.12, 'reason': 'Digital Explorer customers respond well to electronics discounts because the offer is aligned to their smart home preference and reward behavior.', 'business_benefit': 'Improves loyalty performance and encourages repeat purchases.', 'customer_benefit': 'Helps the customer receive more value from their purchases through electronics discounts.'}, {'reward_name': 'Travel Cashback', 'score': 80.62, 'reason': 'Digital Explorer customers respond well to travel cashback because the offer is aligned to their smart home preference and reward behavior.', 'business_benefit': 'Improves loyalty performance and encourages repeat purchases.', 'customer_benefit': 'Helps the customer receive more value from their purchases through travel cashback.'}, {'reward_name': 'Cashback', 'score': 79.32, 'reason': 'Digital Explorer customers respond well to cashback because the offer is aligned to their smart home preference and reward behavior.', 'business_benefit': 'Improves loyalty performance and encourages repeat purchases.', 'customer_benefit': 'Helps the customer receive more value from their purchases through cashback.'}]","[81.12, 80.62, 79.32]","Digital Explorer customers in cluster 0 show a strong fit for Electronics Discounts, Travel Cashback, Cashback based on spend, engagement, and reward behavior.",Moderate uplift in engagement and repeat purchase intent with a clear ROI path.,"Digital Explorer in cluster 0: prioritize Electronics Discounts, Travel Cashback, Cashback. Digital Explorer customers in cluster 0 show a strong fit for Electronics Discounts, Travel Cashback, Cashback based on spend, engagement, and reward behavior Expected impact: Moderate uplift in engagement and repeat purchase intent with a clear ROI path."
