Customer_ID,Transaction_ID,Transaction_Date,Membership_Tier,Customer_Since,Age,Gender,City,Occupation,Income_Level,Store_Channel,Brand,Product_Category,Product_Name,Quantity,Purchase_Amount,Coupon_Used,Reward_Points_Earned,Reward_Points_Redeemed,Reward_Points_Available,Reward_Points_Expired,Reward_Source,Product_Viewed,Wishlist_Added,Cart_Abandoned,Email_Clicked,Push_Notification_Clicked,App_Opened,Website_Visits,Session_Duration_Min
C0001,T000101,2026-03-01,Platinum,2019-09-16,54,Male,Bengaluru,CA,High,Online,Samsung,TV,Smart TV,2,91506,0,915,679,162,74,Festival,,,,,,,8,11
C0001,T000102,2026-05-08,Platinum,2019-09-16,54,Male,Bengaluru,CA,High,Offline,Apple,Smartphone,iPhone,1,81734,0,817,147,670,0,Referral,,,,,,,18,7
C0001,T000103,2026-02-09,Platinum,2019-09-16,54,Male,Bengaluru,CA,High,Offline,Sony,TV,Bravia,2,63994,1,639,312,109,218,Purchase,,,,,,,15,30
C0001,T000104,2026-03-27,Platinum,2019-09-16,54,Male,Bengaluru,CA,High,Offline,Apple,Watch,Apple Watch,2,175890,1,1758,1084,674,0,Referral,,,,,,,7,28
C0001,T000105,2026-02-20,Platinum,2019-09-16,54,Male,Bengaluru,CA,High,Offline,Apple,Watch,Apple Watch,2,37288,1,372,36,309,27,Purchase,,,,,,,13,31
C0001,T000106,2026-05-02,Platinum,2019-09-16,54,Male,Bengaluru,CA,High,Offline,Apple,Smartphone,iPhone,2,111186,0,1111,554,557,0,Referral,,,,,,,10,16
C0001,T000107,2026-03-28,Platinum,2019-09-16,54,Male,Bengaluru,CA,High,Online,Apple,Smartphone,iPhone,2,30105,0,301,166,135,0,Festival,,,,,,,2,31
C0002,T000201,2026-02-13,Gold,2021-02-08,35,Male,Hyderabad,Doctor,Medium,Online,Sony,TV,Bravia,2,81873,0,818,57,150,611,Referral,,,,,,,9,13
C0002,T000202,2026-04-21,Gold,2021-02-08,35,Male,Hyderabad,Doctor,Medium,App,Bose,Audio,QC Headphones,2,41282,0,412,225,187,0,Referral,,,,,,,19,13
C0002,T000203,2026-01-10,Gold,2021-02-08,35,Male,Hyderabad,Doctor,Medium,Offline,Sony,Gaming,PlayStation,1,141582,1,1415,834,564,17,Referral,,,,,,,20,7
C0002,T000204,2026-03-30,Gold,2021-02-08,35,Male,Hyderabad,Doctor,Medium,App,Sony,Gaming,PlayStation,1,8320,0,83,56,27,0,Purchase,,,,,,,11,33
C0002,T000205,2026-07-01,Gold,2021-02-08,35,Male,Hyderabad,Doctor,Medium,Offline,Sony,Audio,WH Headphones,2,143147,0,1431,18,1413,0,Birthday,,,,,,,19,14
C0002,T000206,2026-06-13,Gold,2021-02-08,35,Male,Hyderabad,Doctor,Medium,App,Sony,Gaming,PlayStation,1,175852,1,1758,23,1735,0,Festival,,,,,,,3,14
C0002,T000207,2026-01-04,Gold,2021-02-08,35,Male,Hyderabad,Doctor,Medium,App,Sony,Audio,WH Headphones,1,83100,0,831,16,483,332,Festival,,,,,,,3,16
C0002,T000208,2026-04-13,Gold,2021-02-08,35,Male,Hyderabad,Doctor,Medium,Online,Bose,Speaker,SoundLink,1,134654,0,1346,115,1231,0,Birthday,,,,,,,8,8
C0002,T000209,2026-07-02,Gold,2021-02-08,35,Male,Hyderabad,Doctor,Medium,Online,Samsung,Audio,Galaxy Buds,1,124551,1,1245,662,583,0,Festival,,,,,,,13,24
C0002,T000210,2026-01-25,Gold,2021-02-08,35,Male,Hyderabad,Doctor,Medium,Offline,Sony,TV,Bravia,2,27647,1,276,84,10,182,Birthday,,,,,,,15,19
C0003,T000301,2026-04-04,Bronze,2024-09-02,32,Male,Bengaluru,Business,Low,App,Apple,Smartphone,iPhone,1,146915,1,1469,106,1363,0,Festival,,,,,,,18,27
C0003,T000302,2026-04-25,Bronze,2024-09-02,32,Male,Bengaluru,Business,Low,App,Apple,Smartphone,iPhone,2,141583,0,1415,825,590,0,Birthday,,,,,,,16,29
C0003,T000303,2026-02-25,Bronze,2024-09-02,32,Male,Bengaluru,Business,Low,Offline,Apple,Audio,AirPods,1,115461,0,1154,848,85,221,Festival,,,,,,,4,10
C0003,T000304,2026-03-08,Bronze,2024-09-02,32,Male,Bengaluru,Business,Low,App,Apple,Smartphone,iPhone,2,174247,0,1742,51,1691,0,Birthday,,,,,,,3,25
C0003,T000305,2026-04-18,Bronze,2024-09-02,32,Male,Bengaluru,Business,Low,App,Google Nest,Smart Home,Nest Hub,2,142879,0,1428,455,973,0,Referral,,,,,,,5,13
C0003,T000306,2026-06-08,Bronze,2024-09-02,32,Male,Bengaluru,Business,Low,Offline,Sony,Gaming,PlayStation,1,172502,0,1725,972,753,0,Birthday,,,,,,,8,29
C0004,T000401,2026-04-09,Gold,2025-06-19,37,Male,Bengaluru,Doctor,High,Offline,Bose,Speaker,SoundLink,1,75037,1,750,115,635,0,Birthday,,,,,,,4,30
C0004,T000402,2026-04-17,Gold,2025-06-19,37,Male,Bengaluru,Doctor,High,Online,Bose,Speaker,SoundLink,2,33877,0,338,123,215,0,Purchase,,,,,,,11,16
C0004,T000403,2026-05-28,Gold,2025-06-19,37,Male,Bengaluru,Doctor,High,Offline,Bose,Audio,QC Headphones,2,133040,1,1330,853,477,0,Purchase,,,,,,,18,15
C0004,T000404,2026-06-07,Gold,2025-06-19,37,Male,Bengaluru,Doctor,High,App,Bose,Speaker,SoundLink,2,33507,1,335,205,130,0,Festival,,,,,,,8,27
C0004,T000405,2026-04-04,Gold,2025-06-19,37,Male,Bengaluru,Doctor,High,App,Bose,Speaker,SoundLink,2,172199,1,1721,998,723,0,Purchase,,,,,,,4,5
C0004,T000406,2026-06-03,Gold,2025-06-19,37,Male,Bengaluru,Doctor,High,Offline,Apple,Audio,AirPods,1,5792,0,57,13,44,0,Purchase,,,,,,,9,33
C0004,T000407,2026-03-29,Gold,2025-06-19,37,Male,Bengaluru,Doctor,High,Online,Bose,Audio,QC Headphones,1,43438,0,434,215,219,0,Referral,,,,,,,19,28
C0004,T000408,2026-06-21,Gold,2025-06-19,37,Male,Bengaluru,Doctor,High,Offline,Bose,Speaker,SoundLink,2,34548,1,345,95,250,0,Purchase,,,,,,,3,24
C0004,T000409,2026-01-14,Gold,2025-06-19,37,Male,Bengaluru,Doctor,High,Online,Bose,Speaker,SoundLink,1,11949,0,119,61,15,43,Birthday,,,,,,,2,10
C0005,T000501,2026-05-12,Platinum,2023-03-25,41,Female,Delhi,Business,Low,Online,Google Nest,Smart Home,Nest Hub,1,81527,0,815,527,288,0,Purchase,,,,,,,12,8
C0005,T000502,2026-02-08,Platinum,2023-03-25,41,Female,Delhi,Business,Low,App,Bose,Speaker,SoundLink,1,166496,1,1664,855,760,49,Referral,,,,,,,11,15
C0005,T000503,2026-01-08,Platinum,2023-03-25,41,Female,Delhi,Business,Low,App,Bose,Audio,QC Headphones,2,66946,1,669,10,22,637,Referral,,,,,,,2,28
C0005,T000504,2026-04-12,Platinum,2023-03-25,41,Female,Delhi,Business,Low,Online,Bose,Audio,QC Headphones,1,86666,1,866,239,627,0,Referral,,,,,,,18,14
C0005,T000505,2026-03-13,Platinum,2023-03-25,41,Female,Delhi,Business,Low,Online,Bose,Speaker,SoundLink,1,127933,1,1279,512,767,0,Referral,,,,,,,5,24
C0005,T000506,2026-02-20,Platinum,2023-03-25,41,Female,Delhi,Business,Low,App,Bose,Audio,QC Headphones,1,43286,0,432,153,278,1,Festival,,,,,,,17,10
C0005,T000507,2026-06-06,Platinum,2023-03-25,41,Female,Delhi,Business,Low,Online,Bose,Audio,QC Headphones,2,75180,0,751,439,312,0,Birthday,,,,,,,17,30
C0005,T000508,2026-03-11,Platinum,2023-03-25,41,Female,Delhi,Business,Low,Online,Bose,Audio,QC Headphones,2,86920,1,869,514,355,0,Purchase,,,,,,,6,35
C0006,T000601,2026-06-27,Gold,2020-11-12,59,Male,Hyderabad,Doctor,Low,Offline,Samsung,Smartphone,Galaxy S,2,76528,0,765,191,574,0,Referral,,,,,,,2,16
C0006,T000602,2026-03-29,Gold,2020-11-12,59,Male,Hyderabad,Doctor,Low,App,Samsung,Smartphone,Galaxy S,2,102647,1,1026,786,240,0,Purchase,,,,,,,12,13
C0006,T000603,2026-05-25,Gold,2020-11-12,59,Male,Hyderabad,Doctor,Low,App,Samsung,Audio,Galaxy Buds,1,77024,0,770,311,459,0,Referral,,,,,,,4,26
C0006,T000604,2026-03-15,Gold,2020-11-12,59,Male,Hyderabad,Doctor,Low,Offline,Samsung,Smartphone,Galaxy S,1,34651,0,346,91,255,0,Referral,,,,,,,20,12
C0006,T000605,2026-06-30,Gold,2020-11-12,59,Male,Hyderabad,Doctor,Low,Online,Samsung,TV,Smart TV,2,101575,0,1015,375,640,0,Referral,,,,,,,12,19
C0006,T000606,2026-03-05,Gold,2020-11-12,59,Male,Hyderabad,Doctor,Low,App,Samsung,TV,Smart TV,1,53786,0,537,116,421,0,Purchase,,,,,,,8,17
C0006,T000607,2026-04-16,Gold,2020-11-12,59,Male,Hyderabad,Doctor,Low,Online,Samsung,Smartphone,Galaxy S,1,47792,1,477,194,283,0,Referral,,,,,,,11,13
C0007,T000701,2026-05-26,Gold,2020-08-16,52,Female,Mumbai,Business,High,Offline,Samsung,TV,Smart TV,1,148914,1,1489,406,1083,0,Birthday,,,,,,,12,33
C0007,T000702,2026-01-10,Gold,2020-08-16,52,Female,Mumbai,Business,High,App,Samsung,Smartphone,Galaxy S,2,99335,1,993,607,302,84,Birthday,,,,,,,10,13
C0007,T000703,2026-06-22,Gold,2020-08-16,52,Female,Mumbai,Business,High,Offline,Samsung,Audio,Galaxy Buds,2,6741,0,67,23,44,0,Birthday,,,,,,,17,10
C0007,T000704,2026-06-07,Gold,2020-08-16,52,Female,Mumbai,Business,High,Online,Apple,Smartphone,iPhone,2,114344,0,1143,270,873,0,Referral,,,,,,,17,17
C0007,T000705,2026-05-30,Gold,2020-08-16,52,Female,Mumbai,Business,High,Offline,Google Nest,Smart Home,Nest Hub,2,178546,0,1785,1245,540,0,Referral,,,,,,,8,11
C0007,T000706,2026-02-18,Gold,2020-08-16,52,Female,Mumbai,Business,High,Online,Samsung,Audio,Galaxy Buds,2,155890,0,1558,327,1040,191,Referral,,,,,,,20,14
C0007,T000707,2026-04-18,Gold,2020-08-16,52,Female,Mumbai,Business,High,Offline,Samsung,Audio,Galaxy Buds,1,14207,0,142,24,118,0,Referral,,,,,,,12,31
C0008,T000801,2026-02-12,Gold,2020-01-14,37,Male,Delhi,Business,Low,Online,Samsung,Smartphone,Galaxy S,1,160862,0,1608,625,414,569,Purchase,,,,,,,2,32
C0008,T000802,2026-02-05,Gold,2020-01-14,37,Male,Delhi,Business,Low,Offline,Samsung,Audio,Galaxy Buds,2,5691,0,56,25,8,23,Purchase,,,,,,,3,20
C0008,T000803,2026-01-04,Gold,2020-01-14,37,Male,Delhi,Business,Low,Online,Samsung,Audio,Galaxy Buds,2,31562,0,315,4,259,52,Birthday,,,,,,,1,8
C0008,T000804,2026-06-15,Gold,2020-01-14,37,Male,Delhi,Business,Low,Online,Bose,Speaker,SoundLink,2,55341,1,553,86,467,0,Purchase,,,,,,,6,18
C0008,T000805,2026-06-20,Gold,2020-01-14,37,Male,Delhi,Business,Low,App,Samsung,TV,Smart TV,1,167356,1,1673,472,1201,0,Purchase,,,,,,,13,5
C0008,T000806,2026-05-19,Gold,2020-01-14,37,Male,Delhi,Business,Low,Offline,Samsung,Smartphone,Galaxy S,1,142706,1,1427,20,1407,0,Festival,,,,,,,2,29
C0008,T000807,2026-05-23,Gold,2020-01-14,37,Male,Delhi,Business,Low,Online,Apple,Watch,Apple Watch,1,151891,1,1518,626,892,0,Birthday,,,,,,,10,9
C0008,T000808,2026-03-10,Gold,2020-01-14,37,Male,Delhi,Business,Low,Online,Samsung,Smartphone,Galaxy S,1,158291,0,1582,986,596,0,Birthday,,,,,,,19,26
C0008,T000809,2026-04-27,Gold,2020-01-14,37,Male,Delhi,Business,Low,Offline,Samsung,TV,Smart TV,1,176741,1,1767,845,922,0,Birthday,,,,,,,19,31
C0008,T000810,2026-03-12,Gold,2020-01-14,37,Male,Delhi,Business,Low,Offline,Samsung,Audio,Galaxy Buds,2,96221,1,962,630,332,0,Birthday,,,,,,,2,31
C0009,T000901,2026-06-03,Platinum,2022-04-07,29,Female,Mumbai,CA,High,Online,Sony,Gaming,PlayStation,2,160658,0,1606,63,1543,0,Referral,,,,,,,16,16
C0009,T000902,2026-04-27,Platinum,2022-04-07,29,Female,Mumbai,CA,High,Offline,Sony,Gaming,PlayStation,2,173686,1,1736,415,1321,0,Birthday,,,,,,,2,26
C0009,T000903,2026-05-27,Platinum,2022-04-07,29,Female,Mumbai,CA,High,Online,Sony,Gaming,PlayStation,1,139979,1,1399,462,937,0,Festival,,,,,,,19,22
C0009,T000904,2026-04-21,Platinum,2022-04-07,29,Female,Mumbai,CA,High,Offline,Sony,Audio,WH Headphones,1,166689,0,1666,951,715,0,Birthday,,,,,,,13,34
C0009,T000905,2026-03-20,Platinum,2022-04-07,29,Female,Mumbai,CA,High,App,Sony,Audio,WH Headphones,1,138718,1,1387,973,414,0,Birthday,,,,,,,11,34
C0009,T000906,2026-05-09,Platinum,2022-04-07,29,Female,Mumbai,CA,High,Online,Samsung,Audio,Galaxy Buds,2,65083,0,650,75,575,0,Referral,,,,,,,7,23
C0009,T000907,2026-04-20,Platinum,2022-04-07,29,Female,Mumbai,CA,High,Offline,Sony,TV,Bravia,2,171428,0,1714,79,1635,0,Festival,,,,,,,20,20
C0010,T001001,2026-03-07,Gold,2024-02-14,45,Male,Bengaluru,Doctor,Low,App,Sony,Gaming,PlayStation,2,173777,0,1737,142,1595,0,Festival,,,,,,,10,25
C0010,T001002,2026-03-22,Gold,2024-02-14,45,Male,Bengaluru,Doctor,Low,Online,Samsung,Smartphone,Galaxy S,2,99276,1,992,396,596,0,Festival,,,,,,,17,8
C0010,T001003,2026-01-04,Gold,2024-02-14,45,Male,Bengaluru,Doctor,Low,Online,Google Nest,Security,Nest Cam,2,135333,0,1353,845,310,198,Referral,,,,,,,3,32
C0010,T001004,2026-02-25,Gold,2024-02-14,45,Male,Bengaluru,Doctor,Low,Online,Samsung,Audio,Galaxy Buds,2,84529,1,845,472,200,173,Referral,,,,,,,1,32
C0011,T001101,2026-05-11,Silver,2023-09-25,39,Female,Bengaluru,Doctor,Low,Online,Apple,Watch,Apple Watch,1,50159,1,501,42,459,0,Festival,,,,,,,2,4
C0011,T001102,2026-03-10,Silver,2023-09-25,39,Female,Bengaluru,Doctor,Low,App,Apple,Audio,AirPods,2,30107,1,301,205,96,0,Birthday,,,,,,,1,14
C0011,T001103,2026-01-30,Silver,2023-09-25,39,Female,Bengaluru,Doctor,Low,Online,Apple,Smartphone,iPhone,2,44319,0,443,224,109,110,Festival,,,,,,,11,13
C0011,T001104,2026-04-10,Silver,2023-09-25,39,Female,Bengaluru,Doctor,Low,Offline,Sony,Gaming,PlayStation,2,172605,0,1726,100,1626,0,Purchase,,,,,,,17,14
C0011,T001105,2026-03-22,Silver,2023-09-25,39,Female,Bengaluru,Doctor,Low,App,Sony,Gaming,PlayStation,2,51860,1,518,160,358,0,Referral,,,,,,,9,6
C0011,T001106,2026-03-04,Silver,2023-09-25,39,Female,Bengaluru,Doctor,Low,Online,Apple,Audio,AirPods,1,177652,0,1776,769,31,976,Purchase,,,,,,,11,12
C0011,T001107,2026-03-11,Silver,2023-09-25,39,Female,Bengaluru,Doctor,Low,Online,Apple,Audio,AirPods,1,119635,0,1196,955,241,0,Purchase,,,,,,,15,22
C0011,T001108,2026-01-06,Silver,2023-09-25,39,Female,Bengaluru,Doctor,Low,Online,Apple,Watch,Apple Watch,1,157723,0,1577,1018,394,165,Festival,,,,,,,11,10
C0012,T001201,2026-05-08,Bronze,2020-06-10,46,Male,Delhi,CA,High,App,Bose,Speaker,SoundLink,2,144898,0,1448,858,590,0,Festival,,,,,,,15,20
C0012,T001202,2026-05-30,Bronze,2020-06-10,46,Male,Delhi,CA,High,Online,Bose,Speaker,SoundLink,1,72614,0,726,445,281,0,Birthday,,,,,,,17,3
C0012,T001203,2026-03-27,Bronze,2020-06-10,46,Male,Delhi,CA,High,App,Bose,Audio,QC Headphones,1,139939,0,1399,50,1349,0,Purchase,,,,,,,11,9
C0012,T001204,2026-01-28,Bronze,2020-06-10,46,Male,Delhi,CA,High,App,Bose,Speaker,SoundLink,2,90782,1,907,420,358,129,Birthday,,,,,,,4,12
C0012,T001205,2026-01-27,Bronze,2020-06-10,46,Male,Delhi,CA,High,App,Bose,Audio,QC Headphones,1,129990,1,1299,778,132,389,Birthday,,,,,,,4,28
C0012,T001206,2026-01-31,Bronze,2020-06-10,46,Male,Delhi,CA,High,App,Bose,Audio,QC Headphones,1,84812,1,848,633,133,82,Purchase,,,,,,,3,30
C0012,T001207,2026-03-14,Bronze,2020-06-10,46,Male,Delhi,CA,High,Online,Bose,Speaker,SoundLink,2,33508,0,335,183,152,0,Birthday,,,,,,,3,21
C0012,T001208,2026-05-09,Bronze,2020-06-10,46,Male,Delhi,CA,High,Offline,Sony,TV,Bravia,1,34297,0,342,205,137,0,Referral,,,,,,,15,29
C0013,T001301,2026-04-24,Silver,2024-07-25,36,Female,Mumbai,Engineer,Low,App,Sony,Audio,WH Headphones,2,104875,1,1048,409,639,0,Birthday,,,,,,,18,15
C0013,T001302,2026-04-07,Silver,2024-07-25,36,Female,Mumbai,Engineer,Low,Online,Apple,Smartphone,iPhone,2,6760,0,67,24,43,0,Referral,,,,,,,5,23
C0013,T001303,2026-04-04,Silver,2024-07-25,36,Female,Mumbai,Engineer,Low,Online,Sony,Gaming,PlayStation,2,123708,1,1237,654,583,0,Purchase,,,,,,,17,30
C0013,T001304,2026-04-28,Silver,2024-07-25,36,Female,Mumbai,Engineer,Low,Offline,Sony,Audio,WH Headphones,1,21436,1,214,155,59,0,Purchase,,,,,,,16,8
C0013,T001305,2026-04-24,Silver,2024-07-25,36,Female,Mumbai,Engineer,Low,Offline,Apple,Smartphone,iPhone,1,140724,1,1407,552,855,0,Purchase,,,,,,,11,20
C0013,T001306,2026-04-07,Silver,2024-07-25,36,Female,Mumbai,Engineer,Low,Online,Sony,Audio,WH Headphones,1,137712,1,1377,954,423,0,Festival,,,,,,,10,11
C0013,T001307,2026-05-19,Silver,2024-07-25,36,Female,Mumbai,Engineer,Low,Online,Sony,Audio,WH Headphones,2,55215,0,552,362,190,0,Referral,,,,,,,9,18
C0013,T001308,2026-03-09,Silver,2024-07-25,36,Female,Mumbai,Engineer,Low,Offline,Sony,TV,Bravia,2,47030,0,470,204,266,0,Purchase,,,,,,,10,13
C0013,T001309,2026-06-02,Silver,2024-07-25,36,Female,Mumbai,Engineer,Low,App,Sony,TV,Bravia,2,96645,1,966,161,805,0,Festival,,,,,,,2,17
C0013,T001310,2026-03-10,Silver,2024-07-25,36,Female,Mumbai,Engineer,Low,Offline,Apple,Watch,Apple Watch,1,137579,0,1375,358,1017,0,Referral,,,,,,,3,13
C0014,T001401,2026-01-22,Bronze,2021-05-16,26,Male,Hyderabad,Engineer,Medium,Online,Apple,Audio,AirPods,2,61825,0,618,44,573,1,Purchase,,,,,,,7,18
C0014,T001402,2026-05-29,Bronze,2021-05-16,26,Male,Hyderabad,Engineer,Medium,Offline,Apple,Audio,AirPods,2,73855,0,738,108,630,0,Referral,,,,,,,11,11
C0014,T001403,2026-02-05,Bronze,2021-05-16,26,Male,Hyderabad,Engineer,Medium,App,Apple,Smartphone,iPhone,1,111556,0,1115,87,472,556,Purchase,,,,,,,13,13
C0014,T001404,2026-01-05,Bronze,2021-05-16,26,Male,Hyderabad,Engineer,Medium,Offline,Sony,Gaming,PlayStation,1,16474,0,164,101,25,38,Purchase,,,,,,,18,21
C0014,T001405,2026-07-01,Bronze,2021-05-16,26,Male,Hyderabad,Engineer,Medium,Online,Bose,Audio,QC Headphones,1,120108,0,1201,662,539,0,Referral,,,,,,,12,12
C0014,T001406,2026-03-06,Bronze,2021-05-16,26,Male,Hyderabad,Engineer,Medium,Online,Sony,Audio,WH Headphones,1,124132,0,1241,192,1049,0,Festival,,,,,,,7,18
C0014,T001407,2026-01-29,Bronze,2021-05-16,26,Male,Hyderabad,Engineer,Medium,Online,Apple,Audio,AirPods,1,92023,0,920,482,393,45,Festival,,,,,,,20,12
C0014,T001408,2026-04-03,Bronze,2021-05-16,26,Male,Hyderabad,Engineer,Medium,Offline,Samsung,Audio,Galaxy Buds,2,8282,1,82,14,68,0,Birthday,,,,,,,12,2
C0015,T001501,2026-04-14,Bronze,2023-01-02,52,Male,Ahmedabad,Student,High,Offline,Bose,Audio,QC Headphones,2,93965,0,939,554,385,0,Festival,,,,,,,9,17
C0015,T001502,2026-04-06,Bronze,2023-01-02,52,Male,Ahmedabad,Student,High,Offline,Bose,Audio,QC Headphones,2,161757,1,1617,112,1505,0,Referral,,,,,,,4,28
C0015,T001503,2026-03-20,Bronze,2023-01-02,52,Male,Ahmedabad,Student,High,App,Bose,Speaker,SoundLink,1,91550,1,915,98,817,0,Birthday,,,,,,,5,10
C0015,T001504,2026-06-19,Bronze,2023-01-02,52,Male,Ahmedabad,Student,High,Online,Bose,Speaker,SoundLink,1,26399,1,263,169,94,0,Festival,,,,,,,9,30
C0015,T001505,2026-05-11,Bronze,2023-01-02,52,Male,Ahmedabad,Student,High,Online,Bose,Speaker,SoundLink,1,42431,0,424,336,88,0,Festival,,,,,,,8,17
C0015,T001506,2026-03-17,Bronze,2023-01-02,52,Male,Ahmedabad,Student,High,Online,Google Nest,Security,Nest Cam,1,147657,0,1476,1173,303,0,Birthday,,,,,,,6,2
C0016,T001601,2026-04-01,Silver,2019-10-11,27,Female,Bengaluru,Doctor,Low,Offline,Google Nest,Smart Home,Nest Hub,2,150678,0,1506,276,1230,0,Referral,,,,,,,16,22
C0016,T001602,2026-03-25,Silver,2019-10-11,27,Female,Bengaluru,Doctor,Low,Offline,Sony,TV,Bravia,2,148143,1,1481,373,1108,0,Festival,,,,,,,1,35
C0016,T001603,2026-05-15,Silver,2019-10-11,27,Female,Bengaluru,Doctor,Low,App,Google Nest,Security,Nest Cam,1,34482,1,344,258,86,0,Purchase,,,,,,,15,31
C0016,T001604,2026-05-27,Silver,2019-10-11,27,Female,Bengaluru,Doctor,Low,Offline,Google Nest,Security,Nest Cam,2,57937,0,579,366,213,0,Purchase,,,,,,,6,9
C0016,T001605,2026-05-08,Silver,2019-10-11,27,Female,Bengaluru,Doctor,Low,Online,Google Nest,Smart Home,Nest Hub,1,104793,0,1047,313,734,0,Purchase,,,,,,,11,26
C0016,T001606,2026-04-07,Silver,2019-10-11,27,Female,Bengaluru,Doctor,Low,Offline,Bose,Audio,QC Headphones,2,63268,0,632,430,202,0,Referral,,,,,,,2,20
C0016,T001607,2026-05-15,Silver,2019-10-11,27,Female,Bengaluru,Doctor,Low,App,Google Nest,Smart Home,Nest Hub,1,58108,0,581,93,488,0,Birthday,,,,,,,14,25
C0016,T001608,2026-06-20,Silver,2019-10-11,27,Female,Bengaluru,Doctor,Low,Online,Google Nest,Security,Nest Cam,1,23213,0,232,30,202,0,Festival,,,,,,,6,28
C0017,T001701,2026-02-22,Platinum,2023-04-29,33,Male,Pune,Engineer,High,App,Apple,Watch,Apple Watch,2,160984,0,1609,570,447,592,Birthday,,,,,,,16,15
C0017,T001702,2026-03-20,Platinum,2023-04-29,33,Male,Pune,Engineer,High,Online,Bose,Audio,QC Headphones,2,19051,0,190,25,165,0,Festival,,,,,,,18,10
C0017,T001703,2026-04-30,Platinum,2023-04-29,33,Male,Pune,Engineer,High,Offline,Apple,Audio,AirPods,2,32836,0,328,133,195,0,Referral,,,,,,,12,34
C0017,T001704,2026-06-26,Platinum,2023-04-29,33,Male,Pune,Engineer,High,Online,Apple,Watch,Apple Watch,1,15160,1,151,57,94,0,Birthday,,,,,,,13,26
C0017,T001705,2026-03-24,Platinum,2023-04-29,33,Male,Pune,Engineer,High,Offline,Apple,Smartphone,iPhone,1,23249,1,232,78,154,0,Purchase,,,,,,,16,4
C0017,T001706,2026-02-16,Platinum,2023-04-29,33,Male,Pune,Engineer,High,App,Samsung,Smartphone,Galaxy S,2,64667,0,646,378,178,90,Festival,,,,,,,17,22
C0018,T001801,2026-03-03,Silver,2023-05-19,46,Female,Ahmedabad,Doctor,Low,App,Apple,Smartphone,iPhone,2,96362,1,963,659,148,156,Birthday,,,,,,,14,12
C0018,T001802,2026-02-01,Silver,2023-05-19,46,Female,Ahmedabad,Doctor,Low,App,Bose,Audio,QC Headphones,1,76559,1,765,490,268,7,Birthday,,,,,,,3,11
C0018,T001803,2026-04-25,Silver,2023-05-19,46,Female,Ahmedabad,Doctor,Low,Online,Bose,Speaker,SoundLink,1,42249,0,422,241,181,0,Purchase,,,,,,,13,30
C0018,T001804,2026-02-06,Silver,2023-05-19,46,Female,Ahmedabad,Doctor,Low,App,Bose,Speaker,SoundLink,2,122874,1,1228,927,196,105,Purchase,,,,,,,7,35
C0018,T001805,2026-04-03,Silver,2023-05-19,46,Female,Ahmedabad,Doctor,Low,Offline,Bose,Audio,QC Headphones,2,47514,0,475,367,108,0,Festival,,,,,,,5,34
C0018,T001806,2026-04-28,Silver,2023-05-19,46,Female,Ahmedabad,Doctor,Low,Online,Samsung,Audio,Galaxy Buds,2,30964,0,309,64,245,0,Purchase,,,,,,,13,32
C0018,T001807,2026-04-04,Silver,2023-05-19,46,Female,Ahmedabad,Doctor,Low,App,Bose,Audio,QC Headphones,2,64279,1,642,489,153,0,Birthday,,,,,,,15,7
C0018,T001808,2026-05-17,Silver,2023-05-19,46,Female,Ahmedabad,Doctor,Low,Online,Bose,Speaker,SoundLink,1,40914,0,409,148,261,0,Festival,,,,,,,18,33
C0019,T001901,2026-04-12,Gold,2020-06-19,31,Female,Bengaluru,Doctor,Medium,Online,Google Nest,Smart Home,Nest Hub,2,39580,0,395,144,251,0,Festival,,,,,,,20,5
C0019,T001902,2026-04-01,Gold,2020-06-19,31,Female,Bengaluru,Doctor,Medium,Offline,Google Nest,Smart Home,Nest Hub,1,54536,0,545,68,477,0,Referral,,,,,,,1,34
C0019,T001903,2026-06-01,Gold,2020-06-19,31,Female,Bengaluru,Doctor,Medium,App,Bose,Speaker,SoundLink,1,117536,1,1175,419,756,0,Purchase,,,,,,,4,21
C0019,T001904,2026-02-02,Gold,2020-06-19,31,Female,Bengaluru,Doctor,Medium,App,Google Nest,Smart Home,Nest Hub,2,54891,1,548,26,421,101,Festival,,,,,,,7,23
C0020,T002001,2026-02-02,Bronze,2022-02-11,60,Male,Mumbai,Manager,Medium,App,Sony,Audio,WH Headphones,2,58876,1,588,321,103,164,Festival,,,,,,,8,20
C0020,T002002,2026-04-19,Bronze,2022-02-11,60,Male,Mumbai,Manager,Medium,Offline,Sony,TV,Bravia,2,137160,0,1371,73,1298,0,Purchase,,,,,,,19,35
C0020,T002003,2026-04-23,Bronze,2022-02-11,60,Male,Mumbai,Manager,Medium,Offline,Bose,Speaker,SoundLink,2,21792,1,217,41,176,0,Referral,,,,,,,20,35
C0020,T002004,2026-01-14,Bronze,2022-02-11,60,Male,Mumbai,Manager,Medium,Offline,Sony,Gaming,PlayStation,2,164747,1,1647,636,394,617,Birthday,,,,,,,20,35
C0020,T002005,2026-06-03,Bronze,2022-02-11,60,Male,Mumbai,Manager,Medium,App,Sony,Audio,WH Headphones,2,32198,1,321,102,219,0,Birthday,,,,,,,16,22
C0021,T002101,2026-05-22,Gold,2024-06-04,60,Male,Mumbai,Business,Low,Offline,Bose,Speaker,SoundLink,2,129153,0,1291,389,902,0,Birthday,,,,,,,6,28
C0021,T002102,2026-03-25,Gold,2024-06-04,60,Male,Mumbai,Business,Low,Offline,Samsung,TV,Smart TV,2,91537,0,915,392,523,0,Purchase,,,,,,,20,5
C0021,T002103,2026-02-17,Gold,2024-06-04,60,Male,Mumbai,Business,Low,Offline,Sony,TV,Bravia,1,113807,0,1138,303,23,812,Festival,,,,,,,19,6
C0021,T002104,2026-03-29,Gold,2024-06-04,60,Male,Mumbai,Business,Low,Offline,Samsung,TV,Smart TV,2,152254,0,1522,640,882,0,Festival,,,,,,,17,9
C0021,T002105,2026-05-22,Gold,2024-06-04,60,Male,Mumbai,Business,Low,Offline,Samsung,Audio,Galaxy Buds,1,45601,1,456,349,107,0,Birthday,,,,,,,12,15
C0021,T002106,2026-04-17,Gold,2024-06-04,60,Male,Mumbai,Business,Low,Offline,Google Nest,Security,Nest Cam,2,174688,0,1746,897,849,0,Purchase,,,,,,,12,19
C0022,T002201,2026-03-30,Gold,2024-04-17,59,Male,Hyderabad,Doctor,Low,Offline,Google Nest,Security,Nest Cam,2,27885,0,278,150,128,0,Birthday,,,,,,,18,19
C0022,T002202,2026-01-14,Gold,2024-04-17,59,Male,Hyderabad,Doctor,Low,Offline,Sony,TV,Bravia,2,110351,1,1103,425,38,640,Purchase,,,,,,,19,30
C0022,T002203,2026-06-20,Gold,2024-04-17,59,Male,Hyderabad,Doctor,Low,Online,Google Nest,Smart Home,Nest Hub,1,165733,0,1657,316,1341,0,Referral,,,,,,,20,2
C0022,T002204,2026-04-15,Gold,2024-04-17,59,Male,Hyderabad,Doctor,Low,App,Google Nest,Smart Home,Nest Hub,2,61220,1,612,90,522,0,Purchase,,,,,,,9,2
C0022,T002205,2026-04-06,Gold,2024-04-17,59,Male,Hyderabad,Doctor,Low,Offline,Google Nest,Security,Nest Cam,2,115976,1,1159,794,365,0,Purchase,,,,,,,9,29
C0022,T002206,2026-04-18,Gold,2024-04-17,59,Male,Hyderabad,Doctor,Low,Online,Google Nest,Security,Nest Cam,2,70935,0,709,80,629,0,Festival,,,,,,,20,5
C0022,T002207,2026-01-18,Gold,2024-04-17,59,Male,Hyderabad,Doctor,Low,Online,Google Nest,Security,Nest Cam,2,29885,1,298,161,110,27,Birthday,,,,,,,6,27
C0022,T002208,2026-06-24,Gold,2024-04-17,59,Male,Hyderabad,Doctor,Low,Online,Apple,Smartphone,iPhone,2,80796,0,807,256,551,0,Referral,,,,,,,10,9
C0022,T002209,2026-02-05,Gold,2024-04-17,59,Male,Hyderabad,Doctor,Low,Online,Google Nest,Security,Nest Cam,2,18232,0,182,90,27,65,Referral,,,,,,,7,22
C0023,T002301,2026-03-25,Bronze,2021-06-08,58,Female,Bengaluru,Engineer,Low,App,Samsung,Audio,Galaxy Buds,1,52924,1,529,59,470,0,Festival,,,,,,,14,17
C0023,T002302,2026-05-28,Bronze,2021-06-08,58,Female,Bengaluru,Engineer,Low,Offline,Apple,Watch,Apple Watch,1,169652,0,1696,922,774,0,Referral,,,,,,,6,13
C0023,T002303,2026-05-22,Bronze,2021-06-08,58,Female,Bengaluru,Engineer,Low,Online,Samsung,Audio,Galaxy Buds,2,67117,1,671,479,192,0,Birthday,,,,,,,4,2
C0023,T002304,2026-05-16,Bronze,2021-06-08,58,Female,Bengaluru,Engineer,Low,App,Sony,Audio,WH Headphones,1,56179,1,561,286,275,0,Referral,,,,,,,18,33
C0023,T002305,2026-04-14,Bronze,2021-06-08,58,Female,Bengaluru,Engineer,Low,App,Sony,Audio,WH Headphones,2,79053,1,790,99,691,0,Festival,,,,,,,4,33
C0023,T002306,2026-04-21,Bronze,2021-06-08,58,Female,Bengaluru,Engineer,Low,App,Samsung,TV,Smart TV,1,26326,0,263,164,99,0,Birthday,,,,,,,4,33
C0023,T002307,2026-04-14,Bronze,2021-06-08,58,Female,Bengaluru,Engineer,Low,Online,Sony,TV,Bravia,1,40785,0,407,261,146,0,Purchase,,,,,,,6,21
C0023,T002308,2026-06-09,Bronze,2021-06-08,58,Female,Bengaluru,Engineer,Low,Offline,Samsung,TV,Smart TV,1,158961,0,1589,1214,375,0,Purchase,,,,,,,12,16
C0024,T002401,2026-06-16,Platinum,2021-04-05,49,Female,Bengaluru,Student,Medium,Online,Apple,Audio,AirPods,1,152272,1,1522,922,600,0,Birthday,,,,,,,4,21
C0024,T002402,2026-05-25,Platinum,2021-04-05,49,Female,Bengaluru,Student,Medium,Online,Apple,Audio,AirPods,1,57854,0,578,81,497,0,Birthday,,,,,,,11,6
C0024,T002403,2026-06-10,Platinum,2021-04-05,49,Female,Bengaluru,Student,Medium,Offline,Apple,Smartphone,iPhone,2,102702,0,1027,725,302,0,Purchase,,,,,,,18,30
C0024,T002404,2026-05-11,Platinum,2021-04-05,49,Female,Bengaluru,Student,Medium,Offline,Apple,Watch,Apple Watch,1,10800,0,108,66,42,0,Birthday,,,,,,,6,34
C0024,T002405,2026-03-11,Platinum,2021-04-05,49,Female,Bengaluru,Student,Medium,Offline,Apple,Audio,AirPods,1,17827,1,178,120,58,0,Birthday,,,,,,,10,26
C0024,T002406,2026-01-28,Platinum,2021-04-05,49,Female,Bengaluru,Student,Medium,App,Sony,Gaming,PlayStation,2,111763,1,1117,566,488,63,Birthday,,,,,,,15,6
C0024,T002407,2026-03-22,Platinum,2021-04-05,49,Female,Bengaluru,Student,Medium,Offline,Apple,Watch,Apple Watch,2,32296,0,322,123,199,0,Festival,,,,,,,1,5
C0024,T002408,2026-01-04,Platinum,2021-04-05,49,Female,Bengaluru,Student,Medium,Online,Apple,Watch,Apple Watch,1,24815,0,248,191,2,55,Referral,,,,,,,6,14
C0024,T002409,2026-06-09,Platinum,2021-04-05,49,Female,Bengaluru,Student,Medium,Online,Apple,Audio,AirPods,1,174296,1,1742,1378,364,0,Referral,,,,,,,13,17
C0025,T002501,2026-04-03,Gold,2020-06-28,33,Female,Bengaluru,Business,High,Online,Google Nest,Security,Nest Cam,2,81005,1,810,485,325,0,Birthday,,,,,,,12,35
C0025,T002502,2026-01-16,Gold,2020-06-28,33,Female,Bengaluru,Business,High,App,Google Nest,Smart Home,Nest Hub,2,69748,1,697,366,169,162,Purchase,,,,,,,15,15
C0025,T002503,2026-02-01,Gold,2020-06-28,33,Female,Bengaluru,Business,High,Offline,Google Nest,Security,Nest Cam,2,33480,0,334,226,33,75,Birthday,,,,,,,13,21
C0025,T002504,2026-02-04,Gold,2020-06-28,33,Female,Bengaluru,Business,High,Online,Google Nest,Security,Nest Cam,1,60164,0,601,181,164,256,Referral,,,,,,,10,2
C0025,T002505,2026-04-11,Gold,2020-06-28,33,Female,Bengaluru,Business,High,App,Google Nest,Security,Nest Cam,1,128515,0,1285,699,586,0,Referral,,,,,,,11,24
C0026,T002601,2026-05-28,Gold,2020-11-03,42,Female,Hyderabad,CA,Low,App,Google Nest,Security,Nest Cam,1,175474,0,1754,484,1270,0,Referral,,,,,,,4,9
C0026,T002602,2026-01-19,Gold,2020-11-03,42,Female,Hyderabad,CA,Low,Online,Samsung,Audio,Galaxy Buds,1,126413,1,1264,413,444,407,Purchase,,,,,,,5,4
C0026,T002603,2026-02-10,Gold,2020-11-03,42,Female,Hyderabad,CA,Low,Online,Sony,Audio,WH Headphones,1,92801,1,928,625,121,182,Referral,,,,,,,14,21
C0026,T002604,2026-06-16,Gold,2020-11-03,42,Female,Hyderabad,CA,Low,App,Google Nest,Security,Nest Cam,2,33129,1,331,253,78,0,Purchase,,,,,,,5,34
C0026,T002605,2026-05-25,Gold,2020-11-03,42,Female,Hyderabad,CA,Low,Online,Samsung,Audio,Galaxy Buds,1,154181,0,1541,780,761,0,Festival,,,,,,,17,30
C0026,T002606,2026-01-22,Gold,2020-11-03,42,Female,Hyderabad,CA,Low,Offline,Samsung,Smartphone,Galaxy S,1,100964,0,1009,155,624,230,Purchase,,,,,,,6,22
C0026,T002607,2026-04-29,Gold,2020-11-03,42,Female,Hyderabad,CA,Low,App,Samsung,TV,Smart TV,2,171100,1,1711,182,1529,0,Festival,,,,,,,7,2
C0027,T002701,2026-06-28,Bronze,2023-12-30,32,Male,Hyderabad,Engineer,High,App,Google Nest,Smart Home,Nest Hub,1,98772,0,987,61,926,0,Referral,,,,,,,13,31
C0027,T002702,2026-04-06,Bronze,2023-12-30,32,Male,Hyderabad,Engineer,High,Online,Google Nest,Security,Nest Cam,2,157398,1,1573,813,760,0,Purchase,,,,,,,11,3
C0027,T002703,2026-01-31,Bronze,2023-12-30,32,Male,Hyderabad,Engineer,High,Online,Google Nest,Security,Nest Cam,2,17996,1,179,61,38,80,Birthday,,,,,,,8,16
C0027,T002704,2026-02-01,Bronze,2023-12-30,32,Male,Hyderabad,Engineer,High,Online,Google Nest,Smart Home,Nest Hub,1,141203,0,1412,715,274,423,Purchase,,,,,,,10,12
C0027,T002705,2026-04-27,Bronze,2023-12-30,32,Male,Hyderabad,Engineer,High,Online,Google Nest,Smart Home,Nest Hub,2,118595,1,1185,287,898,0,Referral,,,,,,,19,25
C0027,T002706,2026-01-31,Bronze,2023-12-30,32,Male,Hyderabad,Engineer,High,Offline,Google Nest,Smart Home,Nest Hub,1,46215,0,462,192,162,108,Purchase,,,,,,,4,35
C0027,T002707,2026-04-12,Bronze,2023-12-30,32,Male,Hyderabad,Engineer,High,Offline,Google Nest,Security,Nest Cam,1,154799,0,1547,1092,455,0,Festival,,,,,,,2,24
C0027,T002708,2026-01-06,Bronze,2023-12-30,32,Male,Hyderabad,Engineer,High,Offline,Google Nest,Security,Nest Cam,1,13255,1,132,25,61,46,Birthday,,,,,,,19,29
C0027,T002709,2026-05-22,Bronze,2023-12-30,32,Male,Hyderabad,Engineer,High,Offline,Apple,Audio,AirPods,2,93191,0,931,21,910,0,Birthday,,,,,,,10,20
C0028,T002801,2026-01-24,Bronze,2023-05-16,54,Female,Delhi,CA,Medium,Offline,Sony,Audio,WH Headphones,2,131961,1,1319,601,553,165,Birthday,,,,,,,18,5
C0028,T002802,2026-06-24,Bronze,2023-05-16,54,Female,Delhi,CA,Medium,App,Bose,Speaker,SoundLink,2,9189,1,91,34,57,0,Referral,,,,,,,13,27
C0028,T002803,2026-04-07,Bronze,2023-05-16,54,Female,Delhi,CA,Medium,App,Bose,Speaker,SoundLink,2,139838,0,1398,558,840,0,Referral,,,,,,,7,27
C0028,T002804,2026-03-04,Bronze,2023-05-16,54,Female,Delhi,CA,Medium,Offline,Bose,Audio,QC Headphones,1,175406,0,1754,768,106,880,Festival,,,,,,,15,34
C0028,T002805,2026-06-04,Bronze,2023-05-16,54,Female,Delhi,CA,Medium,Offline,Bose,Speaker,SoundLink,1,106352,1,1063,29,1034,0,Referral,,,,,,,15,3
C0028,T002806,2026-02-16,Bronze,2023-05-16,54,Female,Delhi,CA,Medium,Online,Bose,Audio,QC Headphones,1,40470,0,404,287,52,65,Referral,,,,,,,16,35
C0028,T002807,2026-06-10,Bronze,2023-05-16,54,Female,Delhi,CA,Medium,Offline,Bose,Speaker,SoundLink,1,88548,1,885,421,464,0,Festival,,,,,,,5,15
C0028,T002808,2026-06-06,Bronze,2023-05-16,54,Female,Delhi,CA,Medium,App,Sony,Gaming,PlayStation,1,40504,0,405,69,336,0,Festival,,,,,,,16,33
C0028,T002809,2026-04-19,Bronze,2023-05-16,54,Female,Delhi,CA,Medium,App,Bose,Audio,QC Headphones,2,160109,1,1601,722,879,0,Festival,,,,,,,12,26
C0029,T002901,2026-04-29,Gold,2019-12-02,39,Male,Ahmedabad,Business,High,Online,Bose,Speaker,SoundLink,1,153662,1,1536,1045,491,0,Festival,,,,,,,2,13
C0029,T002902,2026-05-01,Gold,2019-12-02,39,Male,Ahmedabad,Business,High,Offline,Apple,Watch,Apple Watch,1,145796,0,1457,930,527,0,Referral,,,,,,,15,16
C0029,T002903,2026-04-14,Gold,2019-12-02,39,Male,Ahmedabad,Business,High,Online,Apple,Audio,AirPods,2,103321,1,1033,704,329,0,Purchase,,,,,,,14,21
C0029,T002904,2026-05-16,Gold,2019-12-02,39,Male,Ahmedabad,Business,High,Online,Apple,Smartphone,iPhone,2,143220,1,1432,985,447,0,Referral,,,,,,,16,14
C0029,T002905,2026-02-23,Gold,2019-12-02,39,Male,Ahmedabad,Business,High,App,Google Nest,Smart Home,Nest Hub,1,111249,0,1112,242,824,46,Festival,,,,,,,20,21
C0029,T002906,2026-04-07,Gold,2019-12-02,39,Male,Ahmedabad,Business,High,App,Samsung,TV,Smart TV,1,101645,0,1016,478,538,0,Referral,,,,,,,8,9
C0030,T003001,2026-02-18,Bronze,2025-03-04,31,Male,Ahmedabad,CA,High,App,Sony,Audio,WH Headphones,1,28920,1,289,89,116,84,Festival,,,,,,,5,16
C0030,T003002,2026-05-31,Bronze,2025-03-04,31,Male,Ahmedabad,CA,High,Offline,Sony,Audio,WH Headphones,1,54715,1,547,244,303,0,Birthday,,,,,,,4,14
C0030,T003003,2026-02-19,Bronze,2025-03-04,31,Male,Ahmedabad,CA,High,Online,Sony,TV,Bravia,1,132575,1,1325,87,522,716,Birthday,,,,,,,6,15
C0030,T003004,2026-03-04,Bronze,2025-03-04,31,Male,Ahmedabad,CA,High,App,Google Nest,Smart Home,Nest Hub,1,136994,1,1369,164,287,918,Birthday,,,,,,,18,15
C0030,T003005,2026-06-25,Bronze,2025-03-04,31,Male,Ahmedabad,CA,High,Offline,Sony,Audio,WH Headphones,2,123611,1,1236,41,1195,0,Referral,,,,,,,14,20
C0030,T003006,2026-03-08,Bronze,2025-03-04,31,Male,Ahmedabad,CA,High,App,Samsung,Audio,Galaxy Buds,1,56568,1,565,357,208,0,Referral,,,,,,,14,15
C0030,T003007,2026-05-01,Bronze,2025-03-04,31,Male,Ahmedabad,CA,High,Online,Sony,TV,Bravia,1,155920,1,1559,721,838,0,Festival,,,,,,,4,24
C0031,T003101,2026-04-22,Gold,2023-10-03,56,Female,Bengaluru,Engineer,Medium,Online,Sony,TV,Bravia,2,144450,1,1444,953,491,0,Festival,,,,,,,18,24
C0031,T003102,2026-03-03,Gold,2023-10-03,56,Female,Bengaluru,Engineer,Medium,App,Sony,TV,Bravia,2,111152,1,1111,303,464,344,Festival,,,,,,,18,9
C0031,T003103,2026-05-13,Gold,2023-10-03,56,Female,Bengaluru,Engineer,Medium,App,Sony,TV,Bravia,2,134110,0,1341,575,766,0,Referral,,,,,,,2,32
C0031,T003104,2026-06-02,Gold,2023-10-03,56,Female,Bengaluru,Engineer,Medium,Online,Sony,Audio,WH Headphones,2,129965,1,1299,168,1131,0,Birthday,,,,,,,3,27
C0032,T003201,2026-03-08,Gold,2022-01-13,39,Female,Mumbai,Manager,Medium,Offline,Samsung,Smartphone,Galaxy S,1,33402,1,334,162,172,0,Festival,,,,,,,1,7
C0032,T003202,2026-04-30,Gold,2022-01-13,39,Female,Mumbai,Manager,Medium,App,Samsung,Smartphone,Galaxy S,1,104867,1,1048,186,862,0,Referral,,,,,,,20,23
C0032,T003203,2026-05-13,Gold,2022-01-13,39,Female,Mumbai,Manager,Medium,App,Samsung,TV,Smart TV,2,27831,1,278,147,131,0,Purchase,,,,,,,7,6
C0032,T003204,2026-04-30,Gold,2022-01-13,39,Female,Mumbai,Manager,Medium,App,Apple,Audio,AirPods,1,85646,0,856,297,559,0,Birthday,,,,,,,7,13
C0032,T003205,2026-05-02,Gold,2022-01-13,39,Female,Mumbai,Manager,Medium,Online,Samsung,Audio,Galaxy Buds,2,55450,1,554,321,233,0,Purchase,,,,,,,13,15
C0032,T003206,2026-05-13,Gold,2022-01-13,39,Female,Mumbai,Manager,Medium,App,Samsung,Smartphone,Galaxy S,1,103250,1,1032,125,907,0,Referral,,,,,,,12,11
C0032,T003207,2026-05-12,Gold,2022-01-13,39,Female,Mumbai,Manager,Medium,Online,Samsung,Audio,Galaxy Buds,1,59953,1,599,442,157,0,Referral,,,,,,,5,31
C0032,T003208,2026-04-06,Gold,2022-01-13,39,Female,Mumbai,Manager,Medium,Online,Samsung,Smartphone,Galaxy S,2,134784,1,1347,542,805,0,Festival,,,,,,,14,21
C0033,T003301,2026-03-03,Silver,2025-04-18,38,Male,Pune,Engineer,High,Offline,Sony,TV,Bravia,1,113354,0,1133,491,591,51,Referral,,,,,,,6,33
C0033,T003302,2026-02-10,Silver,2025-04-18,38,Male,Pune,Engineer,High,Offline,Apple,Watch,Apple Watch,2,52632,0,526,364,6,156,Festival,,,,,,,9,26
C0033,T003303,2026-02-08,Silver,2025-04-18,38,Male,Pune,Engineer,High,App,Apple,Smartphone,iPhone,1,28443,1,284,198,67,19,Referral,,,,,,,6,6
C0033,T003304,2026-06-27,Silver,2025-04-18,38,Male,Pune,Engineer,High,Online,Samsung,TV,Smart TV,1,46231,1,462,248,214,0,Purchase,,,,,,,20,16
C0033,T003305,2026-02-28,Silver,2025-04-18,38,Male,Pune,Engineer,High,Online,Apple,Audio,AirPods,2,10728,1,107,20,79,8,Purchase,,,,,,,13,2
C0034,T003401,2026-05-31,Gold,2021-05-03,29,Male,Bengaluru,Engineer,High,Offline,Sony,TV,Bravia,2,92293,1,922,543,379,0,Referral,,,,,,,10,33
C0034,T003402,2026-05-18,Gold,2021-05-03,29,Male,Bengaluru,Engineer,High,Online,Samsung,TV,Smart TV,1,5379,0,53,25,28,0,Festival,,,,,,,4,10
C0034,T003403,2026-02-09,Gold,2021-05-03,29,Male,Bengaluru,Engineer,High,Offline,Bose,Speaker,SoundLink,2,151736,1,1517,468,394,655,Purchase,,,,,,,12,6
C0034,T003404,2026-01-25,Gold,2021-05-03,29,Male,Bengaluru,Engineer,High,App,Sony,Gaming,PlayStation,1,162661,0,1626,1256,43,327,Festival,,,,,,,20,29
C0034,T003405,2026-01-29,Gold,2021-05-03,29,Male,Bengaluru,Engineer,High,App,Sony,Gaming,PlayStation,2,90809,1,908,111,12,785,Purchase,,,,,,,20,32
C0035,T003501,2026-01-24,Bronze,2020-05-23,42,Male,Ahmedabad,CA,Medium,App,Samsung,Audio,Galaxy Buds,1,130602,0,1306,963,203,140,Birthday,,,,,,,17,2
C0035,T003502,2026-06-22,Bronze,2020-05-23,42,Male,Ahmedabad,CA,Medium,App,Sony,Gaming,PlayStation,2,18846,1,188,86,102,0,Purchase,,,,,,,13,13
C0035,T003503,2026-06-06,Bronze,2020-05-23,42,Male,Ahmedabad,CA,Medium,App,Samsung,Smartphone,Galaxy S,2,143299,0,1432,942,490,0,Referral,,,,,,,8,5
C0035,T003504,2026-06-07,Bronze,2020-05-23,42,Male,Ahmedabad,CA,Medium,App,Samsung,Smartphone,Galaxy S,2,134063,0,1340,117,1223,0,Festival,,,,,,,12,16
C0035,T003505,2026-03-07,Bronze,2020-05-23,42,Male,Ahmedabad,CA,Medium,App,Bose,Audio,QC Headphones,1,158558,1,1585,283,1302,0,Referral,,,,,,,19,29
C0035,T003506,2026-03-02,Bronze,2020-05-23,42,Male,Ahmedabad,CA,Medium,App,Apple,Watch,Apple Watch,1,165774,1,1657,308,1309,40,Birthday,,,,,,,10,26
C0035,T003507,2026-03-06,Bronze,2020-05-23,42,Male,Ahmedabad,CA,Medium,Offline,Samsung,TV,Smart TV,2,85512,0,855,392,463,0,Referral,,,,,,,18,15
C0035,T003508,2026-04-11,Bronze,2020-05-23,42,Male,Ahmedabad,CA,Medium,App,Samsung,TV,Smart TV,1,35623,0,356,250,106,0,Festival,,,,,,,12,7
C0035,T003509,2026-02-16,Bronze,2020-05-23,42,Male,Ahmedabad,CA,Medium,App,Samsung,TV,Smart TV,2,104952,0,1049,446,296,307,Birthday,,,,,,,5,24
C0035,T003510,2026-05-23,Bronze,2020-05-23,42,Male,Ahmedabad,CA,Medium,Offline,Samsung,Audio,Galaxy Buds,2,177970,0,1779,1376,403,0,Birthday,,,,,,,8,33
C0036,T003601,2026-02-15,Platinum,2022-12-07,57,Male,Delhi,Student,Medium,Online,Apple,Watch,Apple Watch,2,171808,1,1718,1045,328,345,Purchase,,,,,,,14,29
C0036,T003602,2026-04-05,Platinum,2022-12-07,57,Male,Delhi,Student,Medium,App,Apple,Smartphone,iPhone,2,135578,0,1355,244,1111,0,Referral,,,,,,,11,19
C0036,T003603,2026-01-13,Platinum,2022-12-07,57,Male,Delhi,Student,Medium,Offline,Apple,Watch,Apple Watch,1,26940,1,269,2,200,67,Purchase,,,,,,,1,28
C0036,T003604,2026-06-22,Platinum,2022-12-07,57,Male,Delhi,Student,Medium,Offline,Apple,Watch,Apple Watch,1,124209,0,1242,370,872,0,Referral,,,,,,,20,4
C0036,T003605,2026-06-15,Platinum,2022-12-07,57,Male,Delhi,Student,Medium,Online,Apple,Audio,AirPods,1,66452,1,664,217,447,0,Referral,,,,,,,16,32
C0036,T003606,2026-04-17,Platinum,2022-12-07,57,Male,Delhi,Student,Medium,App,Apple,Audio,AirPods,2,63545,1,635,263,372,0,Birthday,,,,,,,8,35
C0036,T003607,2026-05-23,Platinum,2022-12-07,57,Male,Delhi,Student,Medium,App,Bose,Audio,QC Headphones,2,156611,0,1566,837,729,0,Purchase,,,,,,,8,9
C0036,T003608,2026-06-27,Platinum,2022-12-07,57,Male,Delhi,Student,Medium,Offline,Bose,Speaker,SoundLink,1,13819,0,138,93,45,0,Purchase,,,,,,,16,32
C0036,T003609,2026-02-28,Platinum,2022-12-07,57,Male,Delhi,Student,Medium,App,Apple,Watch,Apple Watch,1,41194,1,411,105,190,116,Birthday,,,,,,,4,9
C0036,T003610,2026-06-28,Platinum,2022-12-07,57,Male,Delhi,Student,Medium,Offline,Apple,Watch,Apple Watch,2,99248,0,992,585,407,0,Referral,,,,,,,5,18
C0037,T003701,2026-06-29,Bronze,2024-07-10,37,Female,Delhi,Manager,Low,App,Sony,Audio,WH Headphones,1,65959,0,659,177,482,0,Birthday,,,,,,,3,16
C0037,T003702,2026-01-09,Bronze,2024-07-10,37,Female,Delhi,Manager,Low,App,Sony,TV,Bravia,1,123384,0,1233,318,914,1,Birthday,,,,,,,6,30
C0037,T003703,2026-03-31,Bronze,2024-07-10,37,Female,Delhi,Manager,Low,App,Samsung,TV,Smart TV,2,155175,0,1551,163,1388,0,Birthday,,,,,,,11,18
C0037,T003704,2026-03-27,Bronze,2024-07-10,37,Female,Delhi,Manager,Low,Online,Sony,Gaming,PlayStation,2,32753,1,327,7,320,0,Purchase,,,,,,,4,25
C0037,T003705,2026-02-11,Bronze,2024-07-10,37,Female,Delhi,Manager,Low,Online,Google Nest,Security,Nest Cam,1,92400,0,924,285,564,75,Purchase,,,,,,,3,4
C0038,T003801,2026-03-19,Silver,2020-05-04,50,Male,Bengaluru,Engineer,High,Online,Apple,Smartphone,iPhone,1,13994,1,139,33,106,0,Festival,,,,,,,16,3
C0038,T003802,2026-06-12,Silver,2020-05-04,50,Male,Bengaluru,Engineer,High,App,Bose,Audio,QC Headphones,2,85870,1,858,424,434,0,Purchase,,,,,,,6,26
C0038,T003803,2026-06-28,Silver,2020-05-04,50,Male,Bengaluru,Engineer,High,App,Bose,Speaker,SoundLink,1,158593,0,1585,1137,448,0,Birthday,,,,,,,7,31
C0038,T003804,2026-02-19,Silver,2020-05-04,50,Male,Bengaluru,Engineer,High,App,Bose,Audio,QC Headphones,2,31278,1,312,148,45,119,Referral,,,,,,,17,26
C0038,T003805,2026-04-04,Silver,2020-05-04,50,Male,Bengaluru,Engineer,High,Online,Bose,Speaker,SoundLink,2,119137,0,1191,756,435,0,Birthday,,,,,,,18,14
C0038,T003806,2026-01-20,Silver,2020-05-04,50,Male,Bengaluru,Engineer,High,Online,Bose,Speaker,SoundLink,2,40965,0,409,37,18,354,Referral,,,,,,,5,9
C0038,T003807,2026-02-10,Silver,2020-05-04,50,Male,Bengaluru,Engineer,High,App,Bose,Audio,QC Headphones,2,95239,0,952,644,45,263,Referral,,,,,,,7,4
C0039,T003901,2026-06-11,Bronze,2021-06-26,28,Female,Ahmedabad,CA,Low,Offline,Google Nest,Security,Nest Cam,2,139882,1,1398,959,439,0,Referral,,,,,,,19,21
C0039,T003902,2026-02-24,Bronze,2021-06-26,28,Female,Ahmedabad,CA,Low,Offline,Sony,Audio,WH Headphones,1,137958,0,1379,915,455,9,Festival,,,,,,,3,12
C0039,T003903,2026-03-31,Bronze,2021-06-26,28,Female,Ahmedabad,CA,Low,Offline,Sony,Audio,WH Headphones,2,53803,1,538,18,520,0,Purchase,,,,,,,1,26
C0039,T003904,2026-06-10,Bronze,2021-06-26,28,Female,Ahmedabad,CA,Low,App,Apple,Audio,AirPods,1,118283,1,1182,630,552,0,Festival,,,,,,,7,32
C0039,T003905,2026-05-26,Bronze,2021-06-26,28,Female,Ahmedabad,CA,Low,Online,Sony,Audio,WH Headphones,2,170068,0,1700,258,1442,0,Birthday,,,,,,,7,23
C0040,T004001,2026-03-11,Bronze,2022-07-25,29,Female,Ahmedabad,CA,High,Offline,Samsung,Audio,Galaxy Buds,1,44013,1,440,330,110,0,Referral,,,,,,,3,6
C0040,T004002,2026-05-07,Bronze,2022-07-25,29,Female,Ahmedabad,CA,High,App,Google Nest,Smart Home,Nest Hub,2,44061,1,440,143,297,0,Referral,,,,,,,15,24
C0040,T004003,2026-06-16,Bronze,2022-07-25,29,Female,Ahmedabad,CA,High,App,Sony,Gaming,PlayStation,1,77476,1,774,130,644,0,Birthday,,,,,,,15,24
C0040,T004004,2026-02-25,Bronze,2022-07-25,29,Female,Ahmedabad,CA,High,Online,Google Nest,Security,Nest Cam,2,53779,1,537,425,57,55,Birthday,,,,,,,11,5
C0040,T004005,2026-05-21,Bronze,2022-07-25,29,Female,Ahmedabad,CA,High,Offline,Google Nest,Security,Nest Cam,1,14081,0,140,7,133,0,Purchase,,,,,,,10,34
C0040,T004006,2026-03-15,Bronze,2022-07-25,29,Female,Ahmedabad,CA,High,Offline,Google Nest,Security,Nest Cam,2,36173,1,361,135,226,0,Purchase,,,,,,,7,22
C0040,T004007,2026-06-04,Bronze,2022-07-25,29,Female,Ahmedabad,CA,High,App,Google Nest,Smart Home,Nest Hub,2,151829,1,1518,528,990,0,Referral,,,,,,,15,29
C0041,T004101,2026-04-25,Gold,2022-02-14,60,Female,Hyderabad,Manager,High,App,Samsung,TV,Smart TV,2,68648,1,686,21,665,0,Referral,,,,,,,6,17
C0041,T004102,2026-01-30,Gold,2022-02-14,60,Female,Hyderabad,Manager,High,Offline,Apple,Watch,Apple Watch,1,116453,1,1164,268,527,369,Festival,,,,,,,19,21
C0041,T004103,2026-03-13,Gold,2022-02-14,60,Female,Hyderabad,Manager,High,Online,Samsung,Audio,Galaxy Buds,2,74758,1,747,9,738,0,Purchase,,,,,,,16,20
C0041,T004104,2026-01-17,Gold,2022-02-14,60,Female,Hyderabad,Manager,High,App,Samsung,TV,Smart TV,1,69041,1,690,524,65,101,Birthday,,,,,,,14,13
C0041,T004105,2026-05-27,Gold,2022-02-14,60,Female,Hyderabad,Manager,High,Offline,Samsung,Audio,Galaxy Buds,1,10186,0,101,75,26,0,Birthday,,,,,,,19,23
C0041,T004106,2026-02-21,Gold,2022-02-14,60,Female,Hyderabad,Manager,High,App,Samsung,Audio,Galaxy Buds,2,124307,1,1243,893,169,181,Referral,,,,,,,12,13
C0041,T004107,2026-04-22,Gold,2022-02-14,60,Female,Hyderabad,Manager,High,Offline,Samsung,Audio,Galaxy Buds,2,30456,1,304,106,198,0,Referral,,,,,,,7,25
C0042,T004201,2026-04-18,Gold,2024-11-29,44,Male,Ahmedabad,Business,Low,App,Apple,Audio,AirPods,1,47147,0,471,40,431,0,Birthday,,,,,,,1,21
C0042,T004202,2026-01-14,Gold,2024-11-29,44,Male,Ahmedabad,Business,Low,App,Apple,Smartphone,iPhone,1,19684,1,196,97,44,55,Birthday,,,,,,,12,5
C0042,T004203,2026-05-20,Gold,2024-11-29,44,Male,Ahmedabad,Business,Low,Online,Apple,Watch,Apple Watch,1,13449,1,134,58,76,0,Birthday,,,,,,,5,8
C0042,T004204,2026-01-07,Gold,2024-11-29,44,Male,Ahmedabad,Business,Low,App,Apple,Smartphone,iPhone,2,59736,1,597,61,288,248,Birthday,,,,,,,8,18
C0042,T004205,2026-03-05,Gold,2024-11-29,44,Male,Ahmedabad,Business,Low,Offline,Apple,Watch,Apple Watch,2,157654,1,1576,995,581,0,Referral,,,,,,,4,19
C0042,T004206,2026-02-19,Gold,2024-11-29,44,Male,Ahmedabad,Business,Low,Offline,Apple,Smartphone,iPhone,1,77463,1,774,283,266,225,Referral,,,,,,,7,5
C0042,T004207,2026-02-24,Gold,2024-11-29,44,Male,Ahmedabad,Business,Low,Online,Apple,Audio,AirPods,1,47883,1,478,325,77,76,Birthday,,,,,,,16,19
C0042,T004208,2026-03-31,Gold,2024-11-29,44,Male,Ahmedabad,Business,Low,Online,Bose,Audio,QC Headphones,1,160691,0,1606,672,934,0,Purchase,,,,,,,5,2
C0042,T004209,2026-05-02,Gold,2024-11-29,44,Male,Ahmedabad,Business,Low,App,Apple,Smartphone,iPhone,2,143072,0,1430,1017,413,0,Birthday,,,,,,,2,2
C0042,T004210,2026-03-12,Gold,2024-11-29,44,Male,Ahmedabad,Business,Low,App,Apple,Smartphone,iPhone,2,136579,0,1365,476,889,0,Birthday,,,,,,,11,11
C0043,T004301,2026-06-02,Silver,2024-01-20,29,Female,Delhi,CA,Medium,Offline,Sony,TV,Bravia,1,119350,0,1193,389,804,0,Festival,,,,,,,1,32
C0043,T004302,2026-05-06,Silver,2024-01-20,29,Female,Delhi,CA,Medium,Online,Apple,Smartphone,iPhone,2,70220,0,702,182,520,0,Birthday,,,,,,,9,4
C0043,T004303,2026-01-26,Silver,2024-01-20,29,Female,Delhi,CA,Medium,App,Apple,Audio,AirPods,2,12813,1,128,21,83,24,Birthday,,,,,,,12,3
C0043,T004304,2026-06-03,Silver,2024-01-20,29,Female,Delhi,CA,Medium,Online,Apple,Watch,Apple Watch,2,93906,1,939,108,831,0,Purchase,,,,,,,19,15
C0043,T004305,2026-02-20,Silver,2024-01-20,29,Female,Delhi,CA,Medium,Online,Google Nest,Security,Nest Cam,1,170075,0,1700,1237,24,439,Festival,,,,,,,7,32
C0043,T004306,2026-04-09,Silver,2024-01-20,29,Female,Delhi,CA,Medium,Offline,Apple,Watch,Apple Watch,1,138624,0,1386,700,686,0,Referral,,,,,,,3,31
C0043,T004307,2026-02-26,Silver,2024-01-20,29,Female,Delhi,CA,Medium,App,Apple,Audio,AirPods,1,32116,0,321,79,231,11,Purchase,,,,,,,11,11
C0043,T004308,2026-05-11,Silver,2024-01-20,29,Female,Delhi,CA,Medium,Online,Apple,Audio,AirPods,2,144534,0,1445,776,669,0,Referral,,,,,,,15,25
C0044,T004401,2026-02-09,Gold,2024-07-21,53,Female,Ahmedabad,CA,High,Offline,Sony,Audio,WH Headphones,1,149595,1,1495,949,140,406,Birthday,,,,,,,6,3
C0044,T004402,2026-03-06,Gold,2024-07-21,53,Female,Ahmedabad,CA,High,Offline,Sony,Gaming,PlayStation,2,29920,0,299,103,196,0,Birthday,,,,,,,7,3
C0044,T004403,2026-02-12,Gold,2024-07-21,53,Female,Ahmedabad,CA,High,Online,Bose,Audio,QC Headphones,1,113249,0,1132,873,199,60,Birthday,,,,,,,7,20
C0044,T004404,2026-04-18,Gold,2024-07-21,53,Female,Ahmedabad,CA,High,App,Sony,TV,Bravia,2,25335,1,253,62,191,0,Referral,,,,,,,5,23
C0044,T004405,2026-04-03,Gold,2024-07-21,53,Female,Ahmedabad,CA,High,App,Sony,Audio,WH Headphones,2,68688,0,686,291,395,0,Birthday,,,,,,,18,24
C0044,T004406,2026-06-29,Gold,2024-07-21,53,Female,Ahmedabad,CA,High,Online,Google Nest,Smart Home,Nest Hub,2,59719,1,597,4,593,0,Birthday,,,,,,,8,28
C0044,T004407,2026-03-31,Gold,2024-07-21,53,Female,Ahmedabad,CA,High,Online,Sony,Gaming,PlayStation,1,53128,1,531,301,230,0,Purchase,,,,,,,12,10
C0045,T004501,2026-05-04,Silver,2019-09-09,29,Female,Mumbai,Doctor,Medium,App,Apple,Audio,AirPods,2,135749,1,1357,733,624,0,Purchase,,,,,,,16,33
C0045,T004502,2026-03-25,Silver,2019-09-09,29,Female,Mumbai,Doctor,Medium,App,Apple,Audio,AirPods,1,59686,1,596,404,192,0,Birthday,,,,,,,2,16
C0045,T004503,2026-01-19,Silver,2019-09-09,29,Female,Mumbai,Doctor,Medium,Online,Samsung,Audio,Galaxy Buds,1,40912,1,409,97,225,87,Purchase,,,,,,,10,22
C0045,T004504,2026-04-21,Silver,2019-09-09,29,Female,Mumbai,Doctor,Medium,Online,Google Nest,Security,Nest Cam,1,131847,0,1318,967,351,0,Referral,,,,,,,5,34
C0045,T004505,2026-05-09,Silver,2019-09-09,29,Female,Mumbai,Doctor,Medium,Offline,Sony,TV,Bravia,1,82668,1,826,415,411,0,Referral,,,,,,,7,20
C0045,T004506,2026-04-02,Silver,2019-09-09,29,Female,Mumbai,Doctor,Medium,Offline,Samsung,Smartphone,Galaxy S,2,97183,0,971,221,750,0,Referral,,,,,,,12,12
C0045,T004507,2026-05-21,Silver,2019-09-09,29,Female,Mumbai,Doctor,Medium,Online,Apple,Watch,Apple Watch,2,168004,1,1680,381,1299,0,Referral,,,,,,,2,9
C0046,T004601,2026-06-18,Bronze,2020-01-02,41,Male,Bengaluru,CA,High,Offline,Google Nest,Security,Nest Cam,1,25035,0,250,33,217,0,Purchase,,,,,,,11,5
C0046,T004602,2026-03-24,Bronze,2020-01-02,41,Male,Bengaluru,CA,High,App,Google Nest,Security,Nest Cam,1,84064,1,840,388,452,0,Birthday,,,,,,,8,17
C0046,T004603,2026-01-19,Bronze,2020-01-02,41,Male,Bengaluru,CA,High,Offline,Google Nest,Security,Nest Cam,1,105838,0,1058,376,296,386,Festival,,,,,,,13,16
C0046,T004604,2026-04-03,Bronze,2020-01-02,41,Male,Bengaluru,CA,High,App,Google Nest,Smart Home,Nest Hub,1,63946,1,639,366,273,0,Referral,,,,,,,10,5
C0046,T004605,2026-06-04,Bronze,2020-01-02,41,Male,Bengaluru,CA,High,App,Bose,Speaker,SoundLink,1,42227,0,422,128,294,0,Birthday,,,,,,,12,13
C0046,T004606,2026-06-23,Bronze,2020-01-02,41,Male,Bengaluru,CA,High,Offline,Google Nest,Smart Home,Nest Hub,2,173050,1,1730,421,1309,0,Festival,,,,,,,7,30
C0047,T004701,2026-04-12,Silver,2019-10-11,32,Male,Pune,Doctor,High,App,Apple,Smartphone,iPhone,2,64154,0,641,467,174,0,Referral,,,,,,,20,24
C0047,T004702,2026-03-25,Silver,2019-10-11,32,Male,Pune,Doctor,High,App,Samsung,Audio,Galaxy Buds,2,161769,1,1617,994,623,0,Purchase,,,,,,,1,20
C0047,T004703,2026-01-18,Silver,2019-10-11,32,Male,Pune,Doctor,High,Online,Apple,Audio,AirPods,2,68917,1,689,388,119,182,Purchase,,,,,,,6,12
C0047,T004704,2026-06-10,Silver,2019-10-11,32,Male,Pune,Doctor,High,Online,Apple,Audio,AirPods,1,107447,1,1074,649,425,0,Festival,,,,,,,15,4
C0047,T004705,2026-03-23,Silver,2019-10-11,32,Male,Pune,Doctor,High,Online,Apple,Audio,AirPods,2,10968,1,109,64,45,0,Purchase,,,,,,,10,14
C0047,T004706,2026-01-07,Silver,2019-10-11,32,Male,Pune,Doctor,High,Online,Apple,Audio,AirPods,1,140932,0,1409,482,226,701,Birthday,,,,,,,16,8
C0047,T004707,2026-05-31,Silver,2019-10-11,32,Male,Pune,Doctor,High,Offline,Apple,Audio,AirPods,1,79826,0,798,110,688,0,Referral,,,,,,,17,2
C0048,T004801,2026-02-28,Bronze,2021-06-25,47,Female,Mumbai,Student,Low,Offline,Bose,Speaker,SoundLink,1,121567,0,1215,432,30,753,Referral,,,,,,,7,32
C0048,T004802,2026-02-28,Bronze,2021-06-25,47,Female,Mumbai,Student,Low,App,Apple,Watch,Apple Watch,2,97858,1,978,303,487,188,Birthday,,,,,,,4,14
C0048,T004803,2026-03-25,Bronze,2021-06-25,47,Female,Mumbai,Student,Low,Offline,Bose,Audio,QC Headphones,2,146344,0,1463,760,703,0,Birthday,,,,,,,7,13
C0048,T004804,2026-01-18,Bronze,2021-06-25,47,Female,Mumbai,Student,Low,Online,Bose,Speaker,SoundLink,1,125797,1,1257,437,111,709,Referral,,,,,,,4,10
C0048,T004805,2026-06-20,Bronze,2021-06-25,47,Female,Mumbai,Student,Low,Online,Bose,Speaker,SoundLink,1,96639,1,966,68,898,0,Referral,,,,,,,2,27
C0048,T004806,2026-04-08,Bronze,2021-06-25,47,Female,Mumbai,Student,Low,Offline,Bose,Audio,QC Headphones,1,170432,0,1704,398,1306,0,Festival,,,,,,,11,5
C0048,T004807,2026-02-27,Bronze,2021-06-25,47,Female,Mumbai,Student,Low,App,Sony,Audio,WH Headphones,1,111830,0,1118,311,618,189,Birthday,,,,,,,7,18
C0049,T004901,2026-01-16,Bronze,2024-12-12,58,Male,Hyderabad,Business,High,Online,Samsung,Smartphone,Galaxy S,2,92107,1,921,406,479,36,Referral,,,,,,,1,32
C0049,T004902,2026-04-13,Bronze,2024-12-12,58,Male,Hyderabad,Business,High,Online,Samsung,Audio,Galaxy Buds,2,54066,1,540,428,112,0,Referral,,,,,,,10,22
C0049,T004903,2026-04-21,Bronze,2024-12-12,58,Male,Hyderabad,Business,High,App,Google Nest,Security,Nest Cam,2,175094,0,1750,766,984,0,Festival,,,,,,,10,14
C0049,T004904,2026-06-23,Bronze,2024-12-12,58,Male,Hyderabad,Business,High,App,Apple,Watch,Apple Watch,1,123601,0,1236,766,470,0,Birthday,,,,,,,3,35
C0049,T004905,2026-05-22,Bronze,2024-12-12,58,Male,Hyderabad,Business,High,App,Samsung,TV,Smart TV,1,96651,1,966,228,738,0,Referral,,,,,,,14,3
C0050,T005001,2026-03-14,Bronze,2024-12-16,46,Female,Bengaluru,Business,Low,App,Apple,Audio,AirPods,2,81821,1,818,83,735,0,Birthday,,,,,,,9,4
C0050,T005002,2026-03-15,Bronze,2024-12-16,46,Female,Bengaluru,Business,Low,Offline,Samsung,Audio,Galaxy Buds,2,10343,1,103,79,24,0,Referral,,,,,,,9,5
C0050,T005003,2026-04-12,Bronze,2024-12-16,46,Female,Bengaluru,Business,Low,Online,Samsung,Audio,Galaxy Buds,2,125825,0,1258,77,1181,0,Festival,,,,,,,15,15
C0050,T005004,2026-01-29,Bronze,2024-12-16,46,Female,Bengaluru,Business,Low,Online,Samsung,TV,Smart TV,1,32284,1,322,10,220,92,Birthday,,,,,,,12,9
C0050,T005005,2026-01-28,Bronze,2024-12-16,46,Female,Bengaluru,Business,Low,Offline,Samsung,Smartphone,Galaxy S,1,151696,0,1516,372,143,1001,Purchase,,,,,,,19,14
C0050,T005006,2026-02-13,Bronze,2024-12-16,46,Female,Bengaluru,Business,Low,App,Samsung,Audio,Galaxy Buds,1,102549,0,1025,541,238,246,Purchase,,,,,,,6,13
C0050,T005007,2026-06-02,Bronze,2024-12-16,46,Female,Bengaluru,Business,Low,Offline,Samsung,TV,Smart TV,2,26023,1,260,113,147,0,Birthday,,,,,,,19,13
C0051,T005101,2026-04-30,Silver,2020-10-18,27,Male,Bengaluru,Engineer,Low,App,Google Nest,Smart Home,Nest Hub,2,52616,1,526,271,255,0,Referral,,,,,,,8,31
C0051,T005102,2026-03-20,Silver,2020-10-18,27,Male,Bengaluru,Engineer,Low,App,Google Nest,Smart Home,Nest Hub,1,37293,0,372,186,186,0,Birthday,,,,,,,9,8
C0051,T005103,2026-05-20,Silver,2020-10-18,27,Male,Bengaluru,Engineer,Low,Online,Google Nest,Security,Nest Cam,2,132259,1,1322,940,382,0,Referral,,,,,,,9,15
C0051,T005104,2026-06-21,Silver,2020-10-18,27,Male,Bengaluru,Engineer,Low,Offline,Google Nest,Security,Nest Cam,2,146338,0,1463,971,492,0,Birthday,,,,,,,3,32
C0051,T005105,2026-04-30,Silver,2020-10-18,27,Male,Bengaluru,Engineer,Low,Online,Bose,Speaker,SoundLink,1,174488,0,1744,1325,419,0,Purchase,,,,,,,8,11
C0051,T005106,2026-05-22,Silver,2020-10-18,27,Male,Bengaluru,Engineer,Low,App,Google Nest,Smart Home,Nest Hub,1,109248,0,1092,422,670,0,Birthday,,,,,,,14,11
C0051,T005107,2026-06-06,Silver,2020-10-18,27,Male,Bengaluru,Engineer,Low,Offline,Google Nest,Smart Home,Nest Hub,1,72962,0,729,154,575,0,Referral,,,,,,,2,26
C0052,T005201,2026-05-03,Platinum,2023-08-24,43,Male,Hyderabad,Doctor,High,Offline,Google Nest,Smart Home,Nest Hub,1,36826,1,368,104,264,0,Purchase,,,,,,,6,12
C0052,T005202,2026-01-25,Platinum,2023-08-24,43,Male,Hyderabad,Doctor,High,App,Google Nest,Smart Home,Nest Hub,2,123379,1,1233,135,352,746,Referral,,,,,,,10,14
C0052,T005203,2026-03-02,Platinum,2023-08-24,43,Male,Hyderabad,Doctor,High,Online,Bose,Audio,QC Headphones,1,151858,0,1518,21,721,776,Festival,,,,,,,9,8
C0052,T005204,2026-05-24,Platinum,2023-08-24,43,Male,Hyderabad,Doctor,High,Online,Google Nest,Smart Home,Nest Hub,1,72524,0,725,513,212,0,Purchase,,,,,,,13,17
C0053,T005301,2026-01-20,Silver,2021-07-10,24,Male,Delhi,Doctor,Medium,Online,Samsung,Smartphone,Galaxy S,2,46159,0,461,25,99,337,Referral,,,,,,,5,9
C0053,T005302,2026-06-26,Silver,2021-07-10,24,Male,Delhi,Doctor,Medium,Online,Google Nest,Smart Home,Nest Hub,2,79781,1,797,234,563,0,Birthday,,,,,,,10,3
C0053,T005303,2026-01-09,Silver,2021-07-10,24,Male,Delhi,Doctor,Medium,Offline,Bose,Speaker,SoundLink,1,84362,1,843,463,351,29,Birthday,,,,,,,10,25
C0053,T005304,2026-03-08,Silver,2021-07-10,24,Male,Delhi,Doctor,Medium,Online,Apple,Watch,Apple Watch,1,35357,0,353,172,181,0,Birthday,,,,,,,6,35
C0053,T005305,2026-06-27,Silver,2021-07-10,24,Male,Delhi,Doctor,Medium,App,Apple,Smartphone,iPhone,1,26549,1,265,158,107,0,Birthday,,,,,,,7,19
C0053,T005306,2026-06-03,Silver,2021-07-10,24,Male,Delhi,Doctor,Medium,Offline,Samsung,Smartphone,Galaxy S,1,27442,0,274,176,98,0,Birthday,,,,,,,19,23
C0053,T005307,2026-05-20,Silver,2021-07-10,24,Male,Delhi,Doctor,Medium,App,Sony,Audio,WH Headphones,1,15929,1,159,68,91,0,Festival,,,,,,,3,23
C0054,T005401,2026-05-26,Gold,2020-01-25,25,Female,Ahmedabad,Student,Low,Online,Apple,Smartphone,iPhone,2,88874,0,888,295,593,0,Festival,,,,,,,11,17
C0054,T005402,2026-02-24,Gold,2020-01-25,25,Female,Ahmedabad,Student,Low,App,Apple,Watch,Apple Watch,2,5381,1,53,39,9,5,Referral,,,,,,,8,25
C0054,T005403,2026-03-14,Gold,2020-01-25,25,Female,Ahmedabad,Student,Low,App,Bose,Audio,QC Headphones,1,82842,1,828,321,507,0,Festival,,,,,,,8,24
C0054,T005404,2026-02-01,Gold,2020-01-25,25,Female,Ahmedabad,Student,Low,App,Apple,Watch,Apple Watch,1,137646,0,1376,430,335,611,Referral,,,,,,,17,13
C0054,T005405,2026-02-24,Gold,2020-01-25,25,Female,Ahmedabad,Student,Low,Offline,Apple,Smartphone,iPhone,2,5505,1,55,17,5,33,Birthday,,,,,,,2,4
C0054,T005406,2026-02-05,Gold,2020-01-25,25,Female,Ahmedabad,Student,Low,Offline,Sony,Gaming,PlayStation,1,88589,0,885,85,464,336,Referral,,,,,,,20,13
C0054,T005407,2026-06-03,Gold,2020-01-25,25,Female,Ahmedabad,Student,Low,Online,Apple,Watch,Apple Watch,2,175296,1,1752,93,1659,0,Purchase,,,,,,,12,22
C0055,T005501,2026-01-24,Silver,2025-05-22,29,Male,Bengaluru,Business,High,App,Bose,Speaker,SoundLink,1,119290,1,1192,754,420,18,Festival,,,,,,,11,5
C0055,T005502,2026-03-02,Silver,2025-05-22,29,Male,Bengaluru,Business,High,Offline,Bose,Speaker,SoundLink,1,172956,0,1729,840,243,646,Festival,,,,,,,9,15
C0055,T005503,2026-02-12,Silver,2025-05-22,29,Male,Bengaluru,Business,High,App,Samsung,TV,Smart TV,1,117592,0,1175,430,496,249,Referral,,,,,,,9,31
C0055,T005504,2026-04-17,Silver,2025-05-22,29,Male,Bengaluru,Business,High,Online,Apple,Watch,Apple Watch,1,23197,0,231,6,225,0,Birthday,,,,,,,19,25
C0055,T005505,2026-03-16,Silver,2025-05-22,29,Male,Bengaluru,Business,High,App,Bose,Speaker,SoundLink,2,47044,0,470,287,183,0,Festival,,,,,,,7,3
C0055,T005506,2026-04-15,Silver,2025-05-22,29,Male,Bengaluru,Business,High,App,Bose,Audio,QC Headphones,1,134082,0,1340,548,792,0,Referral,,,,,,,2,4
C0056,T005601,2026-01-14,Gold,2019-11-18,30,Female,Pune,CA,Low,App,Samsung,TV,Smart TV,2,9284,0,92,72,9,11,Purchase,,,,,,,12,18
C0056,T005602,2026-04-13,Gold,2019-11-18,30,Female,Pune,CA,Low,Offline,Google Nest,Smart Home,Nest Hub,2,138763,1,1387,691,696,0,Birthday,,,,,,,4,19
C0056,T005603,2026-01-21,Gold,2019-11-18,30,Female,Pune,CA,Low,App,Samsung,TV,Smart TV,1,27550,0,275,181,79,15,Birthday,,,,,,,16,13
C0056,T005604,2026-05-19,Gold,2019-11-18,30,Female,Pune,CA,Low,App,Bose,Speaker,SoundLink,2,91937,0,919,645,274,0,Purchase,,,,,,,11,13
C0056,T005605,2026-02-05,Gold,2019-11-18,30,Female,Pune,CA,Low,Offline,Sony,Gaming,PlayStation,1,59905,0,599,386,167,46,Birthday,,,,,,,17,19
C0056,T005606,2026-06-16,Gold,2019-11-18,30,Female,Pune,CA,Low,App,Sony,Audio,WH Headphones,1,51083,0,510,406,104,0,Festival,,,,,,,20,28
C0056,T005607,2026-06-23,Gold,2019-11-18,30,Female,Pune,CA,Low,Offline,Apple,Smartphone,iPhone,1,57923,0,579,385,194,0,Referral,,,,,,,4,6
C0056,T005608,2026-04-11,Gold,2019-11-18,30,Female,Pune,CA,Low,Offline,Sony,Audio,WH Headphones,1,44959,1,449,345,104,0,Purchase,,,,,,,19,33
C0056,T005609,2026-05-25,Gold,2019-11-18,30,Female,Pune,CA,Low,Offline,Apple,Audio,AirPods,2,152713,1,1527,954,573,0,Purchase,,,,,,,12,14
C0057,T005701,2026-01-17,Platinum,2025-03-22,28,Male,Hyderabad,CA,Medium,Offline,Google Nest,Smart Home,Nest Hub,2,178332,1,1783,1227,467,89,Festival,,,,,,,6,22
C0057,T005702,2026-05-09,Platinum,2025-03-22,28,Male,Hyderabad,CA,Medium,App,Bose,Audio,QC Headphones,2,81097,1,810,293,517,0,Purchase,,,,,,,8,32
C0057,T005703,2026-07-03,Platinum,2025-03-22,28,Male,Hyderabad,CA,Medium,Online,Google Nest,Security,Nest Cam,1,50531,0,505,314,191,0,Referral,,,,,,,11,12
C0057,T005704,2026-04-09,Platinum,2025-03-22,28,Male,Hyderabad,CA,Medium,App,Google Nest,Smart Home,Nest Hub,2,7508,1,75,27,48,0,Festival,,,,,,,13,33
C0057,T005705,2026-03-02,Platinum,2025-03-22,28,Male,Hyderabad,CA,Medium,App,Google Nest,Smart Home,Nest Hub,2,155042,0,1550,818,616,116,Purchase,,,,,,,14,30
C0057,T005706,2026-03-29,Platinum,2025-03-22,28,Male,Hyderabad,CA,Medium,Offline,Google Nest,Smart Home,Nest Hub,2,10405,1,104,76,28,0,Birthday,,,,,,,1,7
C0057,T005707,2026-05-29,Platinum,2025-03-22,28,Male,Hyderabad,CA,Medium,Online,Google Nest,Smart Home,Nest Hub,1,119515,0,1195,614,581,0,Festival,,,,,,,4,34
C0057,T005708,2026-05-01,Platinum,2025-03-22,28,Male,Hyderabad,CA,Medium,App,Google Nest,Smart Home,Nest Hub,1,83071,0,830,338,492,0,Birthday,,,,,,,16,32
C0057,T005709,2026-01-10,Platinum,2025-03-22,28,Male,Hyderabad,CA,Medium,App,Google Nest,Security,Nest Cam,1,92819,1,928,641,23,264,Festival,,,,,,,4,9
C0057,T005710,2026-03-04,Platinum,2025-03-22,28,Male,Hyderabad,CA,Medium,Online,Google Nest,Smart Home,Nest Hub,2,106953,1,1069,629,118,322,Referral,,,,,,,19,15
C0058,T005801,2026-04-06,Bronze,2024-10-07,25,Female,Delhi,Manager,Medium,App,Apple,Smartphone,iPhone,2,38232,0,382,189,193,0,Referral,,,,,,,11,28
C0058,T005802,2026-03-22,Bronze,2024-10-07,25,Female,Delhi,Manager,Medium,Online,Apple,Smartphone,iPhone,1,57984,1,579,260,319,0,Purchase,,,,,,,12,16
C0058,T005803,2026-04-04,Bronze,2024-10-07,25,Female,Delhi,Manager,Medium,Offline,Apple,Smartphone,iPhone,1,152637,0,1526,1141,385,0,Referral,,,,,,,1,20
C0058,T005804,2026-05-16,Bronze,2024-10-07,25,Female,Delhi,Manager,Medium,Online,Apple,Watch,Apple Watch,1,148674,0,1486,1142,344,0,Festival,,,,,,,12,13
C0058,T005805,2026-03-31,Bronze,2024-10-07,25,Female,Delhi,Manager,Medium,Offline,Apple,Smartphone,iPhone,2,71461,0,714,401,313,0,Birthday,,,,,,,5,35
C0058,T005806,2026-03-18,Bronze,2024-10-07,25,Female,Delhi,Manager,Medium,Offline,Apple,Audio,AirPods,2,95736,1,957,757,200,0,Festival,,,,,,,14,14
C0058,T005807,2026-03-29,Bronze,2024-10-07,25,Female,Delhi,Manager,Medium,Online,Bose,Speaker,SoundLink,2,44026,0,440,220,220,0,Purchase,,,,,,,6,3
C0058,T005808,2026-06-23,Bronze,2024-10-07,25,Female,Delhi,Manager,Medium,Offline,Apple,Smartphone,iPhone,2,9869,1,98,4,94,0,Festival,,,,,,,6,12
C0058,T005809,2026-05-13,Bronze,2024-10-07,25,Female,Delhi,Manager,Medium,App,Apple,Watch,Apple Watch,1,104624,1,1046,729,317,0,Festival,,,,,,,9,26
C0059,T005901,2026-04-13,Gold,2024-03-03,51,Female,Pune,Business,Low,Offline,Sony,Gaming,PlayStation,1,126496,1,1264,492,772,0,Referral,,,,,,,7,3
C0059,T005902,2026-05-15,Gold,2024-03-03,51,Female,Pune,Business,Low,Offline,Sony,Audio,WH Headphones,2,91206,1,912,654,258,0,Festival,,,,,,,2,24
C0059,T005903,2026-05-15,Gold,2024-03-03,51,Female,Pune,Business,Low,App,Sony,TV,Bravia,1,141581,0,1415,275,1140,0,Referral,,,,,,,13,23
C0059,T005904,2026-05-30,Gold,2024-03-03,51,Female,Pune,Business,Low,App,Sony,TV,Bravia,1,98851,1,988,391,597,0,Referral,,,,,,,1,20
C0059,T005905,2026-03-12,Gold,2024-03-03,51,Female,Pune,Business,Low,Offline,Sony,TV,Bravia,2,125690,1,1256,183,1073,0,Festival,,,,,,,8,20
C0059,T005906,2026-03-14,Gold,2024-03-03,51,Female,Pune,Business,Low,App,Sony,Gaming,PlayStation,1,157029,0,1570,241,1329,0,Festival,,,,,,,4,15
C0059,T005907,2026-05-21,Gold,2024-03-03,51,Female,Pune,Business,Low,Offline,Sony,Gaming,PlayStation,2,106070,1,1060,255,805,0,Festival,,,,,,,4,27
C0059,T005908,2026-04-19,Gold,2024-03-03,51,Female,Pune,Business,Low,Offline,Sony,Gaming,PlayStation,2,109254,0,1092,732,360,0,Referral,,,,,,,17,16
C0059,T005909,2026-03-04,Gold,2024-03-03,51,Female,Pune,Business,Low,Online,Sony,Audio,WH Headphones,2,46244,1,462,26,203,233,Purchase,,,,,,,3,11
C0060,T006001,2026-06-27,Gold,2020-04-30,28,Female,Delhi,Student,Low,Online,Apple,Smartphone,iPhone,2,177215,1,1772,916,856,0,Purchase,,,,,,,9,4
C0060,T006002,2026-01-18,Gold,2020-04-30,28,Female,Delhi,Student,Low,Offline,Samsung,Audio,Galaxy Buds,1,133408,1,1334,700,95,539,Festival,,,,,,,13,33
C0060,T006003,2026-01-31,Gold,2020-04-30,28,Female,Delhi,Student,Low,Offline,Samsung,Smartphone,Galaxy S,2,86668,0,866,656,194,16,Festival,,,,,,,5,21
C0060,T006004,2026-02-28,Gold,2020-04-30,28,Female,Delhi,Student,Low,Online,Bose,Audio,QC Headphones,2,55189,0,551,71,396,84,Festival,,,,,,,15,18
C0060,T006005,2026-06-17,Gold,2020-04-30,28,Female,Delhi,Student,Low,Online,Apple,Smartphone,iPhone,1,82972,1,829,563,266,0,Birthday,,,,,,,19,27
C0060,T006006,2026-05-15,Gold,2020-04-30,28,Female,Delhi,Student,Low,App,Samsung,TV,Smart TV,2,38764,0,387,12,375,0,Festival,,,,,,,9,21
C0060,T006007,2026-03-27,Gold,2020-04-30,28,Female,Delhi,Student,Low,Online,Samsung,TV,Smart TV,2,45704,1,457,67,390,0,Purchase,,,,,,,4,7
C0060,T006008,2026-04-04,Gold,2020-04-30,28,Female,Delhi,Student,Low,Online,Samsung,Audio,Galaxy Buds,1,173152,0,1731,673,1058,0,Purchase,,,,,,,3,26
C0060,T006009,2026-04-07,Gold,2020-04-30,28,Female,Delhi,Student,Low,App,Samsung,Smartphone,Galaxy S,2,15737,1,157,10,147,0,Referral,,,,,,,20,7
C0061,T006101,2026-06-28,Gold,2020-02-26,51,Male,Bengaluru,Doctor,Medium,Online,Google Nest,Smart Home,Nest Hub,2,176066,0,1760,295,1465,0,Purchase,,,,,,,13,26
C0061,T006102,2026-02-06,Gold,2020-02-26,51,Male,Bengaluru,Doctor,Medium,App,Google Nest,Security,Nest Cam,2,154984,1,1549,903,130,516,Festival,,,,,,,20,15
C0061,T006103,2026-06-13,Gold,2020-02-26,51,Male,Bengaluru,Doctor,Medium,App,Google Nest,Smart Home,Nest Hub,1,23055,1,230,140,90,0,Referral,,,,,,,11,14
C0061,T006104,2026-05-12,Gold,2020-02-26,51,Male,Bengaluru,Doctor,Medium,Online,Google Nest,Security,Nest Cam,2,104724,1,1047,17,1030,0,Purchase,,,,,,,14,29
C0061,T006105,2026-06-27,Gold,2020-02-26,51,Male,Bengaluru,Doctor,Medium,Offline,Google Nest,Security,Nest Cam,1,140290,0,1402,689,713,0,Birthday,,,,,,,20,5
C0061,T006106,2026-01-19,Gold,2020-02-26,51,Male,Bengaluru,Doctor,Medium,Online,Google Nest,Security,Nest Cam,1,36151,0,361,277,6,78,Purchase,,,,,,,11,24
C0061,T006107,2026-02-12,Gold,2020-02-26,51,Male,Bengaluru,Doctor,Medium,Online,Bose,Speaker,SoundLink,2,158524,1,1585,173,459,953,Birthday,,,,,,,2,14
C0061,T006108,2026-04-06,Gold,2020-02-26,51,Male,Bengaluru,Doctor,Medium,Offline,Google Nest,Smart Home,Nest Hub,2,111654,0,1116,648,468,0,Birthday,,,,,,,16,29
C0061,T006109,2026-01-05,Gold,2020-02-26,51,Male,Bengaluru,Doctor,Medium,Offline,Google Nest,Security,Nest Cam,2,79595,0,795,114,30,651,Festival,,,,,,,10,25
C0062,T006201,2026-03-23,Silver,2020-04-04,26,Male,Pune,Business,Low,Offline,Bose,Speaker,SoundLink,1,97318,0,973,460,513,0,Purchase,,,,,,,18,21
C0062,T006202,2026-04-25,Silver,2020-04-04,26,Male,Pune,Business,Low,Offline,Apple,Watch,Apple Watch,2,11847,1,118,58,60,0,Purchase,,,,,,,9,13
C0062,T006203,2026-02-11,Silver,2020-04-04,26,Male,Pune,Business,Low,Online,Bose,Audio,QC Headphones,1,110986,0,1109,228,277,604,Referral,,,,,,,17,27
C0062,T006204,2026-02-26,Silver,2020-04-04,26,Male,Pune,Business,Low,Online,Bose,Audio,QC Headphones,1,120316,0,1203,934,259,10,Referral,,,,,,,10,13
C0062,T006205,2026-01-17,Silver,2020-04-04,26,Male,Pune,Business,Low,Online,Apple,Audio,AirPods,1,126166,1,1261,210,948,103,Birthday,,,,,,,11,35
C0062,T006206,2026-04-10,Silver,2020-04-04,26,Male,Pune,Business,Low,Offline,Bose,Audio,QC Headphones,1,90523,1,905,124,781,0,Referral,,,,,,,13,22
C0062,T006207,2026-01-21,Silver,2020-04-04,26,Male,Pune,Business,Low,App,Bose,Audio,QC Headphones,1,146743,0,1467,413,37,1017,Birthday,,,,,,,1,20
C0062,T006208,2026-05-15,Silver,2020-04-04,26,Male,Pune,Business,Low,Offline,Bose,Speaker,SoundLink,2,36795,1,367,21,346,0,Birthday,,,,,,,20,32
C0062,T006209,2026-06-14,Silver,2020-04-04,26,Male,Pune,Business,Low,App,Bose,Audio,QC Headphones,2,40533,1,405,20,385,0,Referral,,,,,,,9,13
C0063,T006301,2026-06-14,Platinum,2022-09-05,37,Female,Bengaluru,Engineer,Medium,App,Google Nest,Smart Home,Nest Hub,1,58007,1,580,152,428,0,Purchase,,,,,,,13,16
C0063,T006302,2026-03-02,Platinum,2022-09-05,37,Female,Bengaluru,Engineer,Medium,Offline,Bose,Audio,QC Headphones,1,23724,0,237,112,11,114,Purchase,,,,,,,17,33
C0063,T006303,2026-01-14,Platinum,2022-09-05,37,Female,Bengaluru,Engineer,Medium,Offline,Google Nest,Security,Nest Cam,1,64388,0,643,22,373,248,Purchase,,,,,,,20,19
C0063,T006304,2026-03-08,Platinum,2022-09-05,37,Female,Bengaluru,Engineer,Medium,Online,Google Nest,Smart Home,Nest Hub,2,91712,1,917,219,698,0,Birthday,,,,,,,2,20
C0063,T006305,2026-05-06,Platinum,2022-09-05,37,Female,Bengaluru,Engineer,Medium,Offline,Apple,Audio,AirPods,2,85956,1,859,650,209,0,Referral,,,,,,,13,22
C0064,T006401,2026-01-23,Bronze,2022-02-12,32,Female,Ahmedabad,Manager,Low,Offline,Apple,Smartphone,iPhone,1,129256,0,1292,927,127,238,Birthday,,,,,,,5,30
C0064,T006402,2026-02-01,Bronze,2022-02-12,32,Female,Ahmedabad,Manager,Low,Offline,Apple,Smartphone,iPhone,2,25158,1,251,20,92,139,Referral,,,,,,,1,17
C0064,T006403,2026-07-02,Bronze,2022-02-12,32,Female,Ahmedabad,Manager,Low,Online,Samsung,Smartphone,Galaxy S,2,81079,0,810,162,648,0,Birthday,,,,,,,12,22
C0064,T006404,2026-02-27,Bronze,2022-02-12,32,Female,Ahmedabad,Manager,Low,Offline,Apple,Watch,Apple Watch,1,154807,0,1548,646,561,341,Referral,,,,,,,16,10
C0064,T006405,2026-03-20,Bronze,2022-02-12,32,Female,Ahmedabad,Manager,Low,Offline,Apple,Smartphone,iPhone,1,61598,1,615,400,215,0,Purchase,,,,,,,15,17
C0064,T006406,2026-05-15,Bronze,2022-02-12,32,Female,Ahmedabad,Manager,Low,Online,Apple,Smartphone,iPhone,1,34522,1,345,132,213,0,Referral,,,,,,,11,28
C0064,T006407,2026-06-17,Bronze,2022-02-12,32,Female,Ahmedabad,Manager,Low,App,Apple,Audio,AirPods,1,90189,1,901,519,382,0,Birthday,,,,,,,15,26
C0065,T006501,2026-04-24,Gold,2024-08-11,57,Female,Ahmedabad,Manager,Low,Offline,Apple,Audio,AirPods,1,112896,1,1128,342,786,0,Festival,,,,,,,10,25
C0065,T006502,2026-03-09,Gold,2024-08-11,57,Female,Ahmedabad,Manager,Low,App,Apple,Smartphone,iPhone,2,169673,0,1696,661,1035,0,Referral,,,,,,,18,28
C0065,T006503,2026-06-23,Gold,2024-08-11,57,Female,Ahmedabad,Manager,Low,Online,Apple,Smartphone,iPhone,1,169353,1,1693,1249,444,0,Purchase,,,,,,,8,32
C0065,T006504,2026-05-27,Gold,2024-08-11,57,Female,Ahmedabad,Manager,Low,Online,Apple,Audio,AirPods,1,140263,0,1402,927,475,0,Festival,,,,,,,14,13
C0066,T006601,2026-03-19,Bronze,2021-05-16,52,Female,Bengaluru,Engineer,High,Online,Google Nest,Smart Home,Nest Hub,2,134715,0,1347,1010,337,0,Birthday,,,,,,,16,24
C0066,T006602,2026-02-04,Bronze,2021-05-16,52,Female,Bengaluru,Engineer,High,Offline,Samsung,TV,Smart TV,1,70526,0,705,526,69,110,Referral,,,,,,,2,7
C0066,T006603,2026-01-31,Bronze,2021-05-16,52,Female,Bengaluru,Engineer,High,Offline,Google Nest,Smart Home,Nest Hub,1,15694,1,156,78,68,10,Referral,,,,,,,1,28
C0066,T006604,2026-03-26,Bronze,2021-05-16,52,Female,Bengaluru,Engineer,High,App,Google Nest,Smart Home,Nest Hub,1,67198,0,671,332,339,0,Birthday,,,,,,,20,18
C0066,T006605,2026-05-28,Bronze,2021-05-16,52,Female,Bengaluru,Engineer,High,App,Google Nest,Smart Home,Nest Hub,1,77291,1,772,120,652,0,Birthday,,,,,,,16,26
C0066,T006606,2026-04-07,Bronze,2021-05-16,52,Female,Bengaluru,Engineer,High,App,Google Nest,Security,Nest Cam,2,34711,0,347,95,252,0,Birthday,,,,,,,11,25
C0066,T006607,2026-04-21,Bronze,2021-05-16,52,Female,Bengaluru,Engineer,High,App,Google Nest,Security,Nest Cam,2,94304,0,943,521,422,0,Festival,,,,,,,11,19
C0066,T006608,2026-04-06,Bronze,2021-05-16,52,Female,Bengaluru,Engineer,High,App,Google Nest,Security,Nest Cam,1,57854,0,578,104,474,0,Purchase,,,,,,,5,18
C0066,T006609,2026-03-11,Bronze,2021-05-16,52,Female,Bengaluru,Engineer,High,App,Apple,Watch,Apple Watch,2,25965,1,259,105,154,0,Festival,,,,,,,10,28
C0066,T006610,2026-03-26,Bronze,2021-05-16,52,Female,Bengaluru,Engineer,High,Online,Google Nest,Security,Nest Cam,2,6202,1,62,16,46,0,Referral,,,,,,,6,34
C0067,T006701,2026-03-16,Silver,2025-02-07,43,Female,Pune,Doctor,Medium,App,Sony,Audio,WH Headphones,1,158114,0,1581,821,760,0,Referral,,,,,,,1,25
C0067,T006702,2026-02-14,Silver,2025-02-07,43,Female,Pune,Doctor,Medium,App,Sony,Audio,WH Headphones,2,111458,1,1114,666,315,133,Festival,,,,,,,2,29
C0067,T006703,2026-03-09,Silver,2025-02-07,43,Female,Pune,Doctor,Medium,Offline,Samsung,Audio,Galaxy Buds,2,35302,0,353,49,304,0,Referral,,,,,,,12,25
C0067,T006704,2026-03-10,Silver,2025-02-07,43,Female,Pune,Doctor,Medium,Offline,Sony,TV,Bravia,1,45053,0,450,40,410,0,Festival,,,,,,,6,21
C0067,T006705,2026-04-05,Silver,2025-02-07,43,Female,Pune,Doctor,Medium,App,Bose,Audio,QC Headphones,2,46296,1,462,162,300,0,Purchase,,,,,,,6,34
C0067,T006706,2026-02-26,Silver,2025-02-07,43,Female,Pune,Doctor,Medium,Online,Sony,Audio,WH Headphones,2,84429,0,844,384,415,45,Festival,,,,,,,18,18
C0067,T006707,2026-03-18,Silver,2025-02-07,43,Female,Pune,Doctor,Medium,Online,Apple,Smartphone,iPhone,2,160488,0,1604,979,625,0,Festival,,,,,,,6,12
C0068,T006801,2026-03-12,Bronze,2022-03-18,33,Male,Delhi,Doctor,Low,Online,Bose,Speaker,SoundLink,1,48468,0,484,47,437,0,Referral,,,,,,,14,26
C0068,T006802,2026-01-27,Bronze,2022-03-18,33,Male,Delhi,Doctor,Low,App,Google Nest,Security,Nest Cam,2,156915,1,1569,715,441,413,Festival,,,,,,,16,14
C0068,T006803,2026-05-30,Bronze,2022-03-18,33,Male,Delhi,Doctor,Low,App,Google Nest,Security,Nest Cam,1,108212,1,1082,231,851,0,Festival,,,,,,,17,35
C0068,T006804,2026-06-26,Bronze,2022-03-18,33,Male,Delhi,Doctor,Low,Offline,Google Nest,Smart Home,Nest Hub,2,39872,1,398,317,81,0,Purchase,,,,,,,14,16
C0068,T006805,2026-06-02,Bronze,2022-03-18,33,Male,Delhi,Doctor,Low,Online,Google Nest,Smart Home,Nest Hub,2,46624,1,466,146,320,0,Referral,,,,,,,2,4
C0068,T006806,2026-02-10,Bronze,2022-03-18,33,Male,Delhi,Doctor,Low,Online,Google Nest,Smart Home,Nest Hub,1,74317,0,743,196,91,456,Purchase,,,,,,,19,2
C0069,T006901,2026-01-10,Bronze,2019-11-19,23,Female,Pune,Manager,Medium,Online,Sony,Audio,WH Headphones,1,165092,1,1650,914,689,47,Festival,,,,,,,17,13
C0069,T006902,2026-02-10,Bronze,2019-11-19,23,Female,Pune,Manager,Medium,Offline,Google Nest,Smart Home,Nest Hub,2,59602,1,596,115,180,301,Purchase,,,,,,,10,6
C0069,T006903,2026-06-20,Bronze,2019-11-19,23,Female,Pune,Manager,Medium,App,Google Nest,Smart Home,Nest Hub,1,142816,1,1428,883,545,0,Birthday,,,,,,,6,26
C0069,T006904,2026-03-13,Bronze,2019-11-19,23,Female,Pune,Manager,Medium,App,Google Nest,Security,Nest Cam,1,31701,0,317,225,92,0,Birthday,,,,,,,15,4
C0069,T006905,2026-06-24,Bronze,2019-11-19,23,Female,Pune,Manager,Medium,Offline,Google Nest,Smart Home,Nest Hub,1,176188,1,1761,295,1466,0,Birthday,,,,,,,3,20
C0069,T006906,2026-01-21,Bronze,2019-11-19,23,Female,Pune,Manager,Medium,Offline,Google Nest,Smart Home,Nest Hub,2,163975,0,1639,1115,4,520,Festival,,,,,,,6,25
C0069,T006907,2026-06-15,Bronze,2019-11-19,23,Female,Pune,Manager,Medium,App,Google Nest,Security,Nest Cam,2,54259,0,542,313,229,0,Festival,,,,,,,16,2
C0069,T006908,2026-04-01,Bronze,2019-11-19,23,Female,Pune,Manager,Medium,Online,Sony,Audio,WH Headphones,2,177285,0,1772,850,922,0,Referral,,,,,,,15,20
C0069,T006909,2026-01-07,Bronze,2019-11-19,23,Female,Pune,Manager,Medium,App,Apple,Audio,AirPods,1,69151,0,691,335,255,101,Festival,,,,,,,2,6
C0070,T007001,2026-05-10,Gold,2022-01-02,25,Female,Mumbai,Engineer,High,Offline,Google Nest,Smart Home,Nest Hub,2,150162,0,1501,1025,476,0,Referral,,,,,,,1,18
C0070,T007002,2026-05-23,Gold,2022-01-02,25,Female,Mumbai,Engineer,High,Offline,Google Nest,Smart Home,Nest Hub,1,141629,1,1416,777,639,0,Birthday,,,,,,,18,18
C0070,T007003,2026-06-25,Gold,2022-01-02,25,Female,Mumbai,Engineer,High,Offline,Google Nest,Smart Home,Nest Hub,2,48498,0,484,152,332,0,Purchase,,,,,,,6,9
C0070,T007004,2026-03-23,Gold,2022-01-02,25,Female,Mumbai,Engineer,High,App,Samsung,Audio,Galaxy Buds,2,25671,0,256,148,108,0,Referral,,,,,,,5,7
C0070,T007005,2026-04-28,Gold,2022-01-02,25,Female,Mumbai,Engineer,High,Offline,Apple,Watch,Apple Watch,2,74462,0,744,494,250,0,Referral,,,,,,,5,34
C0070,T007006,2026-06-17,Gold,2022-01-02,25,Female,Mumbai,Engineer,High,App,Google Nest,Smart Home,Nest Hub,1,36442,1,364,133,231,0,Birthday,,,,,,,19,31
C0070,T007007,2026-05-11,Gold,2022-01-02,25,Female,Mumbai,Engineer,High,Online,Google Nest,Smart Home,Nest Hub,2,109428,0,1094,430,664,0,Festival,,,,,,,9,31
C0070,T007008,2026-02-09,Gold,2022-01-02,25,Female,Mumbai,Engineer,High,App,Google Nest,Security,Nest Cam,1,165433,1,1654,1155,202,297,Referral,,,,,,,15,8
C0071,T007101,2026-06-11,Gold,2024-07-13,36,Female,Bengaluru,CA,Low,App,Google Nest,Smart Home,Nest Hub,2,17711,1,177,22,155,0,Purchase,,,,,,,2,9
C0071,T007102,2026-05-15,Gold,2024-07-13,36,Female,Bengaluru,CA,Low,Offline,Samsung,TV,Smart TV,1,60377,0,603,74,529,0,Referral,,,,,,,14,29
C0071,T007103,2026-02-18,Gold,2024-07-13,36,Female,Bengaluru,CA,Low,Offline,Google Nest,Security,Nest Cam,2,156154,1,1561,1029,314,218,Purchase,,,,,,,7,12
C0071,T007104,2026-03-28,Gold,2024-07-13,36,Female,Bengaluru,CA,Low,App,Google Nest,Security,Nest Cam,2,9578,0,95,46,49,0,Referral,,,,,,,10,32
C0072,T007201,2026-03-17,Gold,2022-06-03,37,Female,Mumbai,Business,High,App,Samsung,Smartphone,Galaxy S,2,37005,0,370,200,170,0,Festival,,,,,,,13,21
C0072,T007202,2026-03-27,Gold,2022-06-03,37,Female,Mumbai,Business,High,Offline,Samsung,Audio,Galaxy Buds,2,51907,1,519,360,159,0,Festival,,,,,,,9,15
C0072,T007203,2026-05-11,Gold,2022-06-03,37,Female,Mumbai,Business,High,Online,Google Nest,Smart Home,Nest Hub,1,6400,0,64,5,59,0,Purchase,,,,,,,15,9
C0072,T007204,2026-04-01,Gold,2022-06-03,37,Female,Mumbai,Business,High,Offline,Samsung,TV,Smart TV,1,169427,0,1694,951,743,0,Purchase,,,,,,,15,24
C0072,T007205,2026-06-08,Gold,2022-06-03,37,Female,Mumbai,Business,High,App,Samsung,Audio,Galaxy Buds,1,25894,1,258,28,230,0,Purchase,,,,,,,10,9
C0073,T007301,2026-03-27,Gold,2024-07-25,57,Female,Ahmedabad,Student,Medium,Online,Bose,Speaker,SoundLink,1,142644,1,1426,677,749,0,Referral,,,,,,,17,5
C0073,T007302,2026-06-20,Gold,2024-07-25,57,Female,Ahmedabad,Student,Medium,App,Bose,Speaker,SoundLink,2,11321,0,113,63,50,0,Referral,,,,,,,12,9
C0073,T007303,2026-02-07,Gold,2024-07-25,57,Female,Ahmedabad,Student,Medium,Online,Sony,TV,Bravia,1,137865,0,1378,925,53,400,Referral,,,,,,,15,17
C0073,T007304,2026-05-04,Gold,2024-07-25,57,Female,Ahmedabad,Student,Medium,App,Apple,Smartphone,iPhone,2,74709,0,747,30,717,0,Referral,,,,,,,6,4
C0073,T007305,2026-06-10,Gold,2024-07-25,57,Female,Ahmedabad,Student,Medium,Online,Apple,Audio,AirPods,2,54773,1,547,211,336,0,Birthday,,,,,,,6,30
C0073,T007306,2026-04-25,Gold,2024-07-25,57,Female,Ahmedabad,Student,Medium,Online,Bose,Speaker,SoundLink,1,81051,0,810,97,713,0,Referral,,,,,,,11,28
C0073,T007307,2026-03-04,Gold,2024-07-25,57,Female,Ahmedabad,Student,Medium,Offline,Bose,Audio,QC Headphones,1,108520,1,1085,338,551,196,Purchase,,,,,,,5,4
C0073,T007308,2026-05-10,Gold,2024-07-25,57,Female,Ahmedabad,Student,Medium,Online,Bose,Speaker,SoundLink,2,132549,1,1325,817,508,0,Birthday,,,,,,,20,8
C0073,T007309,2026-04-15,Gold,2024-07-25,57,Female,Ahmedabad,Student,Medium,App,Bose,Audio,QC Headphones,1,70690,0,706,232,474,0,Referral,,,,,,,18,5
C0074,T007401,2026-01-28,Bronze,2021-12-26,57,Male,Bengaluru,Business,Low,App,Sony,Audio,WH Headphones,1,88926,0,889,690,132,67,Birthday,,,,,,,17,21
C0074,T007402,2026-06-01,Bronze,2021-12-26,57,Male,Bengaluru,Business,Low,Offline,Sony,TV,Bravia,2,144635,0,1446,558,888,0,Purchase,,,,,,,6,14
C0074,T007403,2026-01-23,Bronze,2021-12-26,57,Male,Bengaluru,Business,Low,Offline,Sony,Gaming,PlayStation,2,26608,0,266,71,30,165,Birthday,,,,,,,12,23
C0074,T007404,2026-04-11,Bronze,2021-12-26,57,Male,Bengaluru,Business,Low,Online,Sony,Audio,WH Headphones,2,77218,0,772,611,161,0,Festival,,,,,,,10,19
C0074,T007405,2026-04-12,Bronze,2021-12-26,57,Male,Bengaluru,Business,Low,Offline,Apple,Smartphone,iPhone,2,93586,0,935,263,672,0,Birthday,,,,,,,18,20
C0074,T007406,2026-03-14,Bronze,2021-12-26,57,Male,Bengaluru,Business,Low,Online,Sony,TV,Bravia,1,125255,1,1252,518,734,0,Referral,,,,,,,15,22
C0074,T007407,2026-01-09,Bronze,2021-12-26,57,Male,Bengaluru,Business,Low,App,Sony,TV,Bravia,2,128235,0,1282,731,388,163,Festival,,,,,,,15,19
C0074,T007408,2026-01-04,Bronze,2021-12-26,57,Male,Bengaluru,Business,Low,Online,Sony,Gaming,PlayStation,1,166302,1,1663,789,692,182,Referral,,,,,,,19,7
C0075,T007501,2026-03-10,Silver,2022-07-11,27,Male,Hyderabad,Student,Low,App,Apple,Watch,Apple Watch,1,27058,1,270,160,110,0,Purchase,,,,,,,5,30
C0075,T007502,2026-05-02,Silver,2022-07-11,27,Male,Hyderabad,Student,Low,Offline,Google Nest,Smart Home,Nest Hub,1,104260,0,1042,725,317,0,Referral,,,,,,,15,35
C0075,T007503,2026-05-25,Silver,2022-07-11,27,Male,Hyderabad,Student,Low,Offline,Google Nest,Smart Home,Nest Hub,2,61813,0,618,142,476,0,Referral,,,,,,,6,33
C0075,T007504,2026-01-07,Silver,2022-07-11,27,Male,Hyderabad,Student,Low,Online,Google Nest,Security,Nest Cam,1,76833,1,768,434,109,225,Referral,,,,,,,12,35
C0075,T007505,2026-04-11,Silver,2022-07-11,27,Male,Hyderabad,Student,Low,Offline,Google Nest,Smart Home,Nest Hub,2,156957,0,1569,598,971,0,Purchase,,,,,,,17,4
C0075,T007506,2026-05-19,Silver,2022-07-11,27,Male,Hyderabad,Student,Low,App,Sony,Gaming,PlayStation,2,20302,1,203,82,121,0,Purchase,,,,,,,11,27
C0076,T007601,2026-01-13,Platinum,2025-03-13,54,Female,Hyderabad,Business,Medium,Offline,Apple,Smartphone,iPhone,2,11872,0,118,30,88,0,Referral,,,,,,,18,2
C0076,T007602,2026-07-01,Platinum,2025-03-13,54,Female,Hyderabad,Business,Medium,Offline,Apple,Watch,Apple Watch,1,130617,0,1306,458,848,0,Referral,,,,,,,19,13
C0076,T007603,2026-02-12,Platinum,2025-03-13,54,Female,Hyderabad,Business,Medium,App,Apple,Smartphone,iPhone,1,110412,0,1104,560,365,179,Festival,,,,,,,18,25
C0076,T007604,2026-03-23,Platinum,2025-03-13,54,Female,Hyderabad,Business,Medium,App,Apple,Smartphone,iPhone,1,111713,0,1117,84,1033,0,Festival,,,,,,,13,18
C0076,T007605,2026-06-27,Platinum,2025-03-13,54,Female,Hyderabad,Business,Medium,App,Apple,Audio,AirPods,2,162426,0,1624,597,1027,0,Festival,,,,,,,15,22
C0076,T007606,2026-06-30,Platinum,2025-03-13,54,Female,Hyderabad,Business,Medium,Online,Apple,Audio,AirPods,1,26412,1,264,114,150,0,Purchase,,,,,,,3,9
C0076,T007607,2026-05-26,Platinum,2025-03-13,54,Female,Hyderabad,Business,Medium,Offline,Apple,Smartphone,iPhone,2,176528,1,1765,594,1171,0,Birthday,,,,,,,19,32
C0076,T007608,2026-01-17,Platinum,2025-03-13,54,Female,Hyderabad,Business,Medium,App,Apple,Smartphone,iPhone,2,131101,1,1311,50,233,1028,Festival,,,,,,,5,21
C0076,T007609,2026-02-05,Platinum,2025-03-13,54,Female,Hyderabad,Business,Medium,Online,Apple,Watch,Apple Watch,2,25986,1,259,16,222,21,Birthday,,,,,,,2,7
C0076,T007610,2026-03-01,Platinum,2025-03-13,54,Female,Hyderabad,Business,Medium,Offline,Google Nest,Security,Nest Cam,2,101910,1,1019,221,774,24,Festival,,,,,,,5,14
C0077,T007701,2026-02-16,Silver,2021-09-03,37,Female,Delhi,CA,Medium,Offline,Samsung,Audio,Galaxy Buds,1,93582,1,935,701,189,45,Purchase,,,,,,,12,32
C0077,T007702,2026-07-01,Silver,2021-09-03,37,Female,Delhi,CA,Medium,Online,Sony,TV,Bravia,2,71790,1,717,335,382,0,Purchase,,,,,,,13,4
C0077,T007703,2026-05-25,Silver,2021-09-03,37,Female,Delhi,CA,Medium,Offline,Samsung,Smartphone,Galaxy S,2,140410,0,1404,240,1164,0,Birthday,,,,,,,17,18
C0077,T007704,2026-04-07,Silver,2021-09-03,37,Female,Delhi,CA,Medium,Online,Google Nest,Security,Nest Cam,1,133535,1,1335,215,1120,0,Festival,,,,,,,12,11
C0077,T007705,2026-04-09,Silver,2021-09-03,37,Female,Delhi,CA,Medium,Offline,Apple,Audio,AirPods,1,49827,1,498,45,453,0,Purchase,,,,,,,20,25
C0077,T007706,2026-01-17,Silver,2021-09-03,37,Female,Delhi,CA,Medium,Offline,Samsung,TV,Smart TV,1,16476,1,164,20,108,36,Festival,,,,,,,7,29
C0077,T007707,2026-05-26,Silver,2021-09-03,37,Female,Delhi,CA,Medium,App,Samsung,TV,Smart TV,2,141310,0,1413,902,511,0,Festival,,,,,,,12,24
C0077,T007708,2026-02-03,Silver,2021-09-03,37,Female,Delhi,CA,Medium,App,Samsung,Smartphone,Galaxy S,2,175175,1,1751,54,564,1133,Birthday,,,,,,,13,13
C0077,T007709,2026-02-20,Silver,2021-09-03,37,Female,Delhi,CA,Medium,Online,Samsung,TV,Smart TV,2,34682,0,346,204,10,132,Birthday,,,,,,,15,13
C0077,T007710,2026-06-02,Silver,2021-09-03,37,Female,Delhi,CA,Medium,Offline,Samsung,Audio,Galaxy Buds,2,93882,0,938,164,774,0,Referral,,,,,,,16,5
C0078,T007801,2026-06-04,Bronze,2021-10-03,54,Female,Delhi,Manager,Medium,Offline,Google Nest,Smart Home,Nest Hub,1,102910,1,1029,600,429,0,Festival,,,,,,,18,26
C0078,T007802,2026-01-08,Bronze,2021-10-03,54,Female,Delhi,Manager,Medium,App,Google Nest,Security,Nest Cam,1,33308,1,333,218,98,17,Referral,,,,,,,18,25
C0078,T007803,2026-06-06,Bronze,2021-10-03,54,Female,Delhi,Manager,Medium,Offline,Google Nest,Smart Home,Nest Hub,1,166358,0,1663,1063,600,0,Birthday,,,,,,,1,33
C0078,T007804,2026-02-06,Bronze,2021-10-03,54,Female,Delhi,Manager,Medium,Online,Google Nest,Smart Home,Nest Hub,2,30533,0,305,181,12,112,Referral,,,,,,,14,5
C0078,T007805,2026-07-02,Bronze,2021-10-03,54,Female,Delhi,Manager,Medium,Offline,Google Nest,Smart Home,Nest Hub,1,179155,1,1791,923,868,0,Referral,,,,,,,18,22
C0078,T007806,2026-06-03,Bronze,2021-10-03,54,Female,Delhi,Manager,Medium,App,Google Nest,Smart Home,Nest Hub,1,7862,1,78,5,73,0,Birthday,,,,,,,1,34
C0078,T007807,2026-06-26,Bronze,2021-10-03,54,Female,Delhi,Manager,Medium,Offline,Sony,TV,Bravia,2,18442,1,184,139,45,0,Purchase,,,,,,,14,30
C0078,T007808,2026-07-01,Bronze,2021-10-03,54,Female,Delhi,Manager,Medium,Offline,Google Nest,Smart Home,Nest Hub,2,30312,0,303,147,156,0,Referral,,,,,,,9,28
C0078,T007809,2026-03-29,Bronze,2021-10-03,54,Female,Delhi,Manager,Medium,App,Samsung,Audio,Galaxy Buds,2,119042,1,1190,17,1173,0,Purchase,,,,,,,9,19
C0079,T007901,2026-01-27,Platinum,2024-07-10,33,Male,Delhi,Student,Medium,Online,Google Nest,Smart Home,Nest Hub,1,37881,0,378,173,184,21,Purchase,,,,,,,3,8
C0079,T007902,2026-03-06,Platinum,2024-07-10,33,Male,Delhi,Student,Medium,Online,Samsung,Audio,Galaxy Buds,2,115363,0,1153,637,516,0,Purchase,,,,,,,9,19
C0079,T007903,2026-04-09,Platinum,2024-07-10,33,Male,Delhi,Student,Medium,App,Samsung,Audio,Galaxy Buds,2,97406,1,974,70,904,0,Purchase,,,,,,,18,12
C0079,T007904,2026-05-07,Platinum,2024-07-10,33,Male,Delhi,Student,Medium,Online,Samsung,Audio,Galaxy Buds,2,54469,0,544,233,311,0,Birthday,,,,,,,18,2
C0079,T007905,2026-02-14,Platinum,2024-07-10,33,Male,Delhi,Student,Medium,Offline,Samsung,TV,Smart TV,2,150829,0,1508,1172,15,321,Purchase,,,,,,,17,33
C0079,T007906,2026-05-14,Platinum,2024-07-10,33,Male,Delhi,Student,Medium,Offline,Samsung,TV,Smart TV,2,131884,0,1318,753,565,0,Purchase,,,,,,,8,11
C0079,T007907,2026-02-19,Platinum,2024-07-10,33,Male,Delhi,Student,Medium,App,Google Nest,Security,Nest Cam,1,35928,0,359,286,35,38,Purchase,,,,,,,14,23
C0079,T007908,2026-05-19,Platinum,2024-07-10,33,Male,Delhi,Student,Medium,Offline,Samsung,Audio,Galaxy Buds,2,76911,0,769,116,653,0,Festival,,,,,,,10,35
C0080,T008001,2026-05-14,Bronze,2024-08-04,49,Male,Delhi,CA,Medium,App,Samsung,TV,Smart TV,1,95668,0,956,763,193,0,Referral,,,,,,,8,30
C0080,T008002,2026-03-06,Bronze,2024-08-04,49,Male,Delhi,CA,Medium,App,Samsung,Audio,Galaxy Buds,2,126720,1,1267,306,961,0,Birthday,,,,,,,7,27
C0080,T008003,2026-03-23,Bronze,2024-08-04,49,Male,Delhi,CA,Medium,Offline,Samsung,TV,Smart TV,1,124930,1,1249,483,766,0,Referral,,,,,,,15,26
C0080,T008004,2026-06-07,Bronze,2024-08-04,49,Male,Delhi,CA,Medium,App,Samsung,TV,Smart TV,2,146612,1,1466,107,1359,0,Purchase,,,,,,,1,9
C0080,T008005,2026-05-28,Bronze,2024-08-04,49,Male,Delhi,CA,Medium,Online,Samsung,TV,Smart TV,2,143162,0,1431,669,762,0,Birthday,,,,,,,14,25
C0081,T008101,2026-01-25,Gold,2023-12-10,29,Female,Mumbai,Manager,High,Offline,Google Nest,Smart Home,Nest Hub,2,8333,0,83,26,33,24,Festival,,,,,,,9,27
C0081,T008102,2026-05-08,Gold,2023-12-10,29,Female,Mumbai,Manager,High,Online,Google Nest,Security,Nest Cam,2,129367,0,1293,53,1240,0,Birthday,,,,,,,7,20
C0081,T008103,2026-01-10,Gold,2023-12-10,29,Female,Mumbai,Manager,High,Online,Samsung,TV,Smart TV,2,107111,1,1071,152,836,83,Referral,,,,,,,6,9
C0081,T008104,2026-06-01,Gold,2023-12-10,29,Female,Mumbai,Manager,High,Offline,Google Nest,Security,Nest Cam,1,131444,0,1314,852,462,0,Birthday,,,,,,,11,16
C0082,T008201,2026-01-10,Bronze,2024-10-08,26,Male,Pune,Student,High,Offline,Bose,Speaker,SoundLink,2,161337,0,1613,1122,33,458,Festival,,,,,,,4,7
C0082,T008202,2026-03-25,Bronze,2024-10-08,26,Male,Pune,Student,High,Online,Bose,Audio,QC Headphones,1,168141,1,1681,410,1271,0,Referral,,,,,,,18,25
C0082,T008203,2026-01-31,Bronze,2024-10-08,26,Male,Pune,Student,High,App,Bose,Audio,QC Headphones,1,92317,0,923,155,607,161,Festival,,,,,,,2,19
C0082,T008204,2026-05-18,Bronze,2024-10-08,26,Male,Pune,Student,High,Online,Bose,Speaker,SoundLink,1,106105,0,1061,33,1028,0,Referral,,,,,,,3,26
C0082,T008205,2026-02-12,Bronze,2024-10-08,26,Male,Pune,Student,High,Online,Bose,Audio,QC Headphones,1,88394,1,883,373,65,445,Referral,,,,,,,18,30
C0082,T008206,2026-02-20,Bronze,2024-10-08,26,Male,Pune,Student,High,App,Bose,Audio,QC Headphones,1,48933,1,489,294,57,138,Birthday,,,,,,,3,14
C0082,T008207,2026-01-10,Bronze,2024-10-08,26,Male,Pune,Student,High,App,Bose,Speaker,SoundLink,1,157813,0,1578,379,468,731,Festival,,,,,,,2,20
C0083,T008301,2026-04-22,Gold,2022-06-21,28,Male,Hyderabad,Doctor,High,Online,Sony,Gaming,PlayStation,2,142347,0,1423,763,660,0,Referral,,,,,,,17,17
C0083,T008302,2026-04-12,Gold,2022-06-21,28,Male,Hyderabad,Doctor,High,Online,Bose,Audio,QC Headphones,1,156108,0,1561,990,571,0,Festival,,,,,,,11,4
C0083,T008303,2026-03-27,Gold,2022-06-21,28,Male,Hyderabad,Doctor,High,Offline,Sony,Audio,WH Headphones,2,149984,0,1499,968,531,0,Birthday,,,,,,,13,5
C0083,T008304,2026-03-26,Gold,2022-06-21,28,Male,Hyderabad,Doctor,High,Offline,Sony,Audio,WH Headphones,2,160812,0,1608,1285,323,0,Purchase,,,,,,,19,22
C0083,T008305,2026-01-27,Gold,2022-06-21,28,Male,Hyderabad,Doctor,High,Online,Sony,Gaming,PlayStation,1,60661,0,606,101,59,446,Referral,,,,,,,11,6
C0083,T008306,2026-06-21,Gold,2022-06-21,28,Male,Hyderabad,Doctor,High,Offline,Apple,Watch,Apple Watch,1,14846,1,148,112,36,0,Festival,,,,,,,13,15
C0084,T008401,2026-05-08,Silver,2022-09-10,37,Female,Ahmedabad,Business,Medium,Offline,Apple,Audio,AirPods,2,83231,1,832,555,277,0,Purchase,,,,,,,13,18
C0084,T008402,2026-04-23,Silver,2022-09-10,37,Female,Ahmedabad,Business,Medium,Online,Apple,Smartphone,iPhone,2,115476,1,1154,538,616,0,Referral,,,,,,,13,35
C0084,T008403,2026-05-11,Silver,2022-09-10,37,Female,Ahmedabad,Business,Medium,Offline,Google Nest,Smart Home,Nest Hub,2,75815,0,758,433,325,0,Festival,,,,,,,18,34
C0084,T008404,2026-04-23,Silver,2022-09-10,37,Female,Ahmedabad,Business,Medium,Offline,Apple,Smartphone,iPhone,2,31996,0,319,77,242,0,Festival,,,,,,,17,4
C0084,T008405,2026-03-13,Silver,2022-09-10,37,Female,Ahmedabad,Business,Medium,Offline,Apple,Watch,Apple Watch,1,70866,1,708,88,620,0,Festival,,,,,,,5,15
C0084,T008406,2026-01-29,Silver,2022-09-10,37,Female,Ahmedabad,Business,Medium,Offline,Apple,Smartphone,iPhone,2,45815,0,458,190,266,2,Birthday,,,,,,,2,22
C0085,T008501,2026-06-13,Gold,2021-02-11,55,Female,Ahmedabad,Manager,Medium,Offline,Apple,Smartphone,iPhone,2,28044,1,280,110,170,0,Birthday,,,,,,,14,5
C0085,T008502,2026-06-09,Gold,2021-02-11,55,Female,Ahmedabad,Manager,Medium,App,Samsung,Audio,Galaxy Buds,1,26562,1,265,109,156,0,Festival,,,,,,,15,34
C0085,T008503,2026-02-19,Gold,2021-02-11,55,Female,Ahmedabad,Manager,Medium,App,Apple,Watch,Apple Watch,2,112223,1,1122,134,113,875,Festival,,,,,,,3,16
C0085,T008504,2026-04-30,Gold,2021-02-11,55,Female,Ahmedabad,Manager,Medium,Offline,Apple,Audio,AirPods,1,170635,0,1706,251,1455,0,Birthday,,,,,,,10,6
C0085,T008505,2026-04-28,Gold,2021-02-11,55,Female,Ahmedabad,Manager,Medium,Offline,Apple,Watch,Apple Watch,1,109232,1,1092,738,354,0,Referral,,,,,,,10,9
C0085,T008506,2026-01-08,Gold,2021-02-11,55,Female,Ahmedabad,Manager,Medium,App,Apple,Audio,AirPods,2,119366,0,1193,27,801,365,Purchase,,,,,,,18,35
C0085,T008507,2026-05-13,Gold,2021-02-11,55,Female,Ahmedabad,Manager,Medium,Online,Apple,Audio,AirPods,1,75782,0,757,0,757,0,Purchase,,,,,,,12,31
C0086,T008601,2026-03-22,Bronze,2020-01-20,26,Male,Ahmedabad,Doctor,Medium,Offline,Bose,Audio,QC Headphones,1,146532,0,1465,1111,354,0,Referral,,,,,,,18,29
C0086,T008602,2026-03-25,Bronze,2020-01-20,26,Male,Ahmedabad,Doctor,Medium,Online,Bose,Audio,QC Headphones,2,11578,0,115,42,73,0,Purchase,,,,,,,1,34
C0086,T008603,2026-05-01,Bronze,2020-01-20,26,Male,Ahmedabad,Doctor,Medium,App,Bose,Audio,QC Headphones,1,161388,0,1613,568,1045,0,Festival,,,,,,,3,21
C0086,T008604,2026-01-05,Bronze,2020-01-20,26,Male,Ahmedabad,Doctor,Medium,App,Bose,Speaker,SoundLink,2,128950,0,1289,269,795,225,Purchase,,,,,,,12,18
C0086,T008605,2026-03-18,Bronze,2020-01-20,26,Male,Ahmedabad,Doctor,Medium,App,Bose,Audio,QC Headphones,1,11285,0,112,61,51,0,Festival,,,,,,,3,24
C0086,T008606,2026-03-05,Bronze,2020-01-20,26,Male,Ahmedabad,Doctor,Medium,Online,Samsung,Audio,Galaxy Buds,2,142594,0,1425,1089,336,0,Festival,,,,,,,12,7
C0086,T008607,2026-05-18,Bronze,2020-01-20,26,Male,Ahmedabad,Doctor,Medium,App,Bose,Audio,QC Headphones,2,81352,1,813,261,552,0,Purchase,,,,,,,19,32
C0086,T008608,2026-03-28,Bronze,2020-01-20,26,Male,Ahmedabad,Doctor,Medium,Offline,Bose,Speaker,SoundLink,2,151515,1,1515,64,1451,0,Birthday,,,,,,,17,10
C0086,T008609,2026-04-28,Bronze,2020-01-20,26,Male,Ahmedabad,Doctor,Medium,Online,Bose,Speaker,SoundLink,1,165246,1,1652,401,1251,0,Purchase,,,,,,,9,11
C0086,T008610,2026-05-03,Bronze,2020-01-20,26,Male,Ahmedabad,Doctor,Medium,App,Samsung,TV,Smart TV,1,75869,0,758,436,322,0,Birthday,,,,,,,20,33
C0087,T008701,2026-01-07,Gold,2020-02-17,58,Female,Hyderabad,Doctor,High,App,Apple,Watch,Apple Watch,1,67291,1,672,195,86,391,Purchase,,,,,,,18,15
C0087,T008702,2026-02-17,Gold,2020-02-17,58,Female,Hyderabad,Doctor,High,Offline,Apple,Audio,AirPods,2,8890,1,88,69,16,3,Referral,,,,,,,20,4
C0087,T008703,2026-04-25,Gold,2020-02-17,58,Female,Hyderabad,Doctor,High,App,Apple,Audio,AirPods,2,155539,1,1555,699,856,0,Purchase,,,,,,,8,13
C0087,T008704,2026-02-25,Gold,2020-02-17,58,Female,Hyderabad,Doctor,High,App,Apple,Audio,AirPods,2,9560,1,95,57,32,6,Birthday,,,,,,,5,8
C0087,T008705,2026-01-05,Gold,2020-02-17,58,Female,Hyderabad,Doctor,High,Online,Apple,Audio,AirPods,1,9437,0,94,71,23,0,Purchase,,,,,,,7,18
C0087,T008706,2026-05-29,Gold,2020-02-17,58,Female,Hyderabad,Doctor,High,App,Apple,Audio,AirPods,2,47978,0,479,266,213,0,Purchase,,,,,,,20,35
C0088,T008801,2026-06-25,Gold,2022-12-01,48,Female,Hyderabad,Doctor,Medium,App,Google Nest,Smart Home,Nest Hub,2,79614,1,796,519,277,0,Festival,,,,,,,12,8
C0088,T008802,2026-01-04,Gold,2022-12-01,48,Female,Hyderabad,Doctor,Medium,Online,Apple,Smartphone,iPhone,1,21782,0,217,16,31,170,Birthday,,,,,,,3,9
C0088,T008803,2026-06-28,Gold,2022-12-01,48,Female,Hyderabad,Doctor,Medium,Offline,Sony,TV,Bravia,2,117101,0,1171,505,666,0,Purchase,,,,,,,6,22
C0088,T008804,2026-05-14,Gold,2022-12-01,48,Female,Hyderabad,Doctor,Medium,Online,Google Nest,Security,Nest Cam,1,146103,0,1461,180,1281,0,Birthday,,,,,,,15,6
C0088,T008805,2026-04-18,Gold,2022-12-01,48,Female,Hyderabad,Doctor,Medium,Offline,Google Nest,Security,Nest Cam,1,43255,1,432,223,209,0,Birthday,,,,,,,4,6
C0088,T008806,2026-02-16,Gold,2022-12-01,48,Female,Hyderabad,Doctor,Medium,Online,Google Nest,Security,Nest Cam,1,166114,1,1661,829,647,185,Purchase,,,,,,,6,11
C0088,T008807,2026-05-01,Gold,2022-12-01,48,Female,Hyderabad,Doctor,Medium,Offline,Google Nest,Security,Nest Cam,1,143415,0,1434,925,509,0,Purchase,,,,,,,12,5
C0088,T008808,2026-06-10,Gold,2022-12-01,48,Female,Hyderabad,Doctor,Medium,Offline,Google Nest,Security,Nest Cam,2,25707,0,257,33,224,0,Birthday,,,,,,,8,23
C0088,T008809,2026-01-25,Gold,2022-12-01,48,Female,Hyderabad,Doctor,Medium,App,Apple,Smartphone,iPhone,2,163916,0,1639,1000,256,383,Purchase,,,,,,,12,4
C0089,T008901,2026-04-30,Silver,2023-10-17,46,Male,Mumbai,Doctor,Medium,Offline,Sony,Gaming,PlayStation,2,16859,1,168,127,41,0,Purchase,,,,,,,19,28
C0089,T008902,2026-01-31,Silver,2023-10-17,46,Male,Mumbai,Doctor,Medium,Offline,Sony,Audio,WH Headphones,1,17471,1,174,5,132,37,Festival,,,,,,,15,4
C0089,T008903,2026-04-19,Silver,2023-10-17,46,Male,Mumbai,Doctor,Medium,App,Sony,Audio,WH Headphones,1,61026,1,610,31,579,0,Purchase,,,,,,,19,13
C0089,T008904,2026-05-17,Silver,2023-10-17,46,Male,Mumbai,Doctor,Medium,Offline,Sony,Audio,WH Headphones,2,44157,1,441,76,365,0,Referral,,,,,,,20,14
C0089,T008905,2026-02-15,Silver,2023-10-17,46,Male,Mumbai,Doctor,Medium,Online,Apple,Smartphone,iPhone,2,60082,1,600,102,243,255,Referral,,,,,,,15,20
C0089,T008906,2026-01-25,Silver,2023-10-17,46,Male,Mumbai,Doctor,Medium,App,Google Nest,Smart Home,Nest Hub,1,90228,1,902,281,60,561,Purchase,,,,,,,13,35
C0089,T008907,2026-03-31,Silver,2023-10-17,46,Male,Mumbai,Doctor,Medium,Offline,Google Nest,Smart Home,Nest Hub,2,67796,1,677,297,380,0,Festival,,,,,,,3,32
C0089,T008908,2026-02-04,Silver,2023-10-17,46,Male,Mumbai,Doctor,Medium,Online,Sony,TV,Bravia,2,146049,1,1460,619,677,164,Purchase,,,,,,,10,29
C0090,T009001,2026-05-25,Gold,2021-03-03,43,Male,Hyderabad,CA,Medium,Online,Apple,Watch,Apple Watch,2,51332,1,513,39,474,0,Festival,,,,,,,17,29
C0090,T009002,2026-03-07,Gold,2021-03-03,43,Male,Hyderabad,CA,Medium,Offline,Google Nest,Smart Home,Nest Hub,2,42599,0,425,168,257,0,Referral,,,,,,,1,6
C0090,T009003,2026-02-20,Gold,2021-03-03,43,Male,Hyderabad,CA,Medium,Offline,Bose,Speaker,SoundLink,2,56123,1,561,236,157,168,Referral,,,,,,,17,14
C0090,T009004,2026-04-24,Gold,2021-03-03,43,Male,Hyderabad,CA,Medium,App,Apple,Watch,Apple Watch,1,169466,0,1694,775,919,0,Purchase,,,,,,,9,34
C0091,T009101,2026-04-11,Platinum,2024-04-17,57,Female,Delhi,Business,High,Offline,Bose,Audio,QC Headphones,1,143164,0,1431,866,565,0,Referral,,,,,,,4,27
C0091,T009102,2026-04-25,Platinum,2024-04-17,57,Female,Delhi,Business,High,App,Bose,Audio,QC Headphones,1,50036,0,500,154,346,0,Referral,,,,,,,15,4
C0091,T009103,2026-06-15,Platinum,2024-04-17,57,Female,Delhi,Business,High,Online,Bose,Speaker,SoundLink,2,99452,1,994,542,452,0,Purchase,,,,,,,5,6
C0091,T009104,2026-02-26,Platinum,2024-04-17,57,Female,Delhi,Business,High,Online,Bose,Audio,QC Headphones,1,170140,1,1701,984,259,458,Referral,,,,,,,9,21
C0091,T009105,2026-03-23,Platinum,2024-04-17,57,Female,Delhi,Business,High,Offline,Bose,Audio,QC Headphones,1,20904,0,209,129,80,0,Festival,,,,,,,19,20
C0091,T009106,2026-02-11,Platinum,2024-04-17,57,Female,Delhi,Business,High,Offline,Bose,Speaker,SoundLink,2,83643,0,836,641,17,178,Purchase,,,,,,,13,2
C0091,T009107,2026-05-05,Platinum,2024-04-17,57,Female,Delhi,Business,High,Offline,Google Nest,Security,Nest Cam,2,175234,0,1752,267,1485,0,Purchase,,,,,,,1,5
C0091,T009108,2026-06-17,Platinum,2024-04-17,57,Female,Delhi,Business,High,Online,Bose,Audio,QC Headphones,2,53632,0,536,57,479,0,Purchase,,,,,,,3,35
C0091,T009109,2026-04-03,Platinum,2024-04-17,57,Female,Delhi,Business,High,App,Bose,Audio,QC Headphones,2,34315,0,343,97,246,0,Birthday,,,,,,,20,32
C0091,T009110,2026-03-23,Platinum,2024-04-17,57,Female,Delhi,Business,High,App,Bose,Speaker,SoundLink,1,96921,0,969,628,341,0,Festival,,,,,,,20,30
C0092,T009201,2026-05-12,Bronze,2024-03-22,43,Female,Hyderabad,Doctor,Low,App,Google Nest,Security,Nest Cam,2,38144,1,381,180,201,0,Purchase,,,,,,,7,13
C0092,T009202,2026-02-22,Bronze,2024-03-22,43,Female,Hyderabad,Doctor,Low,Offline,Sony,Gaming,PlayStation,1,42899,1,428,30,367,31,Purchase,,,,,,,3,23
C0092,T009203,2026-04-16,Bronze,2024-03-22,43,Female,Hyderabad,Doctor,Low,Online,Google Nest,Smart Home,Nest Hub,2,61942,0,619,322,297,0,Purchase,,,,,,,9,2
C0092,T009204,2026-01-11,Bronze,2024-03-22,43,Female,Hyderabad,Doctor,Low,Online,Google Nest,Security,Nest Cam,1,80142,0,801,399,232,170,Birthday,,,,,,,6,35
C0092,T009205,2026-04-18,Bronze,2024-03-22,43,Female,Hyderabad,Doctor,Low,Offline,Google Nest,Smart Home,Nest Hub,1,142934,1,1429,315,1114,0,Festival,,,,,,,10,8
C0093,T009301,2026-02-03,Bronze,2019-10-18,59,Female,Mumbai,Doctor,Low,App,Bose,Speaker,SoundLink,2,32026,0,320,222,8,90,Festival,,,,,,,19,5
C0093,T009302,2026-01-10,Bronze,2019-10-18,59,Female,Mumbai,Doctor,Low,App,Google Nest,Security,Nest Cam,2,103493,1,1034,738,94,202,Referral,,,,,,,17,29
C0093,T009303,2026-02-08,Bronze,2019-10-18,59,Female,Mumbai,Doctor,Low,Offline,Sony,TV,Bravia,1,22172,0,221,156,33,32,Birthday,,,,,,,1,28
C0093,T009304,2026-02-09,Bronze,2019-10-18,59,Female,Mumbai,Doctor,Low,Offline,Bose,Speaker,SoundLink,1,163886,1,1638,486,26,1126,Referral,,,,,,,7,13
C0093,T009305,2026-02-16,Bronze,2019-10-18,59,Female,Mumbai,Doctor,Low,Online,Google Nest,Security,Nest Cam,1,71810,0,718,455,107,156,Festival,,,,,,,4,3
C0094,T009401,2026-01-11,Gold,2023-06-21,43,Female,Mumbai,Business,Medium,Offline,Google Nest,Security,Nest Cam,2,28493,1,284,73,49,162,Birthday,,,,,,,10,29
C0094,T009402,2026-05-21,Gold,2023-06-21,43,Female,Mumbai,Business,Medium,Online,Google Nest,Smart Home,Nest Hub,1,153752,0,1537,982,555,0,Referral,,,,,,,12,4
C0094,T009403,2026-01-11,Gold,2023-06-21,43,Female,Mumbai,Business,Medium,Offline,Google Nest,Smart Home,Nest Hub,1,175602,1,1756,1319,105,332,Birthday,,,,,,,9,26
C0094,T009404,2026-01-17,Gold,2023-06-21,43,Female,Mumbai,Business,Medium,Online,Apple,Watch,Apple Watch,2,106889,1,1068,131,623,314,Purchase,,,,,,,3,16
C0094,T009405,2026-05-29,Gold,2023-06-21,43,Female,Mumbai,Business,Medium,Offline,Google Nest,Smart Home,Nest Hub,2,81753,0,817,208,609,0,Referral,,,,,,,5,9
C0094,T009406,2026-05-21,Gold,2023-06-21,43,Female,Mumbai,Business,Medium,Online,Google Nest,Smart Home,Nest Hub,2,16852,1,168,127,41,0,Referral,,,,,,,6,27
C0095,T009501,2026-03-30,Bronze,2022-05-15,28,Male,Delhi,Engineer,Medium,Offline,Sony,Gaming,PlayStation,1,173843,0,1738,698,1040,0,Birthday,,,,,,,17,2
C0095,T009502,2026-05-22,Bronze,2022-05-15,28,Male,Delhi,Engineer,Medium,Online,Sony,Gaming,PlayStation,1,39109,0,391,188,203,0,Festival,,,,,,,20,5
C0095,T009503,2026-01-30,Bronze,2022-05-15,28,Male,Delhi,Engineer,Medium,Online,Sony,Gaming,PlayStation,2,86712,1,867,276,39,552,Festival,,,,,,,17,28
C0095,T009504,2026-01-05,Bronze,2022-05-15,28,Male,Delhi,Engineer,Medium,App,Samsung,Smartphone,Galaxy S,1,14671,1,146,1,29,116,Birthday,,,,,,,18,23
C0095,T009505,2026-03-03,Bronze,2022-05-15,28,Male,Delhi,Engineer,Medium,Online,Sony,Gaming,PlayStation,2,144562,0,1445,762,113,570,Referral,,,,,,,20,17
C0095,T009506,2026-01-28,Bronze,2022-05-15,28,Male,Delhi,Engineer,Medium,Online,Sony,Audio,WH Headphones,2,68262,1,682,81,389,212,Festival,,,,,,,18,5
C0095,T009507,2026-01-28,Bronze,2022-05-15,28,Male,Delhi,Engineer,Medium,Offline,Sony,Audio,WH Headphones,1,23612,0,236,113,100,23,Festival,,,,,,,1,20
C0095,T009508,2026-02-20,Bronze,2022-05-15,28,Male,Delhi,Engineer,Medium,Offline,Samsung,Audio,Galaxy Buds,1,22857,0,228,68,26,134,Birthday,,,,,,,20,15
C0096,T009601,2026-01-13,Silver,2023-01-29,34,Male,Hyderabad,Manager,Low,Offline,Samsung,TV,Smart TV,2,84989,1,849,472,314,63,Referral,,,,,,,11,3
C0096,T009602,2026-03-25,Silver,2023-01-29,34,Male,Hyderabad,Manager,Low,App,Samsung,TV,Smart TV,2,28800,0,288,160,128,0,Referral,,,,,,,11,12
C0096,T009603,2026-04-05,Silver,2023-01-29,34,Male,Hyderabad,Manager,Low,Online,Sony,TV,Bravia,2,29816,0,298,196,102,0,Referral,,,,,,,16,30
C0096,T009604,2026-03-20,Silver,2023-01-29,34,Male,Hyderabad,Manager,Low,App,Sony,TV,Bravia,2,62364,1,623,421,202,0,Purchase,,,,,,,8,27
C0096,T009605,2026-05-24,Silver,2023-01-29,34,Male,Hyderabad,Manager,Low,Offline,Google Nest,Smart Home,Nest Hub,2,23539,0,235,108,127,0,Festival,,,,,,,10,21
C0096,T009606,2026-06-06,Silver,2023-01-29,34,Male,Hyderabad,Manager,Low,Online,Google Nest,Security,Nest Cam,2,122221,1,1222,373,849,0,Birthday,,,,,,,12,33
C0096,T009607,2026-03-03,Silver,2023-01-29,34,Male,Hyderabad,Manager,Low,Online,Sony,Audio,WH Headphones,1,150795,1,1507,186,677,644,Referral,,,,,,,4,7
C0096,T009608,2026-06-03,Silver,2023-01-29,34,Male,Hyderabad,Manager,Low,Offline,Sony,Audio,WH Headphones,2,20659,1,206,154,52,0,Referral,,,,,,,17,9
C0096,T009609,2026-05-10,Silver,2023-01-29,34,Male,Hyderabad,Manager,Low,Online,Sony,Gaming,PlayStation,2,106953,1,1069,599,470,0,Birthday,,,,,,,9,25
C0096,T009610,2026-03-15,Silver,2023-01-29,34,Male,Hyderabad,Manager,Low,Offline,Sony,TV,Bravia,1,123900,0,1239,947,292,0,Festival,,,,,,,19,30
C0097,T009701,2026-03-18,Platinum,2024-09-21,34,Female,Mumbai,Doctor,Low,App,Google Nest,Security,Nest Cam,1,110262,0,1102,316,786,0,Festival,,,,,,,12,24
C0097,T009702,2026-05-21,Platinum,2024-09-21,34,Female,Mumbai,Doctor,Low,App,Google Nest,Smart Home,Nest Hub,2,108248,1,1082,632,450,0,Referral,,,,,,,8,9
C0097,T009703,2026-02-14,Platinum,2024-09-21,34,Female,Mumbai,Doctor,Low,App,Google Nest,Security,Nest Cam,2,148574,1,1485,81,138,1266,Purchase,,,,,,,15,15
C0097,T009704,2026-02-26,Platinum,2024-09-21,34,Female,Mumbai,Doctor,Low,App,Google Nest,Smart Home,Nest Hub,1,89609,1,896,263,134,499,Festival,,,,,,,7,23
C0098,T009801,2026-04-28,Gold,2021-01-23,55,Female,Mumbai,Doctor,Low,Online,Google Nest,Smart Home,Nest Hub,1,96731,1,967,41,926,0,Purchase,,,,,,,5,26
C0098,T009802,2026-05-28,Gold,2021-01-23,55,Female,Mumbai,Doctor,Low,Offline,Google Nest,Smart Home,Nest Hub,1,76152,0,761,35,726,0,Birthday,,,,,,,14,8
C0098,T009803,2026-02-13,Gold,2021-01-23,55,Female,Mumbai,Doctor,Low,Offline,Google Nest,Smart Home,Nest Hub,2,31772,1,317,173,39,105,Festival,,,,,,,15,27
C0098,T009804,2026-06-07,Gold,2021-01-23,55,Female,Mumbai,Doctor,Low,Online,Samsung,Audio,Galaxy Buds,2,172722,0,1727,654,1073,0,Referral,,,,,,,7,26
C0099,T009901,2026-01-10,Gold,2019-10-07,46,Male,Ahmedabad,Doctor,Low,App,Google Nest,Smart Home,Nest Hub,1,158389,0,1583,361,599,623,Festival,,,,,,,19,14
C0099,T009902,2026-06-20,Gold,2019-10-07,46,Male,Ahmedabad,Doctor,Low,Online,Google Nest,Smart Home,Nest Hub,1,168305,1,1683,699,984,0,Festival,,,,,,,16,33
C0099,T009903,2026-01-23,Gold,2019-10-07,46,Male,Ahmedabad,Doctor,Low,App,Google Nest,Security,Nest Cam,2,171646,1,1716,643,876,197,Birthday,,,,,,,2,12
C0099,T009904,2026-03-15,Gold,2019-10-07,46,Male,Ahmedabad,Doctor,Low,Offline,Bose,Speaker,SoundLink,1,56163,1,561,8,553,0,Referral,,,,,,,18,3
C0099,T009905,2026-02-21,Gold,2019-10-07,46,Male,Ahmedabad,Doctor,Low,App,Apple,Watch,Apple Watch,2,178250,1,1782,1090,419,273,Referral,,,,,,,6,24
C0099,T009906,2026-06-05,Gold,2019-10-07,46,Male,Ahmedabad,Doctor,Low,App,Samsung,Audio,Galaxy Buds,1,136221,1,1362,870,492,0,Festival,,,,,,,16,25
C0099,T009907,2026-05-21,Gold,2019-10-07,46,Male,Ahmedabad,Doctor,Low,App,Google Nest,Smart Home,Nest Hub,1,9262,0,92,28,64,0,Referral,,,,,,,13,30
C0099,T009908,2026-02-05,Gold,2019-10-07,46,Male,Ahmedabad,Doctor,Low,Online,Apple,Watch,Apple Watch,2,139107,1,1391,1023,172,196,Referral,,,,,,,17,26
C0099,T009909,2026-03-18,Gold,2019-10-07,46,Male,Ahmedabad,Doctor,Low,Offline,Google Nest,Security,Nest Cam,1,174342,0,1743,800,943,0,Birthday,,,,,,,12,20
C0099,T009910,2026-06-11,Gold,2019-10-07,46,Male,Ahmedabad,Doctor,Low,App,Google Nest,Security,Nest Cam,1,90164,1,901,57,844,0,Purchase,,,,,,,18,23
C0100,T010001,2026-02-11,Gold,2023-11-05,47,Female,Pune,Doctor,Medium,Online,Google Nest,Smart Home,Nest Hub,2,143547,1,1435,131,1083,221,Purchase,,,,,,,10,11
C0100,T010002,2026-05-26,Gold,2023-11-05,47,Female,Pune,Doctor,Medium,App,Bose,Speaker,SoundLink,1,23997,0,239,3,236,0,Referral,,,,,,,19,3
C0100,T010003,2026-04-11,Gold,2023-11-05,47,Female,Pune,Doctor,Medium,Online,Bose,Speaker,SoundLink,1,125528,0,1255,226,1029,0,Referral,,,,,,,10,28
C0100,T010004,2026-03-11,Gold,2023-11-05,47,Female,Pune,Doctor,Medium,App,Bose,Speaker,SoundLink,1,133238,1,1332,316,1016,0,Purchase,,,,,,,17,22
C0100,T010005,2026-01-11,Gold,2023-11-05,47,Female,Pune,Doctor,Medium,Offline,Bose,Audio,QC Headphones,1,87430,1,874,93,187,594,Referral,,,,,,,17,21
C0100,T010006,2026-03-25,Gold,2023-11-05,47,Female,Pune,Doctor,Medium,Offline,Bose,Audio,QC Headphones,1,94898,0,948,145,803,0,Purchase,,,,,,,19,17
C0101,T010101,2026-06-28,Platinum,2024-10-30,29,Male,Bengaluru,Doctor,Low,Offline,Samsung,Smartphone,Galaxy S,2,110618,0,1106,856,250,0,Purchase,,,,,,,16,29
C0101,T010102,2026-04-09,Platinum,2024-10-30,29,Male,Bengaluru,Doctor,Low,Offline,Samsung,TV,Smart TV,1,153374,0,1533,320,1213,0,Purchase,,,,,,,10,25
C0101,T010103,2026-06-28,Platinum,2024-10-30,29,Male,Bengaluru,Doctor,Low,Online,Samsung,Audio,Galaxy Buds,2,178386,0,1783,716,1067,0,Referral,,,,,,,16,35
C0101,T010104,2026-03-13,Platinum,2024-10-30,29,Male,Bengaluru,Doctor,Low,Online,Sony,TV,Bravia,2,116575,0,1165,15,1150,0,Referral,,,,,,,6,26
C0101,T010105,2026-05-13,Platinum,2024-10-30,29,Male,Bengaluru,Doctor,Low,Offline,Samsung,Audio,Galaxy Buds,2,31181,1,311,227,84,0,Birthday,,,,,,,12,2
C0101,T010106,2026-04-12,Platinum,2024-10-30,29,Male,Bengaluru,Doctor,Low,Offline,Apple,Smartphone,iPhone,2,141175,1,1411,43,1368,0,Referral,,,,,,,17,32
C0101,T010107,2026-03-14,Platinum,2024-10-30,29,Male,Bengaluru,Doctor,Low,App,Samsung,Audio,Galaxy Buds,1,148458,0,1484,382,1102,0,Referral,,,,,,,19,23
C0101,T010108,2026-01-04,Platinum,2024-10-30,29,Male,Bengaluru,Doctor,Low,Offline,Samsung,Smartphone,Galaxy S,1,41919,1,419,188,30,201,Birthday,,,,,,,5,4
C0101,T010109,2026-05-19,Platinum,2024-10-30,29,Male,Bengaluru,Doctor,Low,Online,Samsung,Audio,Galaxy Buds,2,86034,0,860,37,823,0,Purchase,,,,,,,12,29
C0102,T010201,2026-06-29,Bronze,2023-04-18,40,Male,Bengaluru,Business,Low,Offline,Sony,Audio,WH Headphones,1,113005,0,1130,111,1019,0,Referral,,,,,,,10,31
C0102,T010202,2026-06-08,Bronze,2023-04-18,40,Male,Bengaluru,Business,Low,Offline,Bose,Speaker,SoundLink,1,79587,0,795,395,400,0,Referral,,,,,,,16,17
C0102,T010203,2026-03-05,Bronze,2023-04-18,40,Male,Bengaluru,Business,Low,Online,Samsung,Smartphone,Galaxy S,2,95620,1,956,739,217,0,Festival,,,,,,,6,33
C0102,T010204,2026-05-08,Bronze,2023-04-18,40,Male,Bengaluru,Business,Low,Offline,Sony,TV,Bravia,2,136445,0,1364,204,1160,0,Referral,,,,,,,2,11
C0102,T010205,2026-01-06,Bronze,2023-04-18,40,Male,Bengaluru,Business,Low,Online,Sony,TV,Bravia,2,59495,0,594,474,102,18,Referral,,,,,,,16,6
C0102,T010206,2026-06-03,Bronze,2023-04-18,40,Male,Bengaluru,Business,Low,Online,Sony,TV,Bravia,2,8676,1,86,49,37,0,Festival,,,,,,,4,30
C0102,T010207,2026-01-12,Bronze,2023-04-18,40,Male,Bengaluru,Business,Low,App,Sony,Audio,WH Headphones,2,35792,1,357,205,85,67,Purchase,,,,,,,18,2
C0103,T010301,2026-04-28,Platinum,2022-02-24,31,Male,Ahmedabad,Manager,High,App,Sony,Gaming,PlayStation,2,146066,1,1460,840,620,0,Birthday,,,,,,,19,27
C0103,T010302,2026-05-08,Platinum,2022-02-24,31,Male,Ahmedabad,Manager,High,Offline,Sony,Audio,WH Headphones,2,32799,1,327,23,304,0,Referral,,,,,,,1,31
C0103,T010303,2026-06-13,Platinum,2022-02-24,31,Male,Ahmedabad,Manager,High,App,Sony,Gaming,PlayStation,2,67348,0,673,238,435,0,Festival,,,,,,,14,7
C0103,T010304,2026-05-12,Platinum,2022-02-24,31,Male,Ahmedabad,Manager,High,App,Google Nest,Smart Home,Nest Hub,2,142379,0,1423,474,949,0,Purchase,,,,,,,10,16
C0103,T010305,2026-03-18,Platinum,2022-02-24,31,Male,Ahmedabad,Manager,High,Online,Sony,TV,Bravia,2,165056,0,1650,462,1188,0,Festival,,,,,,,1,9
C0103,T010306,2026-02-04,Platinum,2022-02-24,31,Male,Ahmedabad,Manager,High,Offline,Sony,Audio,WH Headphones,1,152889,0,1528,138,135,1255,Purchase,,,,,,,6,25
C0103,T010307,2026-03-07,Platinum,2022-02-24,31,Male,Ahmedabad,Manager,High,Offline,Sony,Audio,WH Headphones,1,78669,0,786,243,543,0,Referral,,,,,,,9,16
C0103,T010308,2026-05-04,Platinum,2022-02-24,31,Male,Ahmedabad,Manager,High,Online,Sony,Gaming,PlayStation,1,53371,0,533,149,384,0,Festival,,,,,,,3,4
C0103,T010309,2026-02-13,Platinum,2022-02-24,31,Male,Ahmedabad,Manager,High,Offline,Sony,Gaming,PlayStation,2,29783,1,297,186,107,4,Festival,,,,,,,7,20
C0103,T010310,2026-01-05,Platinum,2022-02-24,31,Male,Ahmedabad,Manager,High,Online,Sony,TV,Bravia,1,70898,0,708,26,417,265,Purchase,,,,,,,3,23
C0104,T010401,2026-01-19,Bronze,2024-04-06,24,Male,Hyderabad,Engineer,Low,Online,Bose,Audio,QC Headphones,2,167213,1,1672,1229,422,21,Birthday,,,,,,,9,17
C0104,T010402,2026-05-20,Bronze,2024-04-06,24,Male,Hyderabad,Engineer,Low,Offline,Google Nest,Security,Nest Cam,2,142919,1,1429,373,1056,0,Festival,,,,,,,6,30
C0104,T010403,2026-06-21,Bronze,2024-04-06,24,Male,Hyderabad,Engineer,Low,Online,Apple,Audio,AirPods,2,133355,0,1333,669,664,0,Purchase,,,,,,,2,6
C0104,T010404,2026-05-03,Bronze,2024-04-06,24,Male,Hyderabad,Engineer,Low,Online,Google Nest,Smart Home,Nest Hub,1,18782,0,187,112,75,0,Birthday,,,,,,,16,29
C0104,T010405,2026-05-08,Bronze,2024-04-06,24,Male,Hyderabad,Engineer,Low,App,Apple,Watch,Apple Watch,1,86948,0,869,212,657,0,Birthday,,,,,,,9,28
C0105,T010501,2026-02-18,Bronze,2023-09-11,45,Female,Bengaluru,Manager,Low,Offline,Apple,Audio,AirPods,1,161643,1,1616,336,1117,163,Purchase,,,,,,,18,9
C0105,T010502,2026-04-14,Bronze,2023-09-11,45,Female,Bengaluru,Manager,Low,Offline,Sony,TV,Bravia,1,64697,1,646,409,237,0,Purchase,,,,,,,15,23
C0105,T010503,2026-05-31,Bronze,2023-09-11,45,Female,Bengaluru,Manager,Low,Offline,Apple,Audio,AirPods,1,58419,1,584,299,285,0,Festival,,,,,,,8,22
C0105,T010504,2026-02-19,Bronze,2023-09-11,45,Female,Bengaluru,Manager,Low,Offline,Apple,Watch,Apple Watch,1,162116,0,1621,320,687,614,Referral,,,,,,,16,2
C0105,T010505,2026-02-19,Bronze,2023-09-11,45,Female,Bengaluru,Manager,Low,Offline,Apple,Audio,AirPods,1,157607,1,1576,301,1100,175,Purchase,,,,,,,18,7
C0105,T010506,2026-02-21,Bronze,2023-09-11,45,Female,Bengaluru,Manager,Low,App,Apple,Smartphone,iPhone,1,115960,0,1159,561,492,106,Purchase,,,,,,,20,9
C0105,T010507,2026-01-08,Bronze,2023-09-11,45,Female,Bengaluru,Manager,Low,App,Apple,Watch,Apple Watch,2,143254,0,1432,405,107,920,Purchase,,,,,,,5,24
C0105,T010508,2026-05-24,Bronze,2023-09-11,45,Female,Bengaluru,Manager,Low,Online,Apple,Audio,AirPods,1,148591,1,1485,13,1472,0,Birthday,,,,,,,15,10
C0105,T010509,2026-03-30,Bronze,2023-09-11,45,Female,Bengaluru,Manager,Low,App,Apple,Audio,AirPods,1,128729,1,1287,105,1182,0,Purchase,,,,,,,20,30
C0106,T010601,2026-06-06,Silver,2024-07-24,23,Female,Pune,Manager,Medium,Offline,Google Nest,Smart Home,Nest Hub,1,38312,1,383,15,368,0,Referral,,,,,,,1,19
C0106,T010602,2026-01-21,Silver,2024-07-24,23,Female,Pune,Manager,Medium,App,Google Nest,Smart Home,Nest Hub,2,140678,0,1406,328,316,762,Referral,,,,,,,15,17
C0106,T010603,2026-02-21,Silver,2024-07-24,23,Female,Pune,Manager,Medium,Offline,Google Nest,Security,Nest Cam,1,111183,1,1111,683,328,100,Festival,,,,,,,2,33
C0106,T010604,2026-04-16,Silver,2024-07-24,23,Female,Pune,Manager,Medium,Online,Apple,Watch,Apple Watch,2,102572,0,1025,673,352,0,Purchase,,,,,,,5,3
C0107,T010701,2026-04-18,Platinum,2024-05-01,49,Female,Mumbai,Manager,Low,Online,Bose,Speaker,SoundLink,2,12567,1,125,68,57,0,Birthday,,,,,,,16,15
C0107,T010702,2026-01-05,Platinum,2024-05-01,49,Female,Mumbai,Manager,Low,Offline,Bose,Audio,QC Headphones,1,50293,0,502,204,38,260,Purchase,,,,,,,12,8
C0107,T010703,2026-06-07,Platinum,2024-05-01,49,Female,Mumbai,Manager,Low,App,Bose,Speaker,SoundLink,1,48108,1,481,101,380,0,Birthday,,,,,,,5,35
C0107,T010704,2026-03-08,Platinum,2024-05-01,49,Female,Mumbai,Manager,Low,Online,Apple,Watch,Apple Watch,2,161722,0,1617,1079,538,0,Festival,,,,,,,6,34
C0107,T010705,2026-03-09,Platinum,2024-05-01,49,Female,Mumbai,Manager,Low,App,Bose,Speaker,SoundLink,1,85079,1,850,91,759,0,Festival,,,,,,,15,19
C0107,T010706,2026-01-28,Platinum,2024-05-01,49,Female,Mumbai,Manager,Low,App,Bose,Speaker,SoundLink,2,98985,0,989,54,51,884,Referral,,,,,,,14,24
C0108,T010801,2026-03-24,Silver,2020-03-31,36,Male,Ahmedabad,Business,High,App,Sony,Gaming,PlayStation,2,117681,0,1176,203,973,0,Purchase,,,,,,,20,31
C0108,T010802,2026-01-07,Silver,2020-03-31,36,Male,Ahmedabad,Business,High,Offline,Sony,Gaming,PlayStation,1,81581,0,815,601,143,71,Birthday,,,,,,,9,25
C0108,T010803,2026-04-05,Silver,2020-03-31,36,Male,Ahmedabad,Business,High,Online,Bose,Audio,QC Headphones,2,133408,1,1334,296,1038,0,Birthday,,,,,,,14,9
C0108,T010804,2026-07-01,Silver,2020-03-31,36,Male,Ahmedabad,Business,High,Online,Samsung,TV,Smart TV,2,132394,0,1323,364,959,0,Purchase,,,,,,,16,27
C0108,T010805,2026-06-08,Silver,2020-03-31,36,Male,Ahmedabad,Business,High,Online,Sony,Audio,WH Headphones,2,158586,1,1585,848,737,0,Purchase,,,,,,,13,23
C0108,T010806,2026-04-21,Silver,2020-03-31,36,Male,Ahmedabad,Business,High,App,Sony,TV,Bravia,1,113366,1,1133,85,1048,0,Festival,,,,,,,16,26
C0108,T010807,2026-03-07,Silver,2020-03-31,36,Male,Ahmedabad,Business,High,Online,Sony,Gaming,PlayStation,2,178765,1,1787,898,889,0,Purchase,,,,,,,12,19
C0108,T010808,2026-04-10,Silver,2020-03-31,36,Male,Ahmedabad,Business,High,App,Sony,Audio,WH Headphones,2,127601,1,1276,170,1106,0,Festival,,,,,,,15,30
C0109,T010901,2026-02-19,Silver,2021-04-09,23,Female,Pune,CA,Low,Offline,Apple,Smartphone,iPhone,1,146347,1,1463,354,657,452,Purchase,,,,,,,13,32
C0109,T010902,2026-05-02,Silver,2021-04-09,23,Female,Pune,CA,Low,Offline,Apple,Audio,AirPods,2,67398,0,673,165,508,0,Birthday,,,,,,,4,24
C0109,T010903,2026-03-11,Silver,2021-04-09,23,Female,Pune,CA,Low,App,Apple,Audio,AirPods,2,50624,1,506,190,316,0,Festival,,,,,,,3,32
C0109,T010904,2026-03-28,Silver,2021-04-09,23,Female,Pune,CA,Low,App,Bose,Audio,QC Headphones,2,102489,1,1024,144,880,0,Birthday,,,,,,,19,28
C0109,T010905,2026-06-17,Silver,2021-04-09,23,Female,Pune,CA,Low,Online,Samsung,Audio,Galaxy Buds,1,89764,0,897,515,382,0,Birthday,,,,,,,9,17
C0110,T011001,2026-04-26,Silver,2024-04-21,24,Female,Mumbai,Doctor,Medium,Online,Samsung,TV,Smart TV,2,152817,1,1528,515,1013,0,Festival,,,,,,,9,17
C0110,T011002,2026-05-17,Silver,2024-04-21,24,Female,Mumbai,Doctor,Medium,App,Bose,Speaker,SoundLink,1,119951,1,1199,221,978,0,Referral,,,,,,,4,27
C0110,T011003,2026-01-22,Silver,2024-04-21,24,Female,Mumbai,Doctor,Medium,Offline,Samsung,TV,Smart TV,2,97155,0,971,494,176,301,Birthday,,,,,,,11,22
C0110,T011004,2026-03-15,Silver,2024-04-21,24,Female,Mumbai,Doctor,Medium,App,Samsung,Smartphone,Galaxy S,2,23124,0,231,63,168,0,Purchase,,,,,,,1,16
C0110,T011005,2026-01-12,Silver,2024-04-21,24,Female,Mumbai,Doctor,Medium,Offline,Samsung,Smartphone,Galaxy S,1,96052,0,960,605,182,173,Birthday,,,,,,,11,16
C0110,T011006,2026-04-25,Silver,2024-04-21,24,Female,Mumbai,Doctor,Medium,Online,Samsung,Audio,Galaxy Buds,2,112280,0,1122,443,679,0,Referral,,,,,,,1,5
C0110,T011007,2026-05-03,Silver,2024-04-21,24,Female,Mumbai,Doctor,Medium,Offline,Samsung,Smartphone,Galaxy S,1,179854,1,1798,775,1023,0,Referral,,,,,,,6,29
C0110,T011008,2026-05-24,Silver,2024-04-21,24,Female,Mumbai,Doctor,Medium,Offline,Samsung,TV,Smart TV,2,163034,1,1630,763,867,0,Festival,,,,,,,11,35
C0110,T011009,2026-04-22,Silver,2024-04-21,24,Female,Mumbai,Doctor,Medium,App,Samsung,Audio,Galaxy Buds,2,69393,1,693,360,333,0,Referral,,,,,,,15,9
C0110,T011010,2026-03-30,Silver,2024-04-21,24,Female,Mumbai,Doctor,Medium,Online,Samsung,TV,Smart TV,1,78737,0,787,285,502,0,Referral,,,,,,,9,29
C0111,T011101,2026-01-09,Gold,2022-12-17,48,Male,Delhi,Manager,High,Online,Sony,Audio,WH Headphones,1,34438,1,344,259,20,65,Birthday,,,,,,,8,24
C0111,T011102,2026-05-28,Gold,2022-12-17,48,Male,Delhi,Manager,High,Offline,Sony,Audio,WH Headphones,1,40083,0,400,99,301,0,Birthday,,,,,,,12,9
C0111,T011103,2026-03-13,Gold,2022-12-17,48,Male,Delhi,Manager,High,Online,Sony,TV,Bravia,2,105997,1,1059,469,590,0,Festival,,,,,,,3,2
C0111,T011104,2026-06-08,Gold,2022-12-17,48,Male,Delhi,Manager,High,Offline,Samsung,TV,Smart TV,1,159434,0,1594,578,1016,0,Referral,,,,,,,2,19
C0111,T011105,2026-01-22,Gold,2022-12-17,48,Male,Delhi,Manager,High,App,Bose,Speaker,SoundLink,1,153856,0,1538,623,253,662,Referral,,,,,,,6,33
C0112,T011201,2026-05-28,Silver,2024-05-27,46,Female,Delhi,Student,Medium,Offline,Apple,Watch,Apple Watch,2,61426,1,614,230,384,0,Festival,,,,,,,19,5
C0112,T011202,2026-05-20,Silver,2024-05-27,46,Female,Delhi,Student,Medium,App,Google Nest,Smart Home,Nest Hub,2,16264,0,162,73,89,0,Birthday,,,,,,,9,26
C0112,T011203,2026-04-13,Silver,2024-05-27,46,Female,Delhi,Student,Medium,App,Sony,Gaming,PlayStation,1,86903,0,869,291,578,0,Festival,,,,,,,18,8
C0112,T011204,2026-05-11,Silver,2024-05-27,46,Female,Delhi,Student,Medium,App,Sony,Gaming,PlayStation,1,5074,1,50,31,19,0,Referral,,,,,,,1,10
C0113,T011301,2026-05-17,Platinum,2020-11-03,28,Female,Ahmedabad,CA,Low,Offline,Google Nest,Smart Home,Nest Hub,1,154384,0,1543,47,1496,0,Birthday,,,,,,,6,21
C0113,T011302,2026-04-21,Platinum,2020-11-03,28,Female,Ahmedabad,CA,Low,Online,Google Nest,Smart Home,Nest Hub,1,9868,1,98,19,79,0,Birthday,,,,,,,17,35
C0113,T011303,2026-02-11,Platinum,2020-11-03,28,Female,Ahmedabad,CA,Low,App,Google Nest,Security,Nest Cam,2,174048,0,1740,704,575,461,Purchase,,,,,,,10,6
C0113,T011304,2026-06-06,Platinum,2020-11-03,28,Female,Ahmedabad,CA,Low,App,Google Nest,Security,Nest Cam,2,51127,0,511,334,177,0,Purchase,,,,,,,19,9
C0113,T011305,2026-01-14,Platinum,2020-11-03,28,Female,Ahmedabad,CA,Low,Online,Google Nest,Smart Home,Nest Hub,1,165025,0,1650,1107,147,396,Purchase,,,,,,,18,31
C0113,T011306,2026-02-26,Platinum,2020-11-03,28,Female,Ahmedabad,CA,Low,Online,Google Nest,Security,Nest Cam,2,177141,1,1771,889,698,184,Purchase,,,,,,,16,8
C0114,T011401,2026-01-30,Silver,2021-06-06,38,Female,Ahmedabad,Manager,Medium,Offline,Sony,Gaming,PlayStation,1,24078,1,240,109,128,3,Birthday,,,,,,,16,24
C0114,T011402,2026-03-12,Silver,2021-06-06,38,Female,Ahmedabad,Manager,Medium,Online,Sony,Gaming,PlayStation,1,166640,1,1666,338,1328,0,Birthday,,,,,,,19,18
C0114,T011403,2026-02-19,Silver,2021-06-06,38,Female,Ahmedabad,Manager,Medium,Offline,Sony,Audio,WH Headphones,1,7766,1,77,33,27,17,Referral,,,,,,,2,32
C0114,T011404,2026-01-08,Silver,2021-06-06,38,Female,Ahmedabad,Manager,Medium,Offline,Sony,Gaming,PlayStation,2,140072,1,1400,645,439,316,Festival,,,,,,,19,2
C0114,T011405,2026-01-29,Silver,2021-06-06,38,Female,Ahmedabad,Manager,Medium,Offline,Apple,Smartphone,iPhone,2,24762,0,247,66,152,29,Festival,,,,,,,4,30
C0114,T011406,2026-02-27,Silver,2021-06-06,38,Female,Ahmedabad,Manager,Medium,Offline,Sony,TV,Bravia,2,26902,1,269,72,101,96,Purchase,,,,,,,5,18
C0114,T011407,2026-01-06,Silver,2021-06-06,38,Female,Ahmedabad,Manager,Medium,Online,Sony,Audio,WH Headphones,1,8545,0,85,15,18,52,Purchase,,,,,,,12,24
C0114,T011408,2026-01-25,Silver,2021-06-06,38,Female,Ahmedabad,Manager,Medium,Offline,Sony,TV,Bravia,1,63916,0,639,311,309,19,Festival,,,,,,,13,2
C0115,T011501,2026-05-26,Silver,2023-10-07,42,Male,Delhi,CA,Medium,Online,Samsung,Smartphone,Galaxy S,1,31093,1,310,133,177,0,Birthday,,,,,,,1,33
C0115,T011502,2026-05-30,Silver,2023-10-07,42,Male,Delhi,CA,Medium,Online,Samsung,Audio,Galaxy Buds,1,141584,0,1415,248,1167,0,Birthday,,,,,,,10,33
C0115,T011503,2026-05-03,Silver,2023-10-07,42,Male,Delhi,CA,Medium,App,Samsung,Audio,Galaxy Buds,1,153714,0,1537,1102,435,0,Festival,,,,,,,20,3
C0115,T011504,2026-04-23,Silver,2023-10-07,42,Male,Delhi,CA,Medium,App,Samsung,Audio,Galaxy Buds,1,171993,1,1719,1097,622,0,Birthday,,,,,,,10,10
C0115,T011505,2026-04-06,Silver,2023-10-07,42,Male,Delhi,CA,Medium,Offline,Samsung,Smartphone,Galaxy S,2,172675,0,1726,381,1345,0,Purchase,,,,,,,1,25
C0115,T011506,2026-04-11,Silver,2023-10-07,42,Male,Delhi,CA,Medium,App,Samsung,Smartphone,Galaxy S,1,52684,1,526,341,185,0,Purchase,,,,,,,4,14
C0115,T011507,2026-01-25,Silver,2023-10-07,42,Male,Delhi,CA,Medium,App,Samsung,Smartphone,Galaxy S,1,63767,1,637,363,57,217,Referral,,,,,,,4,35
C0116,T011601,2026-04-04,Gold,2023-08-27,39,Male,Pune,Doctor,Low,App,Apple,Audio,AirPods,2,118010,1,1180,570,610,0,Referral,,,,,,,17,18
C0116,T011602,2026-05-27,Gold,2023-08-27,39,Male,Pune,Doctor,Low,Online,Apple,Audio,AirPods,1,66303,1,663,141,522,0,Birthday,,,,,,,2,12
C0116,T011603,2026-01-26,Gold,2023-08-27,39,Male,Pune,Doctor,Low,Offline,Apple,Audio,AirPods,1,9051,0,90,20,21,49,Birthday,,,,,,,4,22
C0116,T011604,2026-07-03,Gold,2023-08-27,39,Male,Pune,Doctor,Low,Offline,Apple,Smartphone,iPhone,1,154237,0,1542,1081,461,0,Birthday,,,,,,,17,35
C0116,T011605,2026-04-08,Gold,2023-08-27,39,Male,Pune,Doctor,Low,App,Apple,Audio,AirPods,1,163826,1,1638,824,814,0,Birthday,,,,,,,9,33
C0116,T011606,2026-02-26,Gold,2023-08-27,39,Male,Pune,Doctor,Low,App,Apple,Watch,Apple Watch,1,127029,0,1270,731,525,14,Festival,,,,,,,4,9
C0116,T011607,2026-02-21,Gold,2023-08-27,39,Male,Pune,Doctor,Low,Offline,Apple,Audio,AirPods,1,173180,1,1731,1355,176,200,Birthday,,,,,,,18,30
C0116,T011608,2026-04-08,Gold,2023-08-27,39,Male,Pune,Doctor,Low,App,Apple,Smartphone,iPhone,2,13523,1,135,5,130,0,Festival,,,,,,,12,17
C0117,T011701,2026-03-26,Silver,2023-03-30,60,Male,Delhi,Business,Low,App,Sony,Audio,WH Headphones,1,157571,0,1575,190,1385,0,Festival,,,,,,,14,7
C0117,T011702,2026-02-05,Silver,2023-03-30,60,Male,Delhi,Business,Low,Offline,Bose,Audio,QC Headphones,1,39552,1,395,299,44,52,Purchase,,,,,,,3,9
C0117,T011703,2026-05-16,Silver,2023-03-30,60,Male,Delhi,Business,Low,Offline,Samsung,TV,Smart TV,1,26400,1,264,208,56,0,Festival,,,,,,,10,35
C0117,T011704,2026-03-06,Silver,2023-03-30,60,Male,Delhi,Business,Low,App,Sony,TV,Bravia,1,65141,0,651,444,207,0,Referral,,,,,,,15,7
C0117,T011705,2026-01-25,Silver,2023-03-30,60,Male,Delhi,Business,Low,Online,Sony,Audio,WH Headphones,2,95212,1,952,506,251,195,Referral,,,,,,,16,11
C0117,T011706,2026-01-28,Silver,2023-03-30,60,Male,Delhi,Business,Low,Offline,Sony,Gaming,PlayStation,2,158692,1,1586,933,75,578,Birthday,,,,,,,4,33
C0117,T011707,2026-02-08,Silver,2023-03-30,60,Male,Delhi,Business,Low,Offline,Sony,TV,Bravia,1,17750,1,177,89,80,8,Festival,,,,,,,6,10
C0117,T011708,2026-01-17,Silver,2023-03-30,60,Male,Delhi,Business,Low,Online,Sony,TV,Bravia,2,18073,0,180,10,84,86,Referral,,,,,,,9,29
C0117,T011709,2026-05-28,Silver,2023-03-30,60,Male,Delhi,Business,Low,Offline,Sony,TV,Bravia,2,62445,1,624,101,523,0,Festival,,,,,,,3,2
C0117,T011710,2026-06-27,Silver,2023-03-30,60,Male,Delhi,Business,Low,Offline,Sony,Gaming,PlayStation,2,96393,0,963,50,913,0,Purchase,,,,,,,3,16
C0118,T011801,2026-04-15,Silver,2022-05-01,33,Male,Pune,Student,High,Offline,Google Nest,Smart Home,Nest Hub,1,125655,1,1256,923,333,0,Birthday,,,,,,,17,32
C0118,T011802,2026-06-25,Silver,2022-05-01,33,Male,Pune,Student,High,App,Google Nest,Security,Nest Cam,1,15215,1,152,0,152,0,Purchase,,,,,,,6,10
C0118,T011803,2026-05-25,Silver,2022-05-01,33,Male,Pune,Student,High,App,Google Nest,Security,Nest Cam,1,88797,0,887,4,883,0,Referral,,,,,,,7,13
C0118,T011804,2026-02-23,Silver,2022-05-01,33,Male,Pune,Student,High,App,Google Nest,Smart Home,Nest Hub,2,122833,0,1228,855,121,252,Festival,,,,,,,15,16
C0118,T011805,2026-02-15,Silver,2022-05-01,33,Male,Pune,Student,High,App,Google Nest,Security,Nest Cam,1,19042,0,190,11,146,33,Referral,,,,,,,8,8
C0118,T011806,2026-04-21,Silver,2022-05-01,33,Male,Pune,Student,High,Online,Google Nest,Smart Home,Nest Hub,2,96245,0,962,89,873,0,Referral,,,,,,,7,25
C0118,T011807,2026-01-20,Silver,2022-05-01,33,Male,Pune,Student,High,App,Google Nest,Security,Nest Cam,2,11743,0,117,92,5,20,Referral,,,,,,,7,25
C0118,T011808,2026-05-12,Silver,2022-05-01,33,Male,Pune,Student,High,Online,Google Nest,Smart Home,Nest Hub,1,165996,1,1659,359,1300,0,Referral,,,,,,,18,9
C0118,T011809,2026-01-08,Silver,2022-05-01,33,Male,Pune,Student,High,App,Bose,Speaker,SoundLink,2,41018,1,410,300,25,85,Referral,,,,,,,16,28
C0118,T011810,2026-04-11,Silver,2022-05-01,33,Male,Pune,Student,High,Offline,Google Nest,Security,Nest Cam,1,166280,0,1662,847,815,0,Birthday,,,,,,,16,15
C0119,T011901,2026-05-06,Gold,2024-07-09,53,Female,Bengaluru,Business,Medium,Online,Bose,Audio,QC Headphones,2,143244,1,1432,37,1395,0,Birthday,,,,,,,12,25
C0119,T011902,2026-04-18,Gold,2024-07-09,53,Female,Bengaluru,Business,Medium,Offline,Bose,Audio,QC Headphones,1,177107,1,1771,609,1162,0,Festival,,,,,,,11,31
C0119,T011903,2026-06-27,Gold,2024-07-09,53,Female,Bengaluru,Business,Medium,App,Samsung,TV,Smart TV,2,10775,1,107,70,37,0,Festival,,,,,,,11,27
C0119,T011904,2026-04-01,Gold,2024-07-09,53,Female,Bengaluru,Business,Medium,App,Bose,Audio,QC Headphones,2,160265,1,1602,447,1155,0,Festival,,,,,,,6,5
C0119,T011905,2026-01-29,Gold,2024-07-09,53,Female,Bengaluru,Business,Medium,Online,Bose,Audio,QC Headphones,1,160132,1,1601,812,787,2,Purchase,,,,,,,3,24
C0119,T011906,2026-03-11,Gold,2024-07-09,53,Female,Bengaluru,Business,Medium,Online,Bose,Audio,QC Headphones,2,177480,1,1774,358,1416,0,Purchase,,,,,,,2,31
C0119,T011907,2026-02-13,Gold,2024-07-09,53,Female,Bengaluru,Business,Medium,Offline,Bose,Audio,QC Headphones,2,123018,0,1230,64,599,567,Purchase,,,,,,,7,25
C0119,T011908,2026-04-09,Gold,2024-07-09,53,Female,Bengaluru,Business,Medium,Online,Bose,Audio,QC Headphones,1,169391,1,1693,1072,621,0,Purchase,,,,,,,7,20
C0119,T011909,2026-02-12,Gold,2024-07-09,53,Female,Bengaluru,Business,Medium,Online,Bose,Audio,QC Headphones,2,142084,1,1420,1104,136,180,Referral,,,,,,,10,9
C0119,T011910,2026-05-09,Gold,2024-07-09,53,Female,Bengaluru,Business,Medium,App,Samsung,Audio,Galaxy Buds,1,167133,0,1671,199,1472,0,Festival,,,,,,,12,8
C0120,T012001,2026-06-19,Gold,2022-06-15,31,Male,Delhi,Doctor,Low,Offline,Sony,TV,Bravia,1,138095,0,1380,272,1108,0,Referral,,,,,,,6,26
C0120,T012002,2026-02-07,Gold,2022-06-15,31,Male,Delhi,Doctor,Low,Online,Sony,Audio,WH Headphones,1,74727,0,747,512,128,107,Referral,,,,,,,5,26
C0120,T012003,2026-04-25,Gold,2022-06-15,31,Male,Delhi,Doctor,Low,App,Apple,Watch,Apple Watch,2,51000,1,510,82,428,0,Purchase,,,,,,,14,10
C0120,T012004,2026-02-15,Gold,2022-06-15,31,Male,Delhi,Doctor,Low,App,Sony,Gaming,PlayStation,2,117267,0,1172,793,365,14,Referral,,,,,,,1,27
C0120,T012005,2026-03-01,Gold,2022-06-15,31,Male,Delhi,Doctor,Low,App,Sony,TV,Bravia,1,117230,0,1172,420,20,732,Birthday,,,,,,,8,16
C0120,T012006,2026-02-04,Gold,2022-06-15,31,Male,Delhi,Doctor,Low,Offline,Google Nest,Security,Nest Cam,2,71411,0,714,514,135,65,Festival,,,,,,,11,29
C0121,T012101,2026-04-29,Gold,2023-05-06,37,Female,Pune,Engineer,Medium,Online,Sony,TV,Bravia,2,6751,0,67,12,55,0,Festival,,,,,,,8,3
C0121,T012102,2026-04-04,Gold,2023-05-06,37,Female,Pune,Engineer,Medium,Online,Sony,Gaming,PlayStation,1,172748,1,1727,1127,600,0,Referral,,,,,,,11,21
C0121,T012103,2026-06-11,Gold,2023-05-06,37,Female,Pune,Engineer,Medium,Offline,Sony,TV,Bravia,2,28697,0,286,162,124,0,Referral,,,,,,,20,2
C0121,T012104,2026-01-23,Gold,2023-05-06,37,Female,Pune,Engineer,Medium,App,Sony,Audio,WH Headphones,1,22449,1,224,122,11,91,Purchase,,,,,,,20,34
C0121,T012105,2026-03-17,Gold,2023-05-06,37,Female,Pune,Engineer,Medium,App,Apple,Smartphone,iPhone,1,14804,0,148,41,107,0,Birthday,,,,,,,12,6
C0121,T012106,2026-01-08,Gold,2023-05-06,37,Female,Pune,Engineer,Medium,Offline,Sony,Gaming,PlayStation,2,103725,0,1037,406,15,616,Referral,,,,,,,6,30
C0122,T012201,2026-01-18,Platinum,2024-04-05,29,Male,Hyderabad,Doctor,Low,Online,Google Nest,Security,Nest Cam,1,37728,0,377,194,143,40,Birthday,,,,,,,7,7
C0122,T012202,2026-06-14,Platinum,2024-04-05,29,Male,Hyderabad,Doctor,Low,Online,Google Nest,Smart Home,Nest Hub,1,98940,1,989,663,326,0,Referral,,,,,,,3,11
C0122,T012203,2026-05-24,Platinum,2024-04-05,29,Male,Hyderabad,Doctor,Low,Offline,Google Nest,Smart Home,Nest Hub,2,84355,0,843,508,335,0,Purchase,,,,,,,8,9
C0122,T012204,2026-03-13,Platinum,2024-04-05,29,Male,Hyderabad,Doctor,Low,App,Samsung,Audio,Galaxy Buds,1,25287,0,252,140,112,0,Purchase,,,,,,,3,35
C0122,T012205,2026-03-24,Platinum,2024-04-05,29,Male,Hyderabad,Doctor,Low,App,Google Nest,Security,Nest Cam,1,10084,0,100,38,62,0,Birthday,,,,,,,3,18
C0122,T012206,2026-06-20,Platinum,2024-04-05,29,Male,Hyderabad,Doctor,Low,Offline,Google Nest,Security,Nest Cam,1,40693,0,406,310,96,0,Birthday,,,,,,,9,14
C0122,T012207,2026-06-12,Platinum,2024-04-05,29,Male,Hyderabad,Doctor,Low,Offline,Google Nest,Security,Nest Cam,1,9601,1,96,25,71,0,Purchase,,,,,,,16,30
C0122,T012208,2026-06-23,Platinum,2024-04-05,29,Male,Hyderabad,Doctor,Low,Online,Samsung,Audio,Galaxy Buds,2,65788,0,657,437,220,0,Festival,,,,,,,8,27
C0123,T012301,2026-06-07,Gold,2019-09-13,46,Female,Delhi,CA,Medium,Online,Sony,TV,Bravia,2,91320,1,913,487,426,0,Referral,,,,,,,15,12
C0123,T012302,2026-06-19,Gold,2019-09-13,46,Female,Delhi,CA,Medium,Online,Apple,Smartphone,iPhone,2,87158,1,871,193,678,0,Festival,,,,,,,6,4
C0123,T012303,2026-02-10,Gold,2019-09-13,46,Female,Delhi,CA,Medium,App,Apple,Smartphone,iPhone,2,80388,0,803,88,71,644,Purchase,,,,,,,5,7
C0123,T012304,2026-01-27,Gold,2019-09-13,46,Female,Delhi,CA,Medium,App,Apple,Audio,AirPods,1,117700,0,1177,711,335,131,Birthday,,,,,,,1,16
C0123,T012305,2026-02-18,Gold,2019-09-13,46,Female,Delhi,CA,Medium,Offline,Apple,Watch,Apple Watch,1,12743,1,127,81,7,39,Purchase,,,,,,,8,25
C0123,T012306,2026-01-08,Gold,2019-09-13,46,Female,Delhi,CA,Medium,App,Apple,Watch,Apple Watch,2,145873,1,1458,297,842,319,Birthday,,,,,,,1,9
C0123,T012307,2026-04-26,Gold,2019-09-13,46,Female,Delhi,CA,Medium,Offline,Apple,Watch,Apple Watch,2,5387,1,53,37,16,0,Festival,,,,,,,16,24
C0123,T012308,2026-07-01,Gold,2019-09-13,46,Female,Delhi,CA,Medium,Online,Apple,Smartphone,iPhone,1,57148,1,571,146,425,0,Birthday,,,,,,,12,4
C0123,T012309,2026-06-04,Gold,2019-09-13,46,Female,Delhi,CA,Medium,Offline,Sony,TV,Bravia,1,73608,1,736,176,560,0,Referral,,,,,,,15,11
C0124,T012401,2026-04-08,Bronze,2020-12-16,33,Female,Pune,CA,High,Online,Samsung,Smartphone,Galaxy S,2,144227,1,1442,703,739,0,Purchase,,,,,,,7,6
C0124,T012402,2026-05-24,Bronze,2020-12-16,33,Female,Pune,CA,High,App,Samsung,TV,Smart TV,1,5844,1,58,9,49,0,Festival,,,,,,,16,9
C0124,T012403,2026-05-28,Bronze,2020-12-16,33,Female,Pune,CA,High,Online,Samsung,Audio,Galaxy Buds,2,147274,1,1472,766,706,0,Purchase,,,,,,,6,2
C0124,T012404,2026-06-07,Bronze,2020-12-16,33,Female,Pune,CA,High,Online,Samsung,TV,Smart TV,2,55965,0,559,70,489,0,Festival,,,,,,,19,26
C0124,T012405,2026-06-18,Bronze,2020-12-16,33,Female,Pune,CA,High,App,Samsung,TV,Smart TV,2,149159,0,1491,983,508,0,Birthday,,,,,,,5,30
C0124,T012406,2026-01-04,Bronze,2020-12-16,33,Female,Pune,CA,High,App,Samsung,Audio,Galaxy Buds,1,30885,0,308,158,126,24,Purchase,,,,,,,12,11
C0124,T012407,2026-04-17,Bronze,2020-12-16,33,Female,Pune,CA,High,Online,Sony,Gaming,PlayStation,1,42727,0,427,239,188,0,Birthday,,,,,,,18,8
C0124,T012408,2026-05-27,Bronze,2020-12-16,33,Female,Pune,CA,High,Offline,Samsung,TV,Smart TV,1,148746,0,1487,693,794,0,Festival,,,,,,,8,19
C0125,T012501,2026-05-27,Gold,2021-09-07,37,Female,Bengaluru,Doctor,Medium,App,Apple,Watch,Apple Watch,1,129922,0,1299,845,454,0,Referral,,,,,,,6,34
C0125,T012502,2026-02-03,Gold,2021-09-07,37,Female,Bengaluru,Doctor,Medium,App,Sony,Audio,WH Headphones,2,62218,1,622,19,508,95,Purchase,,,,,,,13,5
C0125,T012503,2026-03-13,Gold,2021-09-07,37,Female,Bengaluru,Doctor,Medium,Offline,Google Nest,Smart Home,Nest Hub,2,91747,1,917,647,270,0,Purchase,,,,,,,11,18
C0125,T012504,2026-03-21,Gold,2021-09-07,37,Female,Bengaluru,Doctor,Medium,Offline,Sony,Audio,WH Headphones,1,18124,1,181,142,39,0,Referral,,,,,,,19,7
C0125,T012505,2026-04-05,Gold,2021-09-07,37,Female,Bengaluru,Doctor,Medium,Offline,Sony,TV,Bravia,1,16836,0,168,61,107,0,Festival,,,,,,,16,5
C0125,T012506,2026-04-13,Gold,2021-09-07,37,Female,Bengaluru,Doctor,Medium,Offline,Sony,Audio,WH Headphones,2,31190,1,311,168,143,0,Purchase,,,,,,,5,24
C0125,T012507,2026-01-16,Gold,2021-09-07,37,Female,Bengaluru,Doctor,Medium,Offline,Sony,Gaming,PlayStation,2,99376,1,993,46,328,619,Purchase,,,,,,,15,20
C0126,T012601,2026-04-10,Gold,2021-05-12,36,Male,Mumbai,Engineer,Medium,Offline,Bose,Audio,QC Headphones,2,11093,0,110,43,67,0,Birthday,,,,,,,6,28
C0126,T012602,2026-04-18,Gold,2021-05-12,36,Male,Mumbai,Engineer,Medium,App,Apple,Audio,AirPods,1,172625,0,1726,458,1268,0,Referral,,,,,,,9,7
C0126,T012603,2026-06-17,Gold,2021-05-12,36,Male,Mumbai,Engineer,Medium,App,Sony,TV,Bravia,1,99997,1,999,793,206,0,Purchase,,,,,,,18,19
C0126,T012604,2026-02-19,Gold,2021-05-12,36,Male,Mumbai,Engineer,Medium,Online,Sony,Audio,WH Headphones,2,158324,1,1583,717,624,242,Festival,,,,,,,16,18
C0126,T012605,2026-03-08,Gold,2021-05-12,36,Male,Mumbai,Engineer,Medium,App,Apple,Audio,AirPods,1,20105,1,201,95,106,0,Referral,,,,,,,17,13
C0126,T012606,2026-04-28,Gold,2021-05-12,36,Male,Mumbai,Engineer,Medium,Online,Apple,Audio,AirPods,1,77881,1,778,534,244,0,Referral,,,,,,,12,9
C0126,T012607,2026-04-20,Gold,2021-05-12,36,Male,Mumbai,Engineer,Medium,Online,Samsung,Smartphone,Galaxy S,1,86387,0,863,16,847,0,Festival,,,,,,,19,8
C0126,T012608,2026-03-31,Gold,2021-05-12,36,Male,Mumbai,Engineer,Medium,App,Sony,Audio,WH Headphones,1,31120,1,311,143,168,0,Birthday,,,,,,,5,5
C0127,T012701,2026-06-16,Gold,2020-11-29,45,Male,Delhi,Business,Low,Online,Apple,Audio,AirPods,2,27650,1,276,3,273,0,Referral,,,,,,,20,29
C0127,T012702,2026-05-31,Gold,2020-11-29,45,Male,Delhi,Business,Low,App,Apple,Smartphone,iPhone,1,12663,1,126,76,50,0,Birthday,,,,,,,6,21
C0127,T012703,2026-05-13,Gold,2020-11-29,45,Male,Delhi,Business,Low,Online,Apple,Audio,AirPods,1,88734,1,887,380,507,0,Festival,,,,,,,6,14
C0127,T012704,2026-05-28,Gold,2020-11-29,45,Male,Delhi,Business,Low,Online,Apple,Audio,AirPods,2,49113,0,491,40,451,0,Festival,,,,,,,10,14
C0127,T012705,2026-06-04,Gold,2020-11-29,45,Male,Delhi,Business,Low,App,Sony,Audio,WH Headphones,2,100887,0,1008,150,858,0,Purchase,,,,,,,4,19
C0127,T012706,2026-04-06,Gold,2020-11-29,45,Male,Delhi,Business,Low,Online,Apple,Smartphone,iPhone,1,105667,1,1056,597,459,0,Festival,,,,,,,18,15
C0127,T012707,2026-02-24,Gold,2020-11-29,45,Male,Delhi,Business,Low,Offline,Sony,Audio,WH Headphones,2,124274,1,1242,936,55,251,Birthday,,,,,,,12,20
C0127,T012708,2026-03-01,Gold,2020-11-29,45,Male,Delhi,Business,Low,Offline,Sony,TV,Bravia,1,140247,1,1402,288,430,684,Birthday,,,,,,,8,17
C0128,T012801,2026-03-09,Bronze,2020-07-16,33,Male,Ahmedabad,CA,High,Online,Apple,Watch,Apple Watch,2,125561,1,1255,357,898,0,Referral,,,,,,,7,3
C0128,T012802,2026-04-05,Bronze,2020-07-16,33,Male,Ahmedabad,CA,High,App,Bose,Audio,QC Headphones,1,62069,1,620,299,321,0,Purchase,,,,,,,13,28
C0128,T012803,2026-03-12,Bronze,2020-07-16,33,Male,Ahmedabad,CA,High,App,Apple,Watch,Apple Watch,1,162247,1,1622,621,1001,0,Purchase,,,,,,,12,13
C0128,T012804,2026-02-28,Bronze,2020-07-16,33,Male,Ahmedabad,CA,High,App,Apple,Smartphone,iPhone,2,172467,0,1724,1338,91,295,Referral,,,,,,,8,24
C0128,T012805,2026-06-19,Bronze,2020-07-16,33,Male,Ahmedabad,CA,High,Online,Google Nest,Smart Home,Nest Hub,2,40942,1,409,28,381,0,Purchase,,,,,,,16,8
C0129,T012901,2026-02-20,Bronze,2024-11-15,32,Male,Pune,Manager,High,Online,Google Nest,Smart Home,Nest Hub,1,141624,0,1416,885,220,311,Birthday,,,,,,,13,35
C0129,T012902,2026-07-03,Bronze,2024-11-15,32,Male,Pune,Manager,High,App,Sony,Gaming,PlayStation,2,124424,0,1244,199,1045,0,Purchase,,,,,,,20,10
C0129,T012903,2026-03-09,Bronze,2024-11-15,32,Male,Pune,Manager,High,Offline,Google Nest,Security,Nest Cam,1,127186,0,1271,154,1117,0,Festival,,,,,,,11,30
C0129,T012904,2026-02-13,Bronze,2024-11-15,32,Male,Pune,Manager,High,Offline,Apple,Watch,Apple Watch,1,62693,1,626,318,42,266,Referral,,,,,,,2,12
C0130,T013001,2026-03-18,Platinum,2022-07-12,29,Female,Delhi,Engineer,High,Offline,Bose,Speaker,SoundLink,2,16230,0,162,84,78,0,Purchase,,,,,,,8,8
C0130,T013002,2026-02-16,Platinum,2022-07-12,29,Female,Delhi,Engineer,High,Online,Samsung,TV,Smart TV,2,19594,0,195,110,23,62,Referral,,,,,,,2,35
C0130,T013003,2026-06-02,Platinum,2022-07-12,29,Female,Delhi,Engineer,High,App,Bose,Speaker,SoundLink,1,106205,1,1062,714,348,0,Festival,,,,,,,14,28
C0130,T013004,2026-03-18,Platinum,2022-07-12,29,Female,Delhi,Engineer,High,Offline,Bose,Audio,QC Headphones,2,148779,0,1487,86,1401,0,Festival,,,,,,,5,3
C0130,T013005,2026-07-01,Platinum,2022-07-12,29,Female,Delhi,Engineer,High,App,Bose,Speaker,SoundLink,2,159945,0,1599,430,1169,0,Purchase,,,,,,,16,28
C0130,T013006,2026-01-14,Platinum,2022-07-12,29,Female,Delhi,Engineer,High,App,Google Nest,Security,Nest Cam,2,33315,0,333,108,154,71,Birthday,,,,,,,8,28
C0130,T013007,2026-04-29,Platinum,2022-07-12,29,Female,Delhi,Engineer,High,Offline,Bose,Audio,QC Headphones,2,132589,1,1325,834,491,0,Referral,,,,,,,11,9
C0130,T013008,2026-05-28,Platinum,2022-07-12,29,Female,Delhi,Engineer,High,Offline,Bose,Audio,QC Headphones,1,11510,1,115,79,36,0,Purchase,,,,,,,11,33
C0130,T013009,2026-02-02,Platinum,2022-07-12,29,Female,Delhi,Engineer,High,Offline,Bose,Audio,QC Headphones,1,115699,0,1156,232,796,128,Birthday,,,,,,,11,19
C0130,T013010,2026-03-16,Platinum,2022-07-12,29,Female,Delhi,Engineer,High,Online,Google Nest,Security,Nest Cam,1,59735,0,597,26,571,0,Festival,,,,,,,11,35
C0131,T013101,2026-04-29,Bronze,2021-05-05,36,Female,Pune,Doctor,Medium,Online,Apple,Audio,AirPods,1,143737,0,1437,1013,424,0,Purchase,,,,,,,8,15
C0131,T013102,2026-03-25,Bronze,2021-05-05,36,Female,Pune,Doctor,Medium,Online,Apple,Smartphone,iPhone,1,174275,1,1742,550,1192,0,Festival,,,,,,,20,30
C0131,T013103,2026-01-05,Bronze,2021-05-05,36,Female,Pune,Doctor,Medium,Online,Apple,Watch,Apple Watch,1,20570,0,205,126,12,67,Festival,,,,,,,18,12
C0131,T013104,2026-05-19,Bronze,2021-05-05,36,Female,Pune,Doctor,Medium,Offline,Google Nest,Security,Nest Cam,2,152124,1,1521,303,1218,0,Festival,,,,,,,6,20
C0131,T013105,2026-05-27,Bronze,2021-05-05,36,Female,Pune,Doctor,Medium,Online,Apple,Watch,Apple Watch,2,33521,0,335,246,89,0,Birthday,,,,,,,1,2
C0132,T013201,2026-05-03,Bronze,2023-04-04,52,Female,Pune,Engineer,Low,Online,Sony,TV,Bravia,1,46125,0,461,350,111,0,Purchase,,,,,,,8,25
C0132,T013202,2026-05-24,Bronze,2023-04-04,52,Female,Pune,Engineer,Low,Online,Bose,Speaker,SoundLink,1,165522,1,1655,1228,427,0,Birthday,,,,,,,10,35
C0132,T013203,2026-06-16,Bronze,2023-04-04,52,Female,Pune,Engineer,Low,Online,Sony,Audio,WH Headphones,2,102445,0,1024,810,214,0,Birthday,,,,,,,11,18
C0132,T013204,2026-01-14,Bronze,2023-04-04,52,Female,Pune,Engineer,Low,Online,Sony,Gaming,PlayStation,1,163644,1,1636,222,1035,379,Referral,,,,,,,13,15
C0132,T013205,2026-05-17,Bronze,2023-04-04,52,Female,Pune,Engineer,Low,Online,Samsung,Smartphone,Galaxy S,2,86620,1,866,333,533,0,Festival,,,,,,,9,4
C0132,T013206,2026-06-06,Bronze,2023-04-04,52,Female,Pune,Engineer,Low,App,Sony,Audio,WH Headphones,1,65477,1,654,137,517,0,Purchase,,,,,,,16,25
C0132,T013207,2026-03-17,Bronze,2023-04-04,52,Female,Pune,Engineer,Low,Online,Sony,Audio,WH Headphones,1,39134,0,391,311,80,0,Festival,,,,,,,17,2
C0133,T013301,2026-01-16,Bronze,2020-10-18,55,Female,Bengaluru,CA,High,Online,Sony,TV,Bravia,1,28431,0,284,176,90,18,Purchase,,,,,,,11,17
C0133,T013302,2026-01-21,Bronze,2020-10-18,55,Female,Bengaluru,CA,High,Offline,Sony,Audio,WH Headphones,2,117814,0,1178,374,231,573,Purchase,,,,,,,20,26
C0133,T013303,2026-05-08,Bronze,2020-10-18,55,Female,Bengaluru,CA,High,Offline,Samsung,Audio,Galaxy Buds,1,28120,1,281,9,272,0,Festival,,,,,,,16,15
C0133,T013304,2026-04-27,Bronze,2020-10-18,55,Female,Bengaluru,CA,High,App,Sony,Gaming,PlayStation,1,30186,1,301,34,267,0,Purchase,,,,,,,9,11
C0133,T013305,2026-01-05,Bronze,2020-10-18,55,Female,Bengaluru,CA,High,Online,Apple,Smartphone,iPhone,2,84674,1,846,184,489,173,Referral,,,,,,,9,4
C0133,T013306,2026-02-05,Bronze,2020-10-18,55,Female,Bengaluru,CA,High,App,Sony,Audio,WH Headphones,1,56232,0,562,200,245,117,Birthday,,,,,,,3,26
C0133,T013307,2026-03-23,Bronze,2020-10-18,55,Female,Bengaluru,CA,High,Offline,Sony,TV,Bravia,2,164865,0,1648,326,1322,0,Purchase,,,,,,,2,12
C0134,T013401,2026-03-07,Silver,2021-03-16,39,Male,Ahmedabad,Doctor,Low,App,Apple,Smartphone,iPhone,1,42765,0,427,38,389,0,Festival,,,,,,,20,31
C0134,T013402,2026-02-21,Silver,2021-03-16,39,Male,Ahmedabad,Doctor,Low,Online,Samsung,Audio,Galaxy Buds,2,91954,1,919,357,512,50,Birthday,,,,,,,15,12
C0134,T013403,2026-03-14,Silver,2021-03-16,39,Male,Ahmedabad,Doctor,Low,Offline,Apple,Audio,AirPods,1,49109,1,491,41,450,0,Purchase,,,,,,,7,17
C0134,T013404,2026-04-01,Silver,2021-03-16,39,Male,Ahmedabad,Doctor,Low,Online,Bose,Audio,QC Headphones,1,72352,0,723,78,645,0,Referral,,,,,,,20,17
C0134,T013405,2026-06-15,Silver,2021-03-16,39,Male,Ahmedabad,Doctor,Low,Online,Apple,Smartphone,iPhone,1,154950,1,1549,904,645,0,Referral,,,,,,,1,30
C0134,T013406,2026-03-10,Silver,2021-03-16,39,Male,Ahmedabad,Doctor,Low,Offline,Apple,Smartphone,iPhone,2,57497,1,574,195,379,0,Birthday,,,,,,,1,33
C0134,T013407,2026-01-11,Silver,2021-03-16,39,Male,Ahmedabad,Doctor,Low,Offline,Apple,Watch,Apple Watch,1,120157,0,1201,158,600,443,Referral,,,,,,,14,3
C0134,T013408,2026-03-01,Silver,2021-03-16,39,Male,Ahmedabad,Doctor,Low,App,Apple,Smartphone,iPhone,1,113575,1,1135,183,577,375,Birthday,,,,,,,14,17
C0135,T013501,2026-05-04,Silver,2020-09-21,37,Female,Delhi,Doctor,Medium,Online,Apple,Watch,Apple Watch,1,88036,0,880,527,353,0,Referral,,,,,,,12,28
C0135,T013502,2026-03-10,Silver,2020-09-21,37,Female,Delhi,Doctor,Medium,Offline,Apple,Smartphone,iPhone,2,145447,0,1454,516,938,0,Referral,,,,,,,9,18
C0135,T013503,2026-05-29,Silver,2020-09-21,37,Female,Delhi,Doctor,Medium,Online,Apple,Watch,Apple Watch,1,82715,0,827,23,804,0,Referral,,,,,,,6,31
C0135,T013504,2026-06-18,Silver,2020-09-21,37,Female,Delhi,Doctor,Medium,App,Bose,Audio,QC Headphones,1,167227,0,1672,827,845,0,Purchase,,,,,,,18,4
C0135,T013505,2026-05-21,Silver,2020-09-21,37,Female,Delhi,Doctor,Medium,Online,Apple,Smartphone,iPhone,2,123446,1,1234,20,1214,0,Purchase,,,,,,,7,4
C0136,T013601,2026-05-21,Silver,2020-11-15,44,Male,Bengaluru,Business,Low,App,Google Nest,Security,Nest Cam,2,99106,0,991,281,710,0,Festival,,,,,,,9,31
C0136,T013602,2026-02-18,Silver,2020-11-15,44,Male,Bengaluru,Business,Low,Online,Google Nest,Security,Nest Cam,1,91127,0,911,47,559,305,Birthday,,,,,,,3,12
C0136,T013603,2026-02-19,Silver,2020-11-15,44,Male,Bengaluru,Business,Low,Offline,Google Nest,Security,Nest Cam,1,158270,0,1582,610,467,505,Referral,,,,,,,3,5
C0136,T013604,2026-03-11,Silver,2020-11-15,44,Male,Bengaluru,Business,Low,Offline,Google Nest,Smart Home,Nest Hub,2,169501,0,1695,1168,527,0,Referral,,,,,,,16,6
C0136,T013605,2026-06-24,Silver,2020-11-15,44,Male,Bengaluru,Business,Low,Offline,Apple,Audio,AirPods,2,103909,1,1039,584,455,0,Referral,,,,,,,12,5
C0136,T013606,2026-06-20,Silver,2020-11-15,44,Male,Bengaluru,Business,Low,App,Apple,Watch,Apple Watch,2,153219,0,1532,997,535,0,Festival,,,,,,,2,12
C0136,T013607,2026-05-24,Silver,2020-11-15,44,Male,Bengaluru,Business,Low,Offline,Samsung,Smartphone,Galaxy S,2,97049,0,970,378,592,0,Birthday,,,,,,,5,11
C0136,T013608,2026-03-15,Silver,2020-11-15,44,Male,Bengaluru,Business,Low,App,Google Nest,Smart Home,Nest Hub,1,141908,0,1419,770,649,0,Referral,,,,,,,15,21
C0136,T013609,2026-06-25,Silver,2020-11-15,44,Male,Bengaluru,Business,Low,Offline,Google Nest,Smart Home,Nest Hub,2,114853,1,1148,667,481,0,Referral,,,,,,,8,15
C0136,T013610,2026-01-25,Silver,2020-11-15,44,Male,Bengaluru,Business,Low,Online,Google Nest,Security,Nest Cam,2,47332,0,473,331,60,82,Festival,,,,,,,2,15
C0137,T013701,2026-03-28,Gold,2023-10-19,46,Female,Pune,Doctor,Medium,App,Samsung,TV,Smart TV,2,103191,1,1031,300,731,0,Referral,,,,,,,10,25
C0137,T013702,2026-06-21,Gold,2023-10-19,46,Female,Pune,Doctor,Medium,Online,Bose,Speaker,SoundLink,1,79468,1,794,616,178,0,Birthday,,,,,,,12,19
C0137,T013703,2026-03-24,Gold,2023-10-19,46,Female,Pune,Doctor,Medium,Offline,Samsung,Smartphone,Galaxy S,1,13932,0,139,52,87,0,Birthday,,,,,,,8,29
C0137,T013704,2026-03-22,Gold,2023-10-19,46,Female,Pune,Doctor,Medium,Offline,Samsung,TV,Smart TV,2,168570,1,1685,815,870,0,Purchase,,,,,,,15,33
C0137,T013705,2026-02-28,Gold,2023-10-19,46,Female,Pune,Doctor,Medium,App,Samsung,Smartphone,Galaxy S,2,118782,1,1187,55,635,497,Birthday,,,,,,,1,26
C0137,T013706,2026-04-07,Gold,2023-10-19,46,Female,Pune,Doctor,Medium,App,Bose,Audio,QC Headphones,1,32769,0,327,174,153,0,Festival,,,,,,,8,29
C0137,T013707,2026-06-27,Gold,2023-10-19,46,Female,Pune,Doctor,Medium,Offline,Samsung,TV,Smart TV,2,85315,0,853,449,404,0,Birthday,,,,,,,19,10
C0138,T013801,2026-04-29,Platinum,2021-11-09,23,Female,Ahmedabad,Engineer,Medium,Online,Google Nest,Smart Home,Nest Hub,1,154634,0,1546,642,904,0,Birthday,,,,,,,6,28
C0138,T013802,2026-05-14,Platinum,2021-11-09,23,Female,Ahmedabad,Engineer,Medium,Offline,Google Nest,Smart Home,Nest Hub,1,15244,1,152,57,95,0,Birthday,,,,,,,6,18
C0138,T013803,2026-03-18,Platinum,2021-11-09,23,Female,Ahmedabad,Engineer,Medium,Offline,Google Nest,Smart Home,Nest Hub,1,106754,0,1067,438,629,0,Festival,,,,,,,12,28
C0138,T013804,2026-01-31,Platinum,2021-11-09,23,Female,Ahmedabad,Engineer,Medium,App,Google Nest,Smart Home,Nest Hub,2,179338,1,1793,867,838,88,Birthday,,,,,,,10,18
C0138,T013805,2026-06-26,Platinum,2021-11-09,23,Female,Ahmedabad,Engineer,Medium,App,Bose,Speaker,SoundLink,2,64649,0,646,204,442,0,Festival,,,,,,,20,25
C0139,T013901,2026-05-04,Bronze,2025-05-08,46,Male,Hyderabad,CA,Low,App,Apple,Audio,AirPods,2,110328,1,1103,504,599,0,Referral,,,,,,,19,13
C0139,T013902,2026-01-08,Bronze,2025-05-08,46,Male,Hyderabad,CA,Low,App,Apple,Audio,AirPods,1,107652,1,1076,173,7,896,Referral,,,,,,,11,33
C0139,T013903,2026-03-09,Bronze,2025-05-08,46,Male,Hyderabad,CA,Low,App,Apple,Audio,AirPods,2,150086,1,1500,97,1403,0,Birthday,,,,,,,13,4
C0139,T013904,2026-03-09,Bronze,2025-05-08,46,Male,Hyderabad,CA,Low,App,Bose,Speaker,SoundLink,1,55579,0,555,225,330,0,Referral,,,,,,,2,18
C0139,T013905,2026-02-12,Bronze,2025-05-08,46,Male,Hyderabad,CA,Low,Online,Apple,Watch,Apple Watch,1,113628,0,1136,659,217,260,Festival,,,,,,,14,30
C0139,T013906,2026-02-06,Bronze,2025-05-08,46,Male,Hyderabad,CA,Low,Online,Apple,Smartphone,iPhone,1,53384,0,533,159,312,62,Purchase,,,,,,,8,8
C0140,T014001,2026-04-27,Platinum,2024-10-02,48,Male,Ahmedabad,Manager,Low,Offline,Google Nest,Security,Nest Cam,2,90351,1,903,616,287,0,Referral,,,,,,,10,11
C0140,T014002,2026-01-16,Platinum,2024-10-02,48,Male,Ahmedabad,Manager,Low,App,Google Nest,Smart Home,Nest Hub,1,157276,0,1572,721,170,681,Purchase,,,,,,,8,34
C0140,T014003,2026-05-02,Platinum,2024-10-02,48,Male,Ahmedabad,Manager,Low,App,Google Nest,Smart Home,Nest Hub,2,86636,0,866,372,494,0,Purchase,,,,,,,15,2
C0140,T014004,2026-01-16,Platinum,2024-10-02,48,Male,Ahmedabad,Manager,Low,Offline,Google Nest,Security,Nest Cam,2,32725,1,327,196,119,12,Purchase,,,,,,,12,14
C0140,T014005,2026-01-05,Platinum,2024-10-02,48,Male,Ahmedabad,Manager,Low,App,Google Nest,Smart Home,Nest Hub,1,100488,0,1004,398,243,363,Purchase,,,,,,,1,15
C0140,T014006,2026-05-08,Platinum,2024-10-02,48,Male,Ahmedabad,Manager,Low,Offline,Google Nest,Smart Home,Nest Hub,2,30478,0,304,24,280,0,Festival,,,,,,,5,18
C0140,T014007,2026-02-01,Platinum,2024-10-02,48,Male,Ahmedabad,Manager,Low,Offline,Google Nest,Security,Nest Cam,2,168630,0,1686,1282,56,348,Festival,,,,,,,2,9
C0140,T014008,2026-06-22,Platinum,2024-10-02,48,Male,Ahmedabad,Manager,Low,Offline,Google Nest,Smart Home,Nest Hub,2,171825,1,1718,940,778,0,Purchase,,,,,,,3,3
C0140,T014009,2026-06-15,Platinum,2024-10-02,48,Male,Ahmedabad,Manager,Low,Offline,Google Nest,Smart Home,Nest Hub,1,165136,1,1651,610,1041,0,Festival,,,,,,,14,10
C0140,T014010,2026-03-11,Platinum,2024-10-02,48,Male,Ahmedabad,Manager,Low,Online,Google Nest,Smart Home,Nest Hub,1,115621,1,1156,159,997,0,Referral,,,,,,,2,18
C0141,T014101,2026-03-14,Gold,2021-04-11,28,Male,Delhi,CA,Medium,App,Bose,Audio,QC Headphones,1,168974,0,1689,920,769,0,Referral,,,,,,,17,12
C0141,T014102,2026-05-01,Gold,2021-04-11,28,Male,Delhi,CA,Medium,Offline,Bose,Speaker,SoundLink,1,108142,1,1081,596,485,0,Festival,,,,,,,14,25
C0141,T014103,2026-06-26,Gold,2021-04-11,28,Male,Delhi,CA,Medium,Offline,Bose,Speaker,SoundLink,1,82855,1,828,68,760,0,Referral,,,,,,,16,12
C0141,T014104,2026-04-13,Gold,2021-04-11,28,Male,Delhi,CA,Medium,App,Bose,Speaker,SoundLink,2,134527,1,1345,672,673,0,Referral,,,,,,,10,5
C0141,T014105,2026-02-23,Gold,2021-04-11,28,Male,Delhi,CA,Medium,Online,Google Nest,Smart Home,Nest Hub,1,50527,1,505,45,240,220,Birthday,,,,,,,15,17
C0141,T014106,2026-06-29,Gold,2021-04-11,28,Male,Delhi,CA,Medium,App,Bose,Speaker,SoundLink,1,111701,0,1117,484,633,0,Birthday,,,,,,,11,16
C0141,T014107,2026-06-29,Gold,2021-04-11,28,Male,Delhi,CA,Medium,Online,Bose,Audio,QC Headphones,2,67287,1,672,283,389,0,Festival,,,,,,,14,18
C0141,T014108,2026-01-05,Gold,2021-04-11,28,Male,Delhi,CA,Medium,Online,Bose,Audio,QC Headphones,1,72438,0,724,462,107,155,Purchase,,,,,,,2,2
C0142,T014201,2026-04-19,Silver,2024-04-11,32,Male,Hyderabad,Engineer,High,App,Google Nest,Security,Nest Cam,1,79163,0,791,72,719,0,Festival,,,,,,,18,32
C0142,T014202,2026-01-24,Silver,2024-04-11,32,Male,Hyderabad,Engineer,High,Offline,Samsung,Smartphone,Galaxy S,1,153375,1,1533,842,144,547,Referral,,,,,,,9,11
C0142,T014203,2026-06-29,Silver,2024-04-11,32,Male,Hyderabad,Engineer,High,Online,Sony,Gaming,PlayStation,2,32356,0,323,125,198,0,Referral,,,,,,,11,31
C0142,T014204,2026-04-05,Silver,2024-04-11,32,Male,Hyderabad,Engineer,High,App,Samsung,Audio,Galaxy Buds,1,86960,0,869,624,245,0,Birthday,,,,,,,8,7
C0143,T014301,2026-01-14,Platinum,2020-11-08,35,Male,Bengaluru,Doctor,Low,Online,Google Nest,Security,Nest Cam,2,10552,1,105,24,70,11,Festival,,,,,,,14,14
C0143,T014302,2026-01-13,Platinum,2020-11-08,35,Male,Bengaluru,Doctor,Low,Online,Samsung,Audio,Galaxy Buds,1,141808,1,1418,37,290,1091,Purchase,,,,,,,3,31
C0143,T014303,2026-02-23,Platinum,2020-11-08,35,Male,Bengaluru,Doctor,Low,Online,Sony,Gaming,PlayStation,1,77319,1,773,106,502,165,Referral,,,,,,,12,31
C0143,T014304,2026-05-11,Platinum,2020-11-08,35,Male,Bengaluru,Doctor,Low,Offline,Samsung,Audio,Galaxy Buds,2,54275,0,542,407,135,0,Purchase,,,,,,,20,16
C0143,T014305,2026-02-09,Platinum,2020-11-08,35,Male,Bengaluru,Doctor,Low,Online,Samsung,TV,Smart TV,2,102389,0,1023,160,433,430,Purchase,,,,,,,8,19
C0143,T014306,2026-04-27,Platinum,2020-11-08,35,Male,Bengaluru,Doctor,Low,Offline,Bose,Audio,QC Headphones,2,23204,1,232,85,147,0,Festival,,,,,,,3,8
C0143,T014307,2026-01-19,Platinum,2020-11-08,35,Male,Bengaluru,Doctor,Low,Online,Samsung,TV,Smart TV,2,19836,0,198,38,139,21,Referral,,,,,,,13,13
C0143,T014308,2026-04-07,Platinum,2020-11-08,35,Male,Bengaluru,Doctor,Low,Offline,Samsung,Smartphone,Galaxy S,1,53914,1,539,332,207,0,Festival,,,,,,,14,7
C0144,T014401,2026-06-02,Gold,2021-05-13,23,Female,Ahmedabad,Manager,High,Online,Bose,Audio,QC Headphones,1,105616,0,1056,546,510,0,Festival,,,,,,,3,7
C0144,T014402,2026-02-11,Gold,2021-05-13,23,Female,Ahmedabad,Manager,High,App,Bose,Audio,QC Headphones,2,28218,0,282,43,1,238,Referral,,,,,,,13,15
C0144,T014403,2026-04-24,Gold,2021-05-13,23,Female,Ahmedabad,Manager,High,Offline,Bose,Speaker,SoundLink,1,13357,1,133,95,38,0,Festival,,,,,,,7,15
C0144,T014404,2026-05-17,Gold,2021-05-13,23,Female,Ahmedabad,Manager,High,Offline,Bose,Speaker,SoundLink,2,136581,0,1365,1052,313,0,Referral,,,,,,,6,5
C0144,T014405,2026-02-27,Gold,2021-05-13,23,Female,Ahmedabad,Manager,High,Offline,Samsung,Smartphone,Galaxy S,2,146080,1,1460,925,94,441,Festival,,,,,,,12,24
C0144,T014406,2026-03-25,Gold,2021-05-13,23,Female,Ahmedabad,Manager,High,Offline,Google Nest,Security,Nest Cam,1,109283,1,1092,271,821,0,Referral,,,,,,,4,10
C0144,T014407,2026-05-06,Gold,2021-05-13,23,Female,Ahmedabad,Manager,High,App,Bose,Speaker,SoundLink,1,63485,1,634,471,163,0,Birthday,,,,,,,3,5
C0144,T014408,2026-01-21,Gold,2021-05-13,23,Female,Ahmedabad,Manager,High,Online,Bose,Audio,QC Headphones,1,83588,0,835,23,667,145,Birthday,,,,,,,4,27
C0144,T014409,2026-04-05,Gold,2021-05-13,23,Female,Ahmedabad,Manager,High,Offline,Bose,Audio,QC Headphones,1,82008,1,820,541,279,0,Festival,,,,,,,19,6
C0145,T014501,2026-05-05,Bronze,2023-09-10,33,Female,Delhi,Doctor,High,App,Google Nest,Security,Nest Cam,1,118121,0,1181,771,410,0,Festival,,,,,,,6,4
C0145,T014502,2026-02-28,Bronze,2023-09-10,33,Female,Delhi,Doctor,High,Online,Google Nest,Smart Home,Nest Hub,2,150810,0,1508,337,225,946,Festival,,,,,,,10,31
C0145,T014503,2026-05-09,Bronze,2023-09-10,33,Female,Delhi,Doctor,High,Offline,Google Nest,Smart Home,Nest Hub,2,160574,1,1605,636,969,0,Festival,,,,,,,7,15
C0145,T014504,2026-01-17,Bronze,2023-09-10,33,Female,Delhi,Doctor,High,Offline,Google Nest,Security,Nest Cam,2,166736,0,1667,1002,470,195,Festival,,,,,,,12,32
C0145,T014505,2026-05-04,Bronze,2023-09-10,33,Female,Delhi,Doctor,High,App,Google Nest,Smart Home,Nest Hub,1,145580,1,1455,69,1386,0,Purchase,,,,,,,5,34
C0145,T014506,2026-02-05,Bronze,2023-09-10,33,Female,Delhi,Doctor,High,Online,Bose,Audio,QC Headphones,1,67256,0,672,455,160,57,Festival,,,,,,,19,3
C0145,T014507,2026-03-15,Bronze,2023-09-10,33,Female,Delhi,Doctor,High,Offline,Google Nest,Smart Home,Nest Hub,1,125456,1,1254,342,912,0,Festival,,,,,,,10,8
C0145,T014508,2026-05-27,Bronze,2023-09-10,33,Female,Delhi,Doctor,High,Offline,Google Nest,Security,Nest Cam,1,122963,0,1229,143,1086,0,Purchase,,,,,,,16,27
C0145,T014509,2026-02-08,Bronze,2023-09-10,33,Female,Delhi,Doctor,High,App,Google Nest,Security,Nest Cam,1,36932,1,369,257,89,23,Purchase,,,,,,,7,22
C0145,T014510,2026-01-28,Bronze,2023-09-10,33,Female,Delhi,Doctor,High,App,Google Nest,Smart Home,Nest Hub,2,11462,0,114,22,27,65,Birthday,,,,,,,8,7
C0146,T014601,2026-05-25,Silver,2023-03-12,52,Male,Hyderabad,Doctor,Low,App,Apple,Watch,Apple Watch,2,42566,1,425,259,166,0,Purchase,,,,,,,16,2
C0146,T014602,2026-02-20,Silver,2023-03-12,52,Male,Hyderabad,Doctor,Low,Online,Google Nest,Security,Nest Cam,1,135029,0,1350,1065,123,162,Birthday,,,,,,,5,21
C0146,T014603,2026-01-25,Silver,2023-03-12,52,Male,Hyderabad,Doctor,Low,Offline,Apple,Watch,Apple Watch,1,135635,0,1356,948,41,367,Referral,,,,,,,4,32
C0146,T014604,2026-06-03,Silver,2023-03-12,52,Male,Hyderabad,Doctor,Low,App,Apple,Audio,AirPods,2,123556,0,1235,660,575,0,Referral,,,,,,,14,5
C0146,T014605,2026-01-30,Silver,2023-03-12,52,Male,Hyderabad,Doctor,Low,App,Samsung,TV,Smart TV,1,8068,0,80,1,70,9,Festival,,,,,,,3,17
C0146,T014606,2026-06-07,Silver,2023-03-12,52,Male,Hyderabad,Doctor,Low,Online,Apple,Watch,Apple Watch,1,131422,1,1314,754,560,0,Festival,,,,,,,16,13
C0146,T014607,2026-06-11,Silver,2023-03-12,52,Male,Hyderabad,Doctor,Low,Offline,Apple,Audio,AirPods,1,73457,0,734,529,205,0,Birthday,,,,,,,15,26
C0147,T014701,2026-02-24,Gold,2025-02-09,46,Male,Bengaluru,Student,Low,Online,Bose,Audio,QC Headphones,1,157109,1,1571,971,359,241,Birthday,,,,,,,20,34
C0147,T014702,2026-01-22,Gold,2025-02-09,46,Male,Bengaluru,Student,Low,Online,Bose,Audio,QC Headphones,2,12250,0,122,11,29,82,Festival,,,,,,,18,30
C0147,T014703,2026-01-24,Gold,2025-02-09,46,Male,Bengaluru,Student,Low,Offline,Bose,Audio,QC Headphones,2,82795,1,827,393,312,122,Birthday,,,,,,,14,21
C0147,T014704,2026-07-03,Gold,2025-02-09,46,Male,Bengaluru,Student,Low,Offline,Apple,Audio,AirPods,2,81839,1,818,144,674,0,Festival,,,,,,,12,33
C0147,T014705,2026-06-29,Gold,2025-02-09,46,Male,Bengaluru,Student,Low,Online,Samsung,TV,Smart TV,1,36443,0,364,39,325,0,Purchase,,,,,,,3,28
C0147,T014706,2026-05-31,Gold,2025-02-09,46,Male,Bengaluru,Student,Low,App,Bose,Audio,QC Headphones,1,155633,1,1556,506,1050,0,Birthday,,,,,,,8,33
C0147,T014707,2026-04-09,Gold,2025-02-09,46,Male,Bengaluru,Student,Low,Offline,Bose,Audio,QC Headphones,2,29141,1,291,24,267,0,Birthday,,,,,,,12,13
C0148,T014801,2026-03-15,Gold,2019-12-24,23,Female,Pune,CA,Medium,App,Samsung,Audio,Galaxy Buds,1,57859,1,578,139,439,0,Birthday,,,,,,,10,23
C0148,T014802,2026-06-23,Gold,2019-12-24,23,Female,Pune,CA,Medium,App,Samsung,TV,Smart TV,2,176451,0,1764,1212,552,0,Purchase,,,,,,,11,16
C0148,T014803,2026-05-13,Gold,2019-12-24,23,Female,Pune,CA,Medium,Online,Sony,TV,Bravia,1,5962,1,59,1,58,0,Festival,,,,,,,12,18
C0148,T014804,2026-05-15,Gold,2019-12-24,23,Female,Pune,CA,Medium,Offline,Samsung,Audio,Galaxy Buds,2,175967,1,1759,121,1638,0,Birthday,,,,,,,6,34
C0148,T014805,2026-04-03,Gold,2019-12-24,23,Female,Pune,CA,Medium,App,Samsung,Smartphone,Galaxy S,2,166464,1,1664,617,1047,0,Festival,,,,,,,8,23
C0148,T014806,2026-03-05,Gold,2019-12-24,23,Female,Pune,CA,Medium,App,Apple,Smartphone,iPhone,1,95239,0,952,748,204,0,Birthday,,,,,,,12,17
C0148,T014807,2026-01-18,Gold,2019-12-24,23,Female,Pune,CA,Medium,App,Apple,Audio,AirPods,2,81558,0,815,549,65,201,Referral,,,,,,,13,4
C0149,T014901,2026-01-20,Silver,2020-02-08,29,Male,Delhi,Doctor,Medium,Online,Sony,Gaming,PlayStation,2,29807,0,298,173,74,51,Birthday,,,,,,,9,9
C0149,T014902,2026-07-03,Silver,2020-02-08,29,Male,Delhi,Doctor,Medium,Online,Sony,Audio,WH Headphones,2,50223,1,502,333,169,0,Referral,,,,,,,14,7
C0149,T014903,2026-02-02,Silver,2020-02-08,29,Male,Delhi,Doctor,Medium,Online,Sony,Gaming,PlayStation,1,52165,0,521,314,6,201,Purchase,,,,,,,5,18
C0149,T014904,2026-06-28,Silver,2020-02-08,29,Male,Delhi,Doctor,Medium,Offline,Samsung,TV,Smart TV,1,164358,0,1643,472,1171,0,Purchase,,,,,,,17,22
C0149,T014905,2026-05-13,Silver,2020-02-08,29,Male,Delhi,Doctor,Medium,Offline,Sony,Audio,WH Headphones,1,147903,1,1479,62,1417,0,Festival,,,,,,,11,8
C0149,T014906,2026-04-26,Silver,2020-02-08,29,Male,Delhi,Doctor,Medium,Offline,Sony,Audio,WH Headphones,2,150920,0,1509,967,542,0,Festival,,,,,,,8,19
C0149,T014907,2026-06-01,Silver,2020-02-08,29,Male,Delhi,Doctor,Medium,Offline,Google Nest,Smart Home,Nest Hub,2,84630,1,846,450,396,0,Festival,,,,,,,13,30
C0149,T014908,2026-05-02,Silver,2020-02-08,29,Male,Delhi,Doctor,Medium,App,Sony,Audio,WH Headphones,1,109627,1,1096,826,270,0,Referral,,,,,,,8,2
C0150,T015001,2026-05-29,Bronze,2023-04-25,28,Male,Delhi,Business,Low,App,Google Nest,Security,Nest Cam,1,139177,0,1391,693,698,0,Festival,,,,,,,13,11
C0150,T015002,2026-06-22,Bronze,2023-04-25,28,Male,Delhi,Business,Low,App,Apple,Smartphone,iPhone,1,101226,0,1012,773,239,0,Festival,,,,,,,11,11
C0150,T015003,2026-05-06,Bronze,2023-04-25,28,Male,Delhi,Business,Low,Offline,Google Nest,Security,Nest Cam,2,55151,1,551,235,316,0,Purchase,,,,,,,6,23
C0150,T015004,2026-01-29,Bronze,2023-04-25,28,Male,Delhi,Business,Low,App,Bose,Speaker,SoundLink,2,81875,0,818,228,363,227,Referral,,,,,,,15,3
C0150,T015005,2026-03-26,Bronze,2023-04-25,28,Male,Delhi,Business,Low,Offline,Google Nest,Security,Nest Cam,2,42616,0,426,269,157,0,Purchase,,,,,,,2,13
C0150,T015006,2026-06-02,Bronze,2023-04-25,28,Male,Delhi,Business,Low,Online,Google Nest,Smart Home,Nest Hub,2,161752,1,1617,793,824,0,Festival,,,,,,,6,29
C0151,T015101,2026-06-03,Silver,2024-07-19,24,Female,Ahmedabad,Student,Medium,App,Sony,TV,Bravia,1,90609,1,906,206,700,0,Purchase,,,,,,,15,7
C0151,T015102,2026-04-16,Silver,2024-07-19,24,Female,Ahmedabad,Student,Medium,App,Samsung,TV,Smart TV,1,113007,1,1130,483,647,0,Referral,,,,,,,4,7
C0151,T015103,2026-01-09,Silver,2024-07-19,24,Female,Ahmedabad,Student,Medium,Online,Sony,TV,Bravia,2,20661,1,206,15,18,173,Festival,,,,,,,15,17
C0151,T015104,2026-01-04,Silver,2024-07-19,24,Female,Ahmedabad,Student,Medium,App,Sony,TV,Bravia,1,24262,0,242,53,112,77,Festival,,,,,,,18,30
C0151,T015105,2026-02-18,Silver,2024-07-19,24,Female,Ahmedabad,Student,Medium,Offline,Sony,Gaming,PlayStation,1,114397,0,1143,52,23,1068,Referral,,,,,,,19,22
C0151,T015106,2026-05-28,Silver,2024-07-19,24,Female,Ahmedabad,Student,Medium,Offline,Sony,Audio,WH Headphones,2,18630,0,186,15,171,0,Referral,,,,,,,16,33
C0151,T015107,2026-04-24,Silver,2024-07-19,24,Female,Ahmedabad,Student,Medium,App,Sony,Audio,WH Headphones,2,44250,0,442,347,95,0,Festival,,,,,,,1,8
C0151,T015108,2026-05-07,Silver,2024-07-19,24,Female,Ahmedabad,Student,Medium,App,Sony,TV,Bravia,1,86066,1,860,240,620,0,Festival,,,,,,,10,24
C0152,T015201,2026-04-01,Gold,2025-04-24,59,Female,Mumbai,Student,Medium,App,Google Nest,Security,Nest Cam,1,67176,0,671,136,535,0,Birthday,,,,,,,19,2
C0152,T015202,2026-04-29,Gold,2025-04-24,59,Female,Mumbai,Student,Medium,App,Bose,Speaker,SoundLink,2,128341,1,1283,809,474,0,Birthday,,,,,,,6,18
C0152,T015203,2026-03-23,Gold,2025-04-24,59,Female,Mumbai,Student,Medium,Online,Samsung,Smartphone,Galaxy S,1,70409,0,704,51,653,0,Purchase,,,,,,,4,34
C0152,T015204,2026-06-14,Gold,2025-04-24,59,Female,Mumbai,Student,Medium,App,Sony,Gaming,PlayStation,1,149697,1,1496,961,535,0,Purchase,,,,,,,4,34
C0152,T015205,2026-02-04,Gold,2025-04-24,59,Female,Mumbai,Student,Medium,App,Sony,Audio,WH Headphones,2,160070,0,1600,756,279,565,Festival,,,,,,,20,11
C0152,T015206,2026-02-19,Gold,2025-04-24,59,Female,Mumbai,Student,Medium,App,Sony,Gaming,PlayStation,2,59292,1,592,209,86,297,Birthday,,,,,,,11,29
C0152,T015207,2026-04-09,Gold,2025-04-24,59,Female,Mumbai,Student,Medium,App,Sony,Audio,WH Headphones,2,32000,0,320,90,230,0,Festival,,,,,,,13,16
C0153,T015301,2026-04-23,Gold,2023-04-15,43,Female,Ahmedabad,Student,Low,App,Sony,Gaming,PlayStation,2,70941,0,709,476,233,0,Referral,,,,,,,14,18
C0153,T015302,2026-04-28,Gold,2023-04-15,43,Female,Ahmedabad,Student,Low,App,Google Nest,Security,Nest Cam,1,42513,1,425,134,291,0,Festival,,,,,,,9,32
C0153,T015303,2026-06-12,Gold,2023-04-15,43,Female,Ahmedabad,Student,Low,App,Google Nest,Smart Home,Nest Hub,1,133111,1,1331,445,886,0,Purchase,,,,,,,13,18
C0153,T015304,2026-04-22,Gold,2023-04-15,43,Female,Ahmedabad,Student,Low,App,Google Nest,Smart Home,Nest Hub,2,55202,1,552,376,176,0,Festival,,,,,,,5,9
C0153,T015305,2026-05-06,Gold,2023-04-15,43,Female,Ahmedabad,Student,Low,Offline,Google Nest,Smart Home,Nest Hub,2,55077,0,550,267,283,0,Purchase,,,,,,,4,9
C0154,T015401,2026-02-12,Bronze,2021-04-26,56,Male,Delhi,Doctor,Low,App,Samsung,TV,Smart TV,2,84269,0,842,261,497,84,Purchase,,,,,,,6,13
C0154,T015402,2026-06-20,Bronze,2021-04-26,56,Male,Delhi,Doctor,Low,Offline,Samsung,Audio,Galaxy Buds,1,41434,0,414,181,233,0,Birthday,,,,,,,10,27
C0154,T015403,2026-03-14,Bronze,2021-04-26,56,Male,Delhi,Doctor,Low,Offline,Samsung,TV,Smart TV,1,6421,0,64,22,42,0,Purchase,,,,,,,17,28
C0154,T015404,2026-04-30,Bronze,2021-04-26,56,Male,Delhi,Doctor,Low,Online,Sony,TV,Bravia,2,39125,1,391,114,277,0,Festival,,,,,,,17,28
C0155,T015501,2026-06-02,Platinum,2023-01-07,34,Female,Delhi,Doctor,Low,App,Apple,Audio,AirPods,1,133910,1,1339,1050,289,0,Purchase,,,,,,,10,30
C0155,T015502,2026-06-03,Platinum,2023-01-07,34,Female,Delhi,Doctor,Low,App,Apple,Watch,Apple Watch,2,156384,0,1563,1067,496,0,Festival,,,,,,,10,9
C0155,T015503,2026-05-20,Platinum,2023-01-07,34,Female,Delhi,Doctor,Low,Offline,Sony,TV,Bravia,2,118112,0,1181,222,959,0,Festival,,,,,,,16,32
C0155,T015504,2026-06-05,Platinum,2023-01-07,34,Female,Delhi,Doctor,Low,Online,Google Nest,Security,Nest Cam,1,112278,0,1122,273,849,0,Festival,,,,,,,17,27
C0155,T015505,2026-03-05,Platinum,2023-01-07,34,Female,Delhi,Doctor,Low,Online,Google Nest,Smart Home,Nest Hub,2,162155,0,1621,822,799,0,Birthday,,,,,,,14,15
C0155,T015506,2026-02-17,Platinum,2023-01-07,34,Female,Delhi,Doctor,Low,Offline,Apple,Audio,AirPods,1,130761,1,1307,431,834,42,Festival,,,,,,,14,3
C0156,T015601,2026-04-07,Silver,2022-01-15,23,Male,Ahmedabad,Student,Low,Online,Apple,Watch,Apple Watch,1,51192,0,511,118,393,0,Purchase,,,,,,,15,20
C0156,T015602,2026-05-07,Silver,2022-01-15,23,Male,Ahmedabad,Student,Low,Offline,Bose,Speaker,SoundLink,2,126006,0,1260,534,726,0,Referral,,,,,,,16,23
C0156,T015603,2026-04-07,Silver,2022-01-15,23,Male,Ahmedabad,Student,Low,Offline,Apple,Watch,Apple Watch,2,143192,0,1431,812,619,0,Purchase,,,,,,,1,33
C0156,T015604,2026-04-20,Silver,2022-01-15,23,Male,Ahmedabad,Student,Low,Offline,Apple,Audio,AirPods,2,19876,0,198,40,158,0,Purchase,,,,,,,2,27
C0156,T015605,2026-01-13,Silver,2022-01-15,23,Male,Ahmedabad,Student,Low,Offline,Sony,Audio,WH Headphones,1,138608,1,1386,587,623,176,Referral,,,,,,,20,4
C0156,T015606,2026-04-16,Silver,2022-01-15,23,Male,Ahmedabad,Student,Low,App,Apple,Smartphone,iPhone,2,123004,1,1230,966,264,0,Birthday,,,,,,,7,14
C0157,T015701,2026-03-07,Bronze,2025-03-12,29,Female,Mumbai,CA,Low,App,Sony,Audio,WH Headphones,2,158612,1,1586,853,733,0,Festival,,,,,,,4,29
C0157,T015702,2026-06-28,Bronze,2025-03-12,29,Female,Mumbai,CA,Low,Offline,Apple,Audio,AirPods,1,31839,1,318,126,192,0,Purchase,,,,,,,17,2
C0157,T015703,2026-05-21,Bronze,2025-03-12,29,Female,Mumbai,CA,Low,Online,Sony,TV,Bravia,2,79805,1,798,328,470,0,Referral,,,,,,,8,28
C0157,T015704,2026-03-06,Bronze,2025-03-12,29,Female,Mumbai,CA,Low,App,Sony,Gaming,PlayStation,2,91134,1,911,625,286,0,Referral,,,,,,,18,21
C0157,T015705,2026-06-12,Bronze,2025-03-12,29,Female,Mumbai,CA,Low,App,Sony,Audio,WH Headphones,1,99484,0,994,540,454,0,Birthday,,,,,,,1,33
C0157,T015706,2026-04-10,Bronze,2025-03-12,29,Female,Mumbai,CA,Low,Online,Sony,Gaming,PlayStation,2,16206,1,162,33,129,0,Festival,,,,,,,13,5
C0157,T015707,2026-02-02,Bronze,2025-03-12,29,Female,Mumbai,CA,Low,Online,Sony,Audio,WH Headphones,2,97092,1,970,440,192,338,Birthday,,,,,,,6,13
C0158,T015801,2026-01-11,Gold,2021-11-13,26,Female,Delhi,CA,High,Offline,Samsung,Smartphone,Galaxy S,2,100763,0,1007,493,71,443,Purchase,,,,,,,10,27
C0158,T015802,2026-02-23,Gold,2021-11-13,26,Female,Delhi,CA,High,Online,Samsung,Smartphone,Galaxy S,2,166984,1,1669,810,817,42,Referral,,,,,,,2,25
C0158,T015803,2026-02-07,Gold,2021-11-13,26,Female,Delhi,CA,High,App,Samsung,Smartphone,Galaxy S,2,11095,1,110,16,14,80,Birthday,,,,,,,16,30
C0158,T015804,2026-05-11,Gold,2021-11-13,26,Female,Delhi,CA,High,Online,Samsung,Audio,Galaxy Buds,2,69335,0,693,419,274,0,Festival,,,,,,,5,8
C0158,T015805,2026-06-26,Gold,2021-11-13,26,Female,Delhi,CA,High,Online,Samsung,Audio,Galaxy Buds,2,27555,1,275,216,59,0,Referral,,,,,,,15,20
C0158,T015806,2026-07-03,Gold,2021-11-13,26,Female,Delhi,CA,High,Offline,Samsung,Audio,Galaxy Buds,1,123983,1,1239,104,1135,0,Referral,,,,,,,2,25
C0158,T015807,2026-03-15,Gold,2021-11-13,26,Female,Delhi,CA,High,Online,Samsung,TV,Smart TV,1,151784,0,1517,1014,503,0,Purchase,,,,,,,11,12
C0159,T015901,2026-04-25,Gold,2019-10-23,56,Male,Bengaluru,Manager,Medium,App,Samsung,Audio,Galaxy Buds,2,35505,0,355,143,212,0,Festival,,,,,,,6,7
C0159,T015902,2026-04-04,Gold,2019-10-23,56,Male,Bengaluru,Manager,Medium,App,Sony,Audio,WH Headphones,2,92191,0,921,516,405,0,Birthday,,,,,,,13,12
C0159,T015903,2026-07-01,Gold,2019-10-23,56,Male,Bengaluru,Manager,Medium,App,Sony,Audio,WH Headphones,2,56532,0,565,154,411,0,Referral,,,,,,,5,9
C0159,T015904,2026-01-26,Gold,2019-10-23,56,Male,Bengaluru,Manager,Medium,App,Sony,Gaming,PlayStation,1,102376,0,1023,434,400,189,Festival,,,,,,,5,3
C0160,T016001,2026-01-04,Gold,2024-09-01,57,Male,Pune,Engineer,Low,Online,Apple,Audio,AirPods,2,16928,1,169,127,42,0,Festival,,,,,,,7,33
C0160,T016002,2026-05-18,Gold,2024-09-01,57,Male,Pune,Engineer,Low,Online,Apple,Audio,AirPods,1,177771,0,1777,379,1398,0,Festival,,,,,,,18,28
C0160,T016003,2026-02-06,Gold,2024-09-01,57,Male,Pune,Engineer,Low,App,Sony,TV,Bravia,1,145596,0,1455,1014,306,135,Referral,,,,,,,1,3
C0160,T016004,2026-04-09,Gold,2024-09-01,57,Male,Pune,Engineer,Low,Offline,Apple,Watch,Apple Watch,2,95573,1,955,188,767,0,Festival,,,,,,,20,16
C0160,T016005,2026-05-04,Gold,2024-09-01,57,Male,Pune,Engineer,Low,Online,Sony,TV,Bravia,1,123469,1,1234,652,582,0,Festival,,,,,,,12,5
C0160,T016006,2026-06-07,Gold,2024-09-01,57,Male,Pune,Engineer,Low,Offline,Apple,Watch,Apple Watch,1,18861,1,188,69,119,0,Birthday,,,,,,,12,15
C0160,T016007,2026-03-20,Gold,2024-09-01,57,Male,Pune,Engineer,Low,App,Apple,Audio,AirPods,1,72872,0,728,354,374,0,Birthday,,,,,,,16,24
C0160,T016008,2026-03-31,Gold,2024-09-01,57,Male,Pune,Engineer,Low,App,Samsung,Audio,Galaxy Buds,1,43387,0,433,71,362,0,Referral,,,,,,,6,12
C0160,T016009,2026-06-18,Gold,2024-09-01,57,Male,Pune,Engineer,Low,App,Samsung,Smartphone,Galaxy S,1,87406,0,874,144,730,0,Purchase,,,,,,,7,10
C0161,T016101,2026-07-03,Platinum,2020-08-04,25,Male,Mumbai,Engineer,Medium,App,Google Nest,Smart Home,Nest Hub,2,175054,0,1750,527,1223,0,Referral,,,,,,,16,34
C0161,T016102,2026-05-23,Platinum,2020-08-04,25,Male,Mumbai,Engineer,Medium,Online,Google Nest,Security,Nest Cam,1,94586,0,945,437,508,0,Referral,,,,,,,14,17
C0161,T016103,2026-05-11,Platinum,2020-08-04,25,Male,Mumbai,Engineer,Medium,Online,Google Nest,Smart Home,Nest Hub,2,105591,0,1055,234,821,0,Purchase,,,,,,,8,25
C0161,T016104,2026-06-21,Platinum,2020-08-04,25,Male,Mumbai,Engineer,Medium,Offline,Google Nest,Security,Nest Cam,1,179943,1,1799,907,892,0,Referral,,,,,,,5,12
C0162,T016201,2026-06-04,Platinum,2020-06-28,41,Female,Ahmedabad,CA,Low,Offline,Samsung,TV,Smart TV,1,41994,1,419,19,400,0,Birthday,,,,,,,15,32
C0162,T016202,2026-02-19,Platinum,2020-06-28,41,Female,Ahmedabad,CA,Low,Online,Samsung,Smartphone,Galaxy S,1,151367,1,1513,281,372,860,Festival,,,,,,,8,35
C0162,T016203,2026-03-24,Platinum,2020-06-28,41,Female,Ahmedabad,CA,Low,App,Samsung,Smartphone,Galaxy S,2,107564,0,1075,629,446,0,Referral,,,,,,,1,2
C0162,T016204,2026-03-20,Platinum,2020-06-28,41,Female,Ahmedabad,CA,Low,Offline,Apple,Smartphone,iPhone,2,65638,1,656,49,607,0,Referral,,,,,,,14,18
C0162,T016205,2026-01-07,Platinum,2020-06-28,41,Female,Ahmedabad,CA,Low,App,Apple,Watch,Apple Watch,1,120139,1,1201,557,522,122,Birthday,,,,,,,19,11
C0162,T016206,2026-01-08,Platinum,2020-06-28,41,Female,Ahmedabad,CA,Low,App,Samsung,Audio,Galaxy Buds,1,154770,0,1547,881,452,214,Purchase,,,,,,,9,25
C0162,T016207,2026-04-04,Platinum,2020-06-28,41,Female,Ahmedabad,CA,Low,Offline,Samsung,TV,Smart TV,2,153753,0,1537,930,607,0,Purchase,,,,,,,20,17
C0162,T016208,2026-02-08,Platinum,2020-06-28,41,Female,Ahmedabad,CA,Low,Offline,Samsung,Smartphone,Galaxy S,1,147742,1,1477,599,445,433,Referral,,,,,,,9,7
C0162,T016209,2026-01-20,Platinum,2020-06-28,41,Female,Ahmedabad,CA,Low,App,Sony,Audio,WH Headphones,2,168443,0,1684,835,422,427,Referral,,,,,,,11,13
C0163,T016301,2026-04-10,Silver,2022-12-30,52,Female,Bengaluru,Manager,High,Online,Samsung,TV,Smart TV,2,54492,0,544,31,513,0,Purchase,,,,,,,9,8
C0163,T016302,2026-02-25,Silver,2022-12-30,52,Female,Bengaluru,Manager,High,Online,Samsung,Audio,Galaxy Buds,1,70906,1,709,106,18,585,Birthday,,,,,,,4,22
C0163,T016303,2026-04-11,Silver,2022-12-30,52,Female,Bengaluru,Manager,High,App,Samsung,Audio,Galaxy Buds,1,26390,0,263,71,192,0,Festival,,,,,,,16,11
C0163,T016304,2026-05-07,Silver,2022-12-30,52,Female,Bengaluru,Manager,High,Offline,Samsung,Audio,Galaxy Buds,2,137652,0,1376,198,1178,0,Birthday,,,,,,,19,13
C0164,T016401,2026-02-06,Silver,2025-06-09,22,Male,Delhi,Business,Medium,App,Google Nest,Smart Home,Nest Hub,2,33334,0,333,109,74,150,Referral,,,,,,,17,33
C0164,T016402,2026-04-30,Silver,2025-06-09,22,Male,Delhi,Business,Medium,Offline,Google Nest,Smart Home,Nest Hub,2,116219,1,1162,101,1061,0,Referral,,,,,,,13,17
C0164,T016403,2026-03-31,Silver,2025-06-09,22,Male,Delhi,Business,Medium,Offline,Google Nest,Smart Home,Nest Hub,1,31756,0,317,45,272,0,Festival,,,,,,,13,13
C0164,T016404,2026-04-16,Silver,2025-06-09,22,Male,Delhi,Business,Medium,Offline,Google Nest,Smart Home,Nest Hub,2,168641,0,1686,725,961,0,Referral,,,,,,,15,34
C0165,T016501,2026-06-26,Gold,2023-03-30,45,Male,Hyderabad,Doctor,Low,App,Apple,Smartphone,iPhone,2,81494,0,814,485,329,0,Festival,,,,,,,8,8
C0165,T016502,2026-06-20,Gold,2023-03-30,45,Male,Hyderabad,Doctor,Low,Online,Apple,Audio,AirPods,2,86535,1,865,441,424,0,Birthday,,,,,,,18,25
C0165,T016503,2026-03-30,Gold,2023-03-30,45,Male,Hyderabad,Doctor,Low,App,Samsung,Audio,Galaxy Buds,1,118263,0,1182,209,973,0,Birthday,,,,,,,12,24
C0165,T016504,2026-03-13,Gold,2023-03-30,45,Male,Hyderabad,Doctor,Low,App,Google Nest,Security,Nest Cam,2,72874,0,728,493,235,0,Birthday,,,,,,,5,19
C0165,T016505,2026-01-07,Gold,2023-03-30,45,Male,Hyderabad,Doctor,Low,Offline,Apple,Audio,AirPods,1,167322,1,1673,747,889,37,Festival,,,,,,,9,28
C0166,T016601,2026-05-02,Bronze,2019-09-22,27,Male,Bengaluru,Manager,Low,Online,Samsung,TV,Smart TV,1,24878,1,248,126,122,0,Birthday,,,,,,,2,10
C0166,T016602,2026-01-13,Bronze,2019-09-22,27,Male,Bengaluru,Manager,Low,Online,Samsung,Audio,Galaxy Buds,1,153346,0,1533,411,701,421,Purchase,,,,,,,11,11
C0166,T016603,2026-02-24,Bronze,2019-09-22,27,Male,Bengaluru,Manager,Low,Offline,Samsung,TV,Smart TV,2,63772,0,637,410,35,192,Purchase,,,,,,,11,13
C0166,T016604,2026-02-01,Bronze,2019-09-22,27,Male,Bengaluru,Manager,Low,App,Samsung,Audio,Galaxy Buds,1,27669,1,276,66,145,65,Birthday,,,,,,,3,18
C0166,T016605,2026-02-07,Bronze,2019-09-22,27,Male,Bengaluru,Manager,Low,Offline,Samsung,Audio,Galaxy Buds,2,66100,0,661,212,334,115,Birthday,,,,,,,5,30
C0166,T016606,2026-02-15,Bronze,2019-09-22,27,Male,Bengaluru,Manager,Low,Online,Apple,Audio,AirPods,1,22187,1,221,14,52,155,Purchase,,,,,,,10,9
C0166,T016607,2026-03-16,Bronze,2019-09-22,27,Male,Bengaluru,Manager,Low,Offline,Samsung,TV,Smart TV,2,77931,0,779,591,188,0,Birthday,,,,,,,6,7
C0167,T016701,2026-02-09,Gold,2023-06-05,40,Female,Delhi,Student,Medium,Offline,Samsung,TV,Smart TV,2,112014,1,1120,176,12,932,Birthday,,,,,,,16,32
C0167,T016702,2026-01-27,Gold,2023-06-05,40,Female,Delhi,Student,Medium,Online,Samsung,Smartphone,Galaxy S,1,25377,1,253,182,24,47,Birthday,,,,,,,3,3
C0167,T016703,2026-03-17,Gold,2023-06-05,40,Female,Delhi,Student,Medium,Offline,Samsung,TV,Smart TV,1,173318,1,1733,310,1423,0,Purchase,,,,,,,15,2
C0167,T016704,2026-02-21,Gold,2023-06-05,40,Female,Delhi,Student,Medium,Online,Samsung,Audio,Galaxy Buds,2,76289,0,762,585,82,95,Referral,,,,,,,13,20
C0167,T016705,2026-05-15,Gold,2023-06-05,40,Female,Delhi,Student,Medium,App,Apple,Audio,AirPods,1,16762,0,167,63,104,0,Referral,,,,,,,18,33
C0167,T016706,2026-03-12,Gold,2023-06-05,40,Female,Delhi,Student,Medium,Online,Samsung,TV,Smart TV,2,170237,1,1702,375,1327,0,Purchase,,,,,,,9,27
C0167,T016707,2026-03-28,Gold,2023-06-05,40,Female,Delhi,Student,Medium,Offline,Samsung,TV,Smart TV,1,8210,1,82,14,68,0,Birthday,,,,,,,2,21
C0168,T016801,2026-02-08,Silver,2021-01-20,54,Male,Ahmedabad,Doctor,Low,Offline,Sony,Gaming,PlayStation,1,25261,1,252,134,22,96,Festival,,,,,,,14,25
C0168,T016802,2026-01-18,Silver,2021-01-20,54,Male,Ahmedabad,Doctor,Low,Online,Sony,Gaming,PlayStation,1,55428,1,554,146,334,74,Purchase,,,,,,,1,12
C0168,T016803,2026-05-16,Silver,2021-01-20,54,Male,Ahmedabad,Doctor,Low,App,Sony,Gaming,PlayStation,1,129587,0,1295,127,1168,0,Festival,,,,,,,3,35
C0168,T016804,2026-01-06,Silver,2021-01-20,54,Male,Ahmedabad,Doctor,Low,App,Samsung,TV,Smart TV,2,83805,1,838,76,219,543,Purchase,,,,,,,20,28
C0168,T016805,2026-04-27,Silver,2021-01-20,54,Male,Ahmedabad,Doctor,Low,Online,Sony,TV,Bravia,2,165167,1,1651,660,991,0,Referral,,,,,,,5,24
C0168,T016806,2026-05-12,Silver,2021-01-20,54,Male,Ahmedabad,Doctor,Low,App,Sony,TV,Bravia,1,81058,1,810,176,634,0,Purchase,,,,,,,6,35
C0168,T016807,2026-03-03,Silver,2021-01-20,54,Male,Ahmedabad,Doctor,Low,App,Sony,Gaming,PlayStation,1,43412,0,434,160,239,35,Referral,,,,,,,2,16
C0168,T016808,2026-01-06,Silver,2021-01-20,54,Male,Ahmedabad,Doctor,Low,Offline,Sony,TV,Bravia,1,151108,0,1511,456,117,938,Referral,,,,,,,19,8
C0168,T016809,2026-03-10,Silver,2021-01-20,54,Male,Ahmedabad,Doctor,Low,Offline,Bose,Audio,QC Headphones,1,61256,1,612,173,439,0,Referral,,,,,,,18,33
C0168,T016810,2026-02-13,Silver,2021-01-20,54,Male,Ahmedabad,Doctor,Low,Online,Sony,TV,Bravia,2,79655,1,796,487,297,12,Festival,,,,,,,14,29
C0169,T016901,2026-04-20,Silver,2021-11-06,56,Female,Ahmedabad,Student,High,App,Google Nest,Security,Nest Cam,2,166696,0,1666,278,1388,0,Referral,,,,,,,19,31
C0169,T016902,2026-06-05,Silver,2021-11-06,56,Female,Ahmedabad,Student,High,Online,Google Nest,Security,Nest Cam,2,81633,0,816,503,313,0,Birthday,,,,,,,16,7
C0169,T016903,2026-03-10,Silver,2021-11-06,56,Female,Ahmedabad,Student,High,Online,Google Nest,Security,Nest Cam,2,13890,0,138,50,88,0,Birthday,,,,,,,9,25
C0169,T016904,2026-06-14,Silver,2021-11-06,56,Female,Ahmedabad,Student,High,Offline,Bose,Audio,QC Headphones,1,18653,0,186,134,52,0,Festival,,,,,,,1,16
C0169,T016905,2026-04-08,Silver,2021-11-06,56,Female,Ahmedabad,Student,High,Online,Google Nest,Smart Home,Nest Hub,1,164910,0,1649,535,1114,0,Referral,,,,,,,17,7
C0169,T016906,2026-02-25,Silver,2021-11-06,56,Female,Ahmedabad,Student,High,Online,Google Nest,Smart Home,Nest Hub,1,121163,1,1211,521,42,648,Referral,,,,,,,16,22
C0169,T016907,2026-01-16,Silver,2021-11-06,56,Female,Ahmedabad,Student,High,App,Sony,TV,Bravia,2,163068,1,1630,1195,350,85,Purchase,,,,,,,2,2
C0169,T016908,2026-02-06,Silver,2021-11-06,56,Female,Ahmedabad,Student,High,Offline,Google Nest,Smart Home,Nest Hub,2,24210,0,242,193,30,19,Purchase,,,,,,,7,25
C0169,T016909,2026-04-11,Silver,2021-11-06,56,Female,Ahmedabad,Student,High,Online,Google Nest,Security,Nest Cam,1,116065,0,1160,205,955,0,Purchase,,,,,,,6,32
C0170,T017001,2026-01-23,Silver,2022-11-15,38,Male,Pune,CA,Low,Online,Bose,Audio,QC Headphones,2,17589,0,175,70,55,50,Purchase,,,,,,,15,9
C0170,T017002,2026-05-13,Silver,2022-11-15,38,Male,Pune,CA,Low,App,Bose,Speaker,SoundLink,1,54737,0,547,81,466,0,Referral,,,,,,,6,34
C0170,T017003,2026-01-25,Silver,2022-11-15,38,Male,Pune,CA,Low,Offline,Google Nest,Smart Home,Nest Hub,1,163399,1,1633,511,214,908,Referral,,,,,,,18,5
C0170,T017004,2026-02-21,Silver,2022-11-15,38,Male,Pune,CA,Low,Online,Apple,Smartphone,iPhone,1,37593,0,375,194,162,19,Festival,,,,,,,16,6
C0171,T017101,2026-02-08,Silver,2025-02-26,38,Male,Delhi,Manager,High,Offline,Apple,Smartphone,iPhone,1,139538,0,1395,208,444,743,Referral,,,,,,,11,27
C0171,T017102,2026-05-31,Silver,2025-02-26,38,Male,Delhi,Manager,High,App,Sony,Audio,WH Headphones,2,176382,1,1763,156,1607,0,Birthday,,,,,,,12,34
C0171,T017103,2026-02-15,Silver,2025-02-26,38,Male,Delhi,Manager,High,Online,Samsung,TV,Smart TV,1,85659,1,856,443,286,127,Referral,,,,,,,9,6
C0171,T017104,2026-05-04,Silver,2025-02-26,38,Male,Delhi,Manager,High,Online,Sony,Gaming,PlayStation,2,36265,1,362,190,172,0,Festival,,,,,,,11,17
C0171,T017105,2026-04-04,Silver,2025-02-26,38,Male,Delhi,Manager,High,Offline,Apple,Smartphone,iPhone,1,53838,1,538,406,132,0,Birthday,,,,,,,20,26
C0171,T017106,2026-03-23,Silver,2025-02-26,38,Male,Delhi,Manager,High,Online,Sony,Audio,WH Headphones,1,24421,0,244,78,166,0,Purchase,,,,,,,4,5
C0171,T017107,2026-05-23,Silver,2025-02-26,38,Male,Delhi,Manager,High,Online,Sony,TV,Bravia,2,165242,0,1652,257,1395,0,Festival,,,,,,,19,29
C0171,T017108,2026-01-12,Silver,2025-02-26,38,Male,Delhi,Manager,High,Online,Sony,TV,Bravia,1,123952,1,1239,299,696,244,Festival,,,,,,,10,3
C0172,T017201,2026-04-29,Gold,2021-04-06,31,Male,Delhi,Business,Low,Online,Sony,Audio,WH Headphones,2,145205,1,1452,986,466,0,Purchase,,,,,,,6,4
C0172,T017202,2026-02-23,Gold,2021-04-06,31,Male,Delhi,Business,Low,Online,Samsung,TV,Smart TV,2,166712,1,1667,970,444,253,Purchase,,,,,,,2,21
C0172,T017203,2026-02-13,Gold,2021-04-06,31,Male,Delhi,Business,Low,App,Samsung,Audio,Galaxy Buds,1,153037,0,1530,1209,200,121,Festival,,,,,,,1,12
C0172,T017204,2026-01-07,Gold,2021-04-06,31,Male,Delhi,Business,Low,Offline,Samsung,Audio,Galaxy Buds,2,116564,0,1165,474,386,305,Purchase,,,,,,,17,24
C0172,T017205,2026-06-16,Gold,2021-04-06,31,Male,Delhi,Business,Low,Online,Samsung,Smartphone,Galaxy S,1,108867,0,1088,450,638,0,Birthday,,,,,,,7,10
C0172,T017206,2026-02-28,Gold,2021-04-06,31,Male,Delhi,Business,Low,App,Samsung,TV,Smart TV,2,164862,0,1648,1089,17,542,Festival,,,,,,,7,32
C0173,T017301,2026-01-25,Gold,2023-03-16,55,Male,Pune,Business,Medium,App,Bose,Audio,QC Headphones,2,144750,0,1447,1046,137,264,Purchase,,,,,,,9,9
C0173,T017302,2026-04-26,Gold,2023-03-16,55,Male,Pune,Business,Medium,Online,Samsung,Smartphone,Galaxy S,1,17891,0,178,16,162,0,Birthday,,,,,,,18,9
C0173,T017303,2026-04-25,Gold,2023-03-16,55,Male,Pune,Business,Medium,App,Samsung,Audio,Galaxy Buds,1,120245,1,1202,379,823,0,Birthday,,,,,,,17,24
C0173,T017304,2026-01-09,Gold,2023-03-16,55,Male,Pune,Business,Medium,Offline,Samsung,TV,Smart TV,2,140526,0,1405,331,544,530,Birthday,,,,,,,18,21
C0174,T017401,2026-05-14,Gold,2024-09-20,40,Female,Pune,CA,Low,Offline,Apple,Smartphone,iPhone,1,95180,0,951,468,483,0,Purchase,,,,,,,17,20
C0174,T017402,2026-03-19,Gold,2024-09-20,40,Female,Pune,CA,Low,App,Apple,Audio,AirPods,1,28020,1,280,199,81,0,Referral,,,,,,,5,31
C0174,T017403,2026-06-09,Gold,2024-09-20,40,Female,Pune,CA,Low,Online,Sony,TV,Bravia,2,55322,0,553,46,507,0,Referral,,,,,,,9,19
C0174,T017404,2026-06-23,Gold,2024-09-20,40,Female,Pune,CA,Low,Offline,Bose,Audio,QC Headphones,2,106389,0,1063,535,528,0,Festival,,,,,,,17,13
C0174,T017405,2026-04-11,Gold,2024-09-20,40,Female,Pune,CA,Low,App,Apple,Audio,AirPods,1,29481,0,294,27,267,0,Referral,,,,,,,18,15
C0174,T017406,2026-01-26,Gold,2024-09-20,40,Female,Pune,CA,Low,Online,Apple,Smartphone,iPhone,2,14146,1,141,62,37,42,Birthday,,,,,,,19,8
C0175,T017501,2026-05-28,Platinum,2021-10-19,55,Male,Delhi,CA,Medium,Offline,Samsung,Audio,Galaxy Buds,2,161877,0,1618,1078,540,0,Referral,,,,,,,1,35
C0175,T017502,2026-05-06,Platinum,2021-10-19,55,Male,Delhi,CA,Medium,Online,Samsung,Audio,Galaxy Buds,1,41828,0,418,328,90,0,Birthday,,,,,,,15,15
C0175,T017503,2026-04-25,Platinum,2021-10-19,55,Male,Delhi,CA,Medium,Offline,Sony,TV,Bravia,1,84061,1,840,577,263,0,Birthday,,,,,,,6,20
C0175,T017504,2026-06-13,Platinum,2021-10-19,55,Male,Delhi,CA,Medium,Offline,Google Nest,Smart Home,Nest Hub,1,62067,1,620,138,482,0,Purchase,,,,,,,14,31
C0175,T017505,2026-04-16,Platinum,2021-10-19,55,Male,Delhi,CA,Medium,Online,Samsung,Smartphone,Galaxy S,1,65938,0,659,84,575,0,Referral,,,,,,,19,33
C0175,T017506,2026-03-08,Platinum,2021-10-19,55,Male,Delhi,CA,Medium,Offline,Samsung,TV,Smart TV,1,37851,1,378,194,184,0,Birthday,,,,,,,8,15
C0175,T017507,2026-06-12,Platinum,2021-10-19,55,Male,Delhi,CA,Medium,Offline,Samsung,Audio,Galaxy Buds,2,117822,1,1178,798,380,0,Referral,,,,,,,5,9
C0176,T017601,2026-03-06,Platinum,2020-09-24,40,Male,Bengaluru,Business,Low,Online,Sony,TV,Bravia,1,75085,0,750,130,620,0,Birthday,,,,,,,17,3
C0176,T017602,2026-07-03,Platinum,2020-09-24,40,Male,Bengaluru,Business,Low,App,Sony,TV,Bravia,2,15542,0,155,99,56,0,Birthday,,,,,,,6,22
C0176,T017603,2026-05-07,Platinum,2020-09-24,40,Male,Bengaluru,Business,Low,App,Sony,TV,Bravia,1,95471,0,954,611,343,0,Birthday,,,,,,,18,22
C0176,T017604,2026-01-18,Platinum,2020-09-24,40,Male,Bengaluru,Business,Low,Offline,Sony,TV,Bravia,1,97680,1,976,383,322,271,Birthday,,,,,,,20,28
C0176,T017605,2026-01-05,Platinum,2020-09-24,40,Male,Bengaluru,Business,Low,Online,Sony,TV,Bravia,2,122657,0,1226,904,82,240,Birthday,,,,,,,14,26
C0176,T017606,2026-04-15,Platinum,2020-09-24,40,Male,Bengaluru,Business,Low,App,Sony,Gaming,PlayStation,1,126567,1,1265,731,534,0,Referral,,,,,,,17,25
C0176,T017607,2026-01-13,Platinum,2020-09-24,40,Male,Bengaluru,Business,Low,App,Sony,Gaming,PlayStation,2,156728,0,1567,534,117,916,Festival,,,,,,,4,22
C0176,T017608,2026-02-23,Platinum,2020-09-24,40,Male,Bengaluru,Business,Low,Online,Sony,TV,Bravia,1,25725,1,257,189,7,61,Birthday,,,,,,,3,16
C0177,T017701,2026-05-24,Gold,2023-04-07,53,Male,Hyderabad,Doctor,Low,App,Apple,Smartphone,iPhone,1,144080,0,1440,1018,422,0,Festival,,,,,,,12,6
C0177,T017702,2026-02-13,Gold,2023-04-07,53,Male,Hyderabad,Doctor,Low,Online,Google Nest,Security,Nest Cam,1,39033,0,390,35,248,107,Purchase,,,,,,,18,3
C0177,T017703,2026-04-28,Gold,2023-04-07,53,Male,Hyderabad,Doctor,Low,App,Google Nest,Smart Home,Nest Hub,1,75776,1,757,211,546,0,Purchase,,,,,,,17,22
C0177,T017704,2026-05-30,Gold,2023-04-07,53,Male,Hyderabad,Doctor,Low,App,Google Nest,Smart Home,Nest Hub,2,58099,0,580,0,580,0,Birthday,,,,,,,3,15
C0178,T017801,2026-04-18,Gold,2025-06-13,40,Female,Pune,Engineer,Medium,Offline,Apple,Smartphone,iPhone,1,150844,0,1508,223,1285,0,Festival,,,,,,,20,8
C0178,T017802,2026-01-27,Gold,2025-06-13,40,Female,Pune,Engineer,Medium,Online,Samsung,Smartphone,Galaxy S,1,171975,1,1719,140,1390,189,Purchase,,,,,,,16,7
C0178,T017803,2026-07-03,Gold,2025-06-13,40,Female,Pune,Engineer,Medium,Online,Apple,Audio,AirPods,1,6022,0,60,25,35,0,Festival,,,,,,,15,27
C0178,T017804,2026-03-26,Gold,2025-06-13,40,Female,Pune,Engineer,Medium,Offline,Apple,Watch,Apple Watch,1,147501,1,1475,284,1191,0,Festival,,,,,,,6,24
C0178,T017805,2026-06-01,Gold,2025-06-13,40,Female,Pune,Engineer,Medium,Offline,Samsung,Audio,Galaxy Buds,2,108804,0,1088,481,607,0,Referral,,,,,,,18,3
C0178,T017806,2026-05-05,Gold,2025-06-13,40,Female,Pune,Engineer,Medium,Offline,Apple,Watch,Apple Watch,1,151204,1,1512,854,658,0,Festival,,,,,,,19,30
C0178,T017807,2026-06-23,Gold,2025-06-13,40,Female,Pune,Engineer,Medium,App,Apple,Audio,AirPods,2,89929,1,899,205,694,0,Referral,,,,,,,13,24
C0178,T017808,2026-01-30,Gold,2025-06-13,40,Female,Pune,Engineer,Medium,Online,Apple,Smartphone,iPhone,1,154866,0,1548,727,54,767,Referral,,,,,,,7,27
C0178,T017809,2026-05-13,Gold,2025-06-13,40,Female,Pune,Engineer,Medium,App,Apple,Audio,AirPods,2,82327,0,823,440,383,0,Purchase,,,,,,,10,22
C0179,T017901,2026-03-11,Silver,2020-09-30,55,Female,Pune,Student,Medium,App,Samsung,Audio,Galaxy Buds,1,14983,0,149,100,49,0,Festival,,,,,,,6,27
C0179,T017902,2026-03-28,Silver,2020-09-30,55,Female,Pune,Student,Medium,Offline,Samsung,TV,Smart TV,1,95681,0,956,284,672,0,Referral,,,,,,,5,25
C0179,T017903,2026-04-07,Silver,2020-09-30,55,Female,Pune,Student,Medium,Online,Samsung,TV,Smart TV,2,133640,1,1336,21,1315,0,Referral,,,,,,,17,27
C0179,T017904,2026-04-15,Silver,2020-09-30,55,Female,Pune,Student,Medium,Online,Samsung,Smartphone,Galaxy S,2,145678,0,1456,226,1230,0,Purchase,,,,,,,15,21
C0179,T017905,2026-06-28,Silver,2020-09-30,55,Female,Pune,Student,Medium,Online,Google Nest,Security,Nest Cam,1,60882,1,608,359,249,0,Festival,,,,,,,2,23
C0179,T017906,2026-01-06,Silver,2020-09-30,55,Female,Pune,Student,Medium,Offline,Sony,Gaming,PlayStation,1,94993,1,949,301,198,450,Festival,,,,,,,20,18
C0180,T018001,2026-04-14,Platinum,2021-08-04,34,Female,Ahmedabad,Doctor,Medium,Offline,Apple,Smartphone,iPhone,1,144816,1,1448,175,1273,0,Festival,,,,,,,3,16
C0180,T018002,2026-01-30,Platinum,2021-08-04,34,Female,Ahmedabad,Doctor,Medium,Online,Apple,Audio,AirPods,2,108662,1,1086,439,140,507,Purchase,,,,,,,10,28
C0180,T018003,2026-03-02,Platinum,2021-08-04,34,Female,Ahmedabad,Doctor,Medium,Offline,Bose,Audio,QC Headphones,2,67756,1,677,313,22,342,Referral,,,,,,,8,15
C0180,T018004,2026-05-28,Platinum,2021-08-04,34,Female,Ahmedabad,Doctor,Medium,App,Apple,Smartphone,iPhone,1,88641,1,886,297,589,0,Purchase,,,,,,,13,5
C0180,T018005,2026-01-24,Platinum,2021-08-04,34,Female,Ahmedabad,Doctor,Medium,App,Apple,Audio,AirPods,2,96382,1,963,105,294,564,Referral,,,,,,,18,7
C0181,T018101,2026-06-01,Gold,2021-09-08,58,Female,Delhi,Engineer,Low,Online,Google Nest,Smart Home,Nest Hub,2,97794,1,977,325,652,0,Purchase,,,,,,,12,33
C0181,T018102,2026-02-05,Gold,2021-09-08,58,Female,Delhi,Engineer,Low,Online,Google Nest,Smart Home,Nest Hub,2,23303,0,233,83,131,19,Referral,,,,,,,13,32
C0181,T018103,2026-01-29,Gold,2021-09-08,58,Female,Delhi,Engineer,Low,Online,Google Nest,Smart Home,Nest Hub,2,128854,1,1288,98,949,241,Purchase,,,,,,,10,32
C0181,T018104,2026-03-15,Gold,2021-09-08,58,Female,Delhi,Engineer,Low,App,Apple,Smartphone,iPhone,2,19198,0,191,86,105,0,Purchase,,,,,,,3,17
C0181,T018105,2026-06-24,Gold,2021-09-08,58,Female,Delhi,Engineer,Low,Online,Google Nest,Security,Nest Cam,2,163058,1,1630,931,699,0,Birthday,,,,,,,8,31
C0181,T018106,2026-06-13,Gold,2021-09-08,58,Female,Delhi,Engineer,Low,Offline,Google Nest,Smart Home,Nest Hub,1,131584,0,1315,718,597,0,Purchase,,,,,,,6,20
C0181,T018107,2026-06-10,Gold,2021-09-08,58,Female,Delhi,Engineer,Low,App,Google Nest,Smart Home,Nest Hub,2,46013,1,460,231,229,0,Birthday,,,,,,,10,18
C0181,T018108,2026-04-03,Gold,2021-09-08,58,Female,Delhi,Engineer,Low,App,Google Nest,Security,Nest Cam,1,118543,0,1185,497,688,0,Festival,,,,,,,11,2
C0182,T018201,2026-04-20,Gold,2021-09-04,34,Male,Ahmedabad,CA,High,Offline,Apple,Smartphone,iPhone,2,32258,1,322,108,214,0,Festival,,,,,,,4,18
C0182,T018202,2026-06-11,Gold,2021-09-04,34,Male,Ahmedabad,CA,High,App,Bose,Speaker,SoundLink,1,124628,1,1246,224,1022,0,Birthday,,,,,,,10,30
C0182,T018203,2026-01-23,Gold,2021-09-04,34,Male,Ahmedabad,CA,High,App,Apple,Watch,Apple Watch,2,173922,1,1739,1107,411,221,Festival,,,,,,,4,8
C0182,T018204,2026-02-06,Gold,2021-09-04,34,Male,Ahmedabad,CA,High,App,Apple,Audio,AirPods,2,175799,1,1757,854,405,498,Referral,,,,,,,9,15
C0182,T018205,2026-02-14,Gold,2021-09-04,34,Male,Ahmedabad,CA,High,App,Apple,Smartphone,iPhone,1,132057,1,1320,653,623,44,Referral,,,,,,,1,17
C0182,T018206,2026-06-11,Gold,2021-09-04,34,Male,Ahmedabad,CA,High,Offline,Apple,Smartphone,iPhone,2,42601,1,426,327,99,0,Festival,,,,,,,11,7
C0183,T018301,2026-01-24,Silver,2025-02-26,54,Female,Hyderabad,Engineer,High,Online,Sony,TV,Bravia,2,155406,1,1554,344,1075,135,Referral,,,,,,,13,24
C0183,T018302,2026-03-20,Silver,2025-02-26,54,Female,Hyderabad,Engineer,High,Offline,Sony,Gaming,PlayStation,2,100270,0,1002,513,489,0,Birthday,,,,,,,13,33
C0183,T018303,2026-02-27,Silver,2025-02-26,54,Female,Hyderabad,Engineer,High,App,Sony,Gaming,PlayStation,2,112535,1,1125,790,322,13,Referral,,,,,,,7,33
C0183,T018304,2026-03-29,Silver,2025-02-26,54,Female,Hyderabad,Engineer,High,App,Sony,Gaming,PlayStation,2,95154,0,951,253,698,0,Festival,,,,,,,18,28
C0183,T018305,2026-02-22,Silver,2025-02-26,54,Female,Hyderabad,Engineer,High,App,Apple,Smartphone,iPhone,2,60931,1,609,284,68,257,Referral,,,,,,,14,31
C0183,T018306,2026-04-01,Silver,2025-02-26,54,Female,Hyderabad,Engineer,High,Offline,Sony,Gaming,PlayStation,2,87377,0,873,304,569,0,Purchase,,,,,,,16,4
C0183,T018307,2026-01-24,Silver,2025-02-26,54,Female,Hyderabad,Engineer,High,App,Sony,Audio,WH Headphones,2,46056,1,460,13,20,427,Purchase,,,,,,,18,9
C0184,T018401,2026-02-19,Bronze,2020-02-16,22,Female,Delhi,Engineer,Medium,Offline,Apple,Smartphone,iPhone,1,171770,1,1717,199,342,1176,Festival,,,,,,,20,32
C0184,T018402,2026-01-22,Bronze,2020-02-16,22,Female,Delhi,Engineer,Medium,Online,Apple,Smartphone,iPhone,1,144486,0,1444,876,270,298,Birthday,,,,,,,8,5
C0184,T018403,2026-03-31,Bronze,2020-02-16,22,Female,Delhi,Engineer,Medium,Offline,Bose,Speaker,SoundLink,1,142396,1,1423,241,1182,0,Birthday,,,,,,,12,4
C0184,T018404,2026-02-21,Bronze,2020-02-16,22,Female,Delhi,Engineer,Medium,Online,Apple,Watch,Apple Watch,1,57567,1,575,145,399,31,Referral,,,,,,,8,14
C0184,T018405,2026-04-29,Bronze,2020-02-16,22,Female,Delhi,Engineer,Medium,App,Apple,Watch,Apple Watch,2,60007,0,600,417,183,0,Birthday,,,,,,,14,19
C0184,T018406,2026-02-07,Bronze,2020-02-16,22,Female,Delhi,Engineer,Medium,Offline,Apple,Watch,Apple Watch,1,40610,0,406,156,213,37,Referral,,,,,,,6,10
C0184,T018407,2026-01-07,Bronze,2020-02-16,22,Female,Delhi,Engineer,Medium,Offline,Google Nest,Security,Nest Cam,1,75011,0,750,289,344,117,Purchase,,,,,,,1,6
C0184,T018408,2026-04-21,Bronze,2020-02-16,22,Female,Delhi,Engineer,Medium,Online,Apple,Watch,Apple Watch,1,11932,0,119,21,98,0,Festival,,,,,,,2,3
C0185,T018501,2026-06-09,Platinum,2021-03-24,60,Male,Delhi,Doctor,High,Online,Google Nest,Security,Nest Cam,2,155612,0,1556,1063,493,0,Purchase,,,,,,,9,17
C0185,T018502,2026-07-01,Platinum,2021-03-24,60,Male,Delhi,Doctor,High,Offline,Bose,Speaker,SoundLink,2,141541,0,1415,538,877,0,Birthday,,,,,,,13,5
C0185,T018503,2026-04-06,Platinum,2021-03-24,60,Male,Delhi,Doctor,High,App,Bose,Audio,QC Headphones,1,170677,0,1706,1089,617,0,Referral,,,,,,,14,34
C0185,T018504,2026-02-03,Platinum,2021-03-24,60,Male,Delhi,Doctor,High,Online,Bose,Audio,QC Headphones,2,118726,1,1187,383,783,21,Referral,,,,,,,10,9
C0185,T018505,2026-06-23,Platinum,2021-03-24,60,Male,Delhi,Doctor,High,Offline,Bose,Speaker,SoundLink,1,165966,1,1659,771,888,0,Birthday,,,,,,,4,6
C0185,T018506,2026-04-11,Platinum,2021-03-24,60,Male,Delhi,Doctor,High,Online,Bose,Audio,QC Headphones,2,41965,1,419,53,366,0,Purchase,,,,,,,9,20
C0185,T018507,2026-01-13,Platinum,2021-03-24,60,Male,Delhi,Doctor,High,App,Google Nest,Security,Nest Cam,1,147960,0,1479,548,775,156,Festival,,,,,,,1,23
C0185,T018508,2026-03-29,Platinum,2021-03-24,60,Male,Delhi,Doctor,High,App,Samsung,Smartphone,Galaxy S,1,11165,0,111,42,69,0,Purchase,,,,,,,16,26
C0185,T018509,2026-04-17,Platinum,2021-03-24,60,Male,Delhi,Doctor,High,Offline,Bose,Audio,QC Headphones,2,75946,1,759,565,194,0,Festival,,,,,,,9,3
C0185,T018510,2026-02-22,Platinum,2021-03-24,60,Male,Delhi,Doctor,High,Online,Bose,Audio,QC Headphones,2,13513,1,135,75,38,22,Referral,,,,,,,7,28
C0186,T018601,2026-04-07,Platinum,2021-03-13,50,Male,Hyderabad,Student,Medium,Offline,Google Nest,Smart Home,Nest Hub,1,173967,1,1739,113,1626,0,Referral,,,,,,,8,14
C0186,T018602,2026-03-12,Platinum,2021-03-13,50,Male,Hyderabad,Student,Medium,Offline,Apple,Watch,Apple Watch,1,164763,0,1647,461,1186,0,Purchase,,,,,,,8,22
C0186,T018603,2026-03-17,Platinum,2021-03-13,50,Male,Hyderabad,Student,Medium,Offline,Apple,Smartphone,iPhone,1,152209,0,1522,544,978,0,Referral,,,,,,,9,11
C0186,T018604,2026-04-11,Platinum,2021-03-13,50,Male,Hyderabad,Student,Medium,Offline,Apple,Audio,AirPods,2,42622,0,426,63,363,0,Purchase,,,,,,,4,5
C0186,T018605,2026-06-17,Platinum,2021-03-13,50,Male,Hyderabad,Student,Medium,Online,Apple,Audio,AirPods,2,124653,0,1246,820,426,0,Birthday,,,,,,,8,27
C0186,T018606,2026-01-12,Platinum,2021-03-13,50,Male,Hyderabad,Student,Medium,App,Apple,Watch,Apple Watch,1,100280,1,1002,138,288,576,Festival,,,,,,,12,18
C0186,T018607,2026-03-21,Platinum,2021-03-13,50,Male,Hyderabad,Student,Medium,App,Apple,Watch,Apple Watch,2,93922,0,939,468,471,0,Birthday,,,,,,,3,26
C0186,T018608,2026-04-08,Platinum,2021-03-13,50,Male,Hyderabad,Student,Medium,Offline,Apple,Watch,Apple Watch,1,67497,0,674,385,289,0,Birthday,,,,,,,16,32
C0187,T018701,2026-02-11,Gold,2020-03-01,44,Female,Mumbai,Student,High,Offline,Sony,Audio,WH Headphones,2,54359,0,543,329,192,22,Purchase,,,,,,,13,26
C0187,T018702,2026-03-25,Gold,2020-03-01,44,Female,Mumbai,Student,High,App,Sony,TV,Bravia,1,123295,0,1232,957,275,0,Birthday,,,,,,,20,35
C0187,T018703,2026-06-29,Gold,2020-03-01,44,Female,Mumbai,Student,High,Offline,Sony,Audio,WH Headphones,1,99233,1,992,471,521,0,Referral,,,,,,,4,3
C0187,T018704,2026-03-11,Gold,2020-03-01,44,Female,Mumbai,Student,High,App,Bose,Speaker,SoundLink,1,15870,1,158,19,139,0,Festival,,,,,,,18,31
C0187,T018705,2026-05-30,Gold,2020-03-01,44,Female,Mumbai,Student,High,App,Sony,Gaming,PlayStation,1,70699,0,706,237,469,0,Birthday,,,,,,,7,10
C0187,T018706,2026-04-21,Gold,2020-03-01,44,Female,Mumbai,Student,High,Online,Sony,TV,Bravia,1,170181,1,1701,1238,463,0,Referral,,,,,,,5,18
C0187,T018707,2026-04-27,Gold,2020-03-01,44,Female,Mumbai,Student,High,Online,Sony,Gaming,PlayStation,1,74842,1,748,294,454,0,Purchase,,,,,,,15,28
C0187,T018708,2026-02-27,Gold,2020-03-01,44,Female,Mumbai,Student,High,Online,Samsung,Smartphone,Galaxy S,2,31669,0,316,200,57,59,Referral,,,,,,,12,16
C0188,T018801,2026-05-08,Gold,2024-12-26,57,Male,Mumbai,Student,High,Online,Bose,Audio,QC Headphones,1,126210,0,1262,784,478,0,Purchase,,,,,,,12,3
C0188,T018802,2026-02-23,Gold,2024-12-26,57,Male,Mumbai,Student,High,App,Samsung,Audio,Galaxy Buds,1,33418,1,334,87,116,131,Purchase,,,,,,,20,15
C0188,T018803,2026-02-06,Gold,2024-12-26,57,Male,Mumbai,Student,High,App,Bose,Speaker,SoundLink,1,31025,1,310,178,16,116,Purchase,,,,,,,6,17
C0188,T018804,2026-05-06,Gold,2024-12-26,57,Male,Mumbai,Student,High,Offline,Samsung,Smartphone,Galaxy S,2,139555,0,1395,565,830,0,Birthday,,,,,,,5,3
C0188,T018805,2026-02-20,Gold,2024-12-26,57,Male,Mumbai,Student,High,App,Samsung,Smartphone,Galaxy S,2,165647,1,1656,718,507,431,Purchase,,,,,,,11,4
C0189,T018901,2026-02-09,Silver,2020-07-09,29,Male,Bengaluru,Business,Low,Offline,Google Nest,Security,Nest Cam,1,38949,1,389,206,33,150,Birthday,,,,,,,10,26
C0189,T018902,2026-01-28,Silver,2020-07-09,29,Male,Bengaluru,Business,Low,Online,Bose,Speaker,SoundLink,2,41610,0,416,103,35,278,Birthday,,,,,,,11,28
C0189,T018903,2026-04-01,Silver,2020-07-09,29,Male,Bengaluru,Business,Low,App,Bose,Audio,QC Headphones,1,84331,1,843,358,485,0,Festival,,,,,,,15,29
C0189,T018904,2026-04-04,Silver,2020-07-09,29,Male,Bengaluru,Business,Low,App,Bose,Speaker,SoundLink,1,158815,0,1588,508,1080,0,Purchase,,,,,,,14,31
C0189,T018905,2026-03-09,Silver,2020-07-09,29,Male,Bengaluru,Business,Low,Online,Bose,Speaker,SoundLink,2,175324,0,1753,612,1141,0,Festival,,,,,,,20,16
C0189,T018906,2026-03-16,Silver,2020-07-09,29,Male,Bengaluru,Business,Low,Offline,Bose,Speaker,SoundLink,2,140563,1,1405,542,863,0,Referral,,,,,,,16,26
C0189,T018907,2026-05-04,Silver,2020-07-09,29,Male,Bengaluru,Business,Low,App,Samsung,Smartphone,Galaxy S,2,143794,0,1437,854,583,0,Referral,,,,,,,6,11
C0190,T019001,2026-04-26,Gold,2023-08-14,39,Female,Mumbai,Doctor,High,Online,Google Nest,Smart Home,Nest Hub,1,53396,1,533,144,389,0,Festival,,,,,,,18,34
C0190,T019002,2026-04-06,Gold,2023-08-14,39,Female,Mumbai,Doctor,High,Offline,Samsung,Smartphone,Galaxy S,1,77082,0,770,263,507,0,Referral,,,,,,,19,3
C0190,T019003,2026-03-08,Gold,2023-08-14,39,Female,Mumbai,Doctor,High,Online,Samsung,Audio,Galaxy Buds,2,118475,0,1184,124,1060,0,Festival,,,,,,,14,22
C0190,T019004,2026-05-24,Gold,2023-08-14,39,Female,Mumbai,Doctor,High,Online,Samsung,TV,Smart TV,2,77761,0,777,616,161,0,Birthday,,,,,,,15,7
C0191,T019101,2026-02-07,Silver,2022-05-29,56,Female,Pune,CA,Low,Offline,Samsung,Smartphone,Galaxy S,1,168299,1,1682,1272,147,263,Festival,,,,,,,4,31
C0191,T019102,2026-07-03,Silver,2022-05-29,56,Female,Pune,CA,Low,Online,Samsung,Smartphone,Galaxy S,1,8978,1,89,44,45,0,Birthday,,,,,,,8,5
C0191,T019103,2026-04-25,Silver,2022-05-29,56,Female,Pune,CA,Low,App,Samsung,TV,Smart TV,2,17370,0,173,35,138,0,Purchase,,,,,,,6,26
C0191,T019104,2026-03-09,Silver,2022-05-29,56,Female,Pune,CA,Low,Online,Samsung,Audio,Galaxy Buds,1,53941,0,539,158,381,0,Purchase,,,,,,,4,24
C0192,T019201,2026-02-07,Bronze,2021-12-07,48,Female,Ahmedabad,Doctor,Medium,App,Sony,Gaming,PlayStation,2,16828,0,168,123,22,23,Birthday,,,,,,,9,18
C0192,T019202,2026-06-16,Bronze,2021-12-07,48,Female,Ahmedabad,Doctor,Medium,Online,Sony,Gaming,PlayStation,1,154146,0,1541,1167,374,0,Birthday,,,,,,,6,25
C0192,T019203,2026-04-28,Bronze,2021-12-07,48,Female,Ahmedabad,Doctor,Medium,Online,Sony,Audio,WH Headphones,1,138849,1,1388,823,565,0,Referral,,,,,,,13,27
C0192,T019204,2026-01-07,Bronze,2021-12-07,48,Female,Ahmedabad,Doctor,Medium,Offline,Apple,Audio,AirPods,1,153557,0,1535,1145,372,18,Purchase,,,,,,,4,17
C0192,T019205,2026-04-05,Bronze,2021-12-07,48,Female,Ahmedabad,Doctor,Medium,Offline,Sony,Audio,WH Headphones,1,160849,1,1608,1215,393,0,Birthday,,,,,,,19,17
C0192,T019206,2026-04-15,Bronze,2021-12-07,48,Female,Ahmedabad,Doctor,Medium,Offline,Apple,Smartphone,iPhone,1,89786,1,897,84,813,0,Purchase,,,,,,,8,29
C0192,T019207,2026-03-17,Bronze,2021-12-07,48,Female,Ahmedabad,Doctor,Medium,Online,Sony,Gaming,PlayStation,1,40369,1,403,203,200,0,Birthday,,,,,,,16,3
C0192,T019208,2026-02-21,Bronze,2021-12-07,48,Female,Ahmedabad,Doctor,Medium,App,Sony,Gaming,PlayStation,1,112673,1,1126,892,69,165,Birthday,,,,,,,20,33
C0193,T019301,2026-01-15,Platinum,2019-09-23,51,Male,Pune,Student,High,Online,Sony,Audio,WH Headphones,1,36570,0,365,64,164,137,Birthday,,,,,,,8,10
C0193,T019302,2026-02-22,Platinum,2019-09-23,51,Male,Pune,Student,High,App,Google Nest,Security,Nest Cam,2,142646,1,1426,927,405,94,Festival,,,,,,,11,32
C0193,T019303,2026-01-27,Platinum,2019-09-23,51,Male,Pune,Student,High,Offline,Bose,Speaker,SoundLink,1,104389,0,1043,323,274,446,Birthday,,,,,,,6,15
C0193,T019304,2026-04-25,Platinum,2019-09-23,51,Male,Pune,Student,High,App,Sony,Gaming,PlayStation,2,46168,0,461,39,422,0,Purchase,,,,,,,11,20
C0193,T019305,2026-06-09,Platinum,2019-09-23,51,Male,Pune,Student,High,Offline,Sony,Audio,WH Headphones,2,46292,1,462,192,270,0,Referral,,,,,,,19,23
C0193,T019306,2026-04-12,Platinum,2019-09-23,51,Male,Pune,Student,High,App,Sony,Audio,WH Headphones,2,86734,1,867,421,446,0,Festival,,,,,,,14,34
C0193,T019307,2026-06-18,Platinum,2019-09-23,51,Male,Pune,Student,High,App,Bose,Speaker,SoundLink,1,20278,0,202,58,144,0,Referral,,,,,,,19,35
C0193,T019308,2026-05-08,Platinum,2019-09-23,51,Male,Pune,Student,High,Online,Bose,Audio,QC Headphones,1,58909,0,589,106,483,0,Purchase,,,,,,,5,16
C0193,T019309,2026-02-27,Platinum,2019-09-23,51,Male,Pune,Student,High,Online,Sony,TV,Bravia,1,160742,1,1607,197,1377,33,Birthday,,,,,,,3,2
C0193,T019310,2026-03-07,Platinum,2019-09-23,51,Male,Pune,Student,High,App,Sony,Audio,WH Headphones,2,168470,1,1684,954,730,0,Birthday,,,,,,,10,4
C0194,T019401,2026-01-10,Gold,2020-07-22,30,Male,Pune,Manager,Medium,App,Samsung,Audio,Galaxy Buds,1,163752,0,1637,594,712,331,Festival,,,,,,,13,29
C0194,T019402,2026-01-24,Gold,2020-07-22,30,Male,Pune,Manager,Medium,Offline,Google Nest,Smart Home,Nest Hub,1,129782,1,1297,461,77,759,Birthday,,,,,,,5,4
C0194,T019403,2026-05-06,Gold,2020-07-22,30,Male,Pune,Manager,Medium,App,Samsung,TV,Smart TV,2,72626,0,726,223,503,0,Purchase,,,,,,,11,7
C0194,T019404,2026-01-14,Gold,2020-07-22,30,Male,Pune,Manager,Medium,App,Samsung,Smartphone,Galaxy S,1,74484,0,744,212,327,205,Referral,,,,,,,7,35
C0195,T019501,2026-04-09,Bronze,2020-09-21,34,Female,Ahmedabad,CA,Medium,App,Apple,Smartphone,iPhone,1,36440,0,364,18,346,0,Referral,,,,,,,11,21
C0195,T019502,2026-01-22,Bronze,2020-09-21,34,Female,Ahmedabad,CA,Medium,Online,Google Nest,Smart Home,Nest Hub,2,174716,1,1747,54,1543,150,Purchase,,,,,,,10,33
C0195,T019503,2026-04-28,Bronze,2020-09-21,34,Female,Ahmedabad,CA,Medium,Offline,Sony,TV,Bravia,2,14430,0,144,84,60,0,Purchase,,,,,,,8,33
C0195,T019504,2026-01-05,Bronze,2020-09-21,34,Female,Ahmedabad,CA,Medium,App,Apple,Smartphone,iPhone,2,105101,1,1051,221,149,681,Purchase,,,,,,,9,35
C0195,T019505,2026-02-20,Bronze,2020-09-21,34,Female,Ahmedabad,CA,Medium,App,Apple,Watch,Apple Watch,2,92135,1,921,349,135,437,Referral,,,,,,,2,32
C0195,T019506,2026-02-06,Bronze,2020-09-21,34,Female,Ahmedabad,CA,Medium,Offline,Apple,Smartphone,iPhone,2,110877,0,1108,358,184,566,Referral,,,,,,,9,31
C0196,T019601,2026-03-26,Platinum,2025-01-07,24,Female,Ahmedabad,Engineer,Low,Online,Bose,Audio,QC Headphones,2,114293,1,1142,277,865,0,Purchase,,,,,,,5,30
C0196,T019602,2026-03-31,Platinum,2025-01-07,24,Female,Ahmedabad,Engineer,Low,App,Bose,Speaker,SoundLink,2,153856,1,1538,58,1480,0,Purchase,,,,,,,19,15
C0196,T019603,2026-02-28,Platinum,2025-01-07,24,Female,Ahmedabad,Engineer,Low,Offline,Bose,Speaker,SoundLink,1,77804,1,778,407,77,294,Purchase,,,,,,,5,23
C0196,T019604,2026-04-10,Platinum,2025-01-07,24,Female,Ahmedabad,Engineer,Low,Online,Bose,Speaker,SoundLink,1,6100,0,61,41,20,0,Birthday,,,,,,,12,26
C0196,T019605,2026-05-09,Platinum,2025-01-07,24,Female,Ahmedabad,Engineer,Low,Offline,Sony,Gaming,PlayStation,2,113159,1,1131,836,295,0,Birthday,,,,,,,4,13
C0196,T019606,2026-03-26,Platinum,2025-01-07,24,Female,Ahmedabad,Engineer,Low,Online,Bose,Audio,QC Headphones,2,114544,1,1145,896,249,0,Purchase,,,,,,,7,27
C0196,T019607,2026-01-21,Platinum,2025-01-07,24,Female,Ahmedabad,Engineer,Low,Offline,Apple,Audio,AirPods,2,169197,1,1691,110,385,1196,Birthday,,,,,,,2,27
C0196,T019608,2026-05-24,Platinum,2025-01-07,24,Female,Ahmedabad,Engineer,Low,Online,Bose,Speaker,SoundLink,1,25686,0,256,93,163,0,Festival,,,,,,,19,7
C0196,T019609,2026-05-22,Platinum,2025-01-07,24,Female,Ahmedabad,Engineer,Low,App,Bose,Speaker,SoundLink,2,114275,0,1142,528,614,0,Purchase,,,,,,,4,22
C0196,T019610,2026-06-14,Platinum,2025-01-07,24,Female,Ahmedabad,Engineer,Low,Online,Sony,TV,Bravia,2,14830,1,148,72,76,0,Purchase,,,,,,,5,23
C0197,T019701,2026-06-21,Platinum,2022-04-28,31,Male,Bengaluru,Manager,Medium,App,Sony,Gaming,PlayStation,2,56808,0,568,390,178,0,Festival,,,,,,,17,12
C0197,T019702,2026-04-16,Platinum,2022-04-28,31,Male,Bengaluru,Manager,Medium,Offline,Sony,TV,Bravia,1,106555,0,1065,664,401,0,Festival,,,,,,,6,29
C0197,T019703,2026-01-19,Platinum,2022-04-28,31,Male,Bengaluru,Manager,Medium,Offline,Sony,Gaming,PlayStation,1,70035,1,700,102,577,21,Festival,,,,,,,4,22
C0197,T019704,2026-02-23,Platinum,2022-04-28,31,Male,Bengaluru,Manager,Medium,Online,Sony,TV,Bravia,1,26432,1,264,133,59,72,Festival,,,,,,,10,27
C0197,T019705,2026-01-05,Platinum,2022-04-28,31,Male,Bengaluru,Manager,Medium,Offline,Sony,TV,Bravia,2,48974,0,489,155,28,306,Birthday,,,,,,,7,28
C0197,T019706,2026-06-26,Platinum,2022-04-28,31,Male,Bengaluru,Manager,Medium,App,Bose,Audio,QC Headphones,1,156211,0,1562,201,1361,0,Birthday,,,,,,,15,14
C0197,T019707,2026-04-16,Platinum,2022-04-28,31,Male,Bengaluru,Manager,Medium,App,Sony,TV,Bravia,1,119785,1,1197,913,284,0,Referral,,,,,,,18,25
C0198,T019801,2026-05-10,Bronze,2023-10-23,36,Female,Bengaluru,CA,Medium,Offline,Google Nest,Security,Nest Cam,1,81127,0,811,545,266,0,Referral,,,,,,,5,25
C0198,T019802,2026-03-30,Bronze,2023-10-23,36,Female,Bengaluru,CA,Medium,Offline,Bose,Audio,QC Headphones,2,93845,1,938,561,377,0,Festival,,,,,,,5,30
C0198,T019803,2026-06-12,Bronze,2023-10-23,36,Female,Bengaluru,CA,Medium,App,Google Nest,Smart Home,Nest Hub,1,147365,0,1473,120,1353,0,Referral,,,,,,,8,29
C0198,T019804,2026-04-05,Bronze,2023-10-23,36,Female,Bengaluru,CA,Medium,App,Sony,Gaming,PlayStation,2,72935,0,729,382,347,0,Referral,,,,,,,1,34
C0198,T019805,2026-01-18,Bronze,2023-10-23,36,Female,Bengaluru,CA,Medium,Offline,Google Nest,Security,Nest Cam,1,9926,1,99,34,8,57,Birthday,,,,,,,8,5
C0199,T019901,2026-04-18,Bronze,2020-11-14,45,Male,Pune,CA,Medium,App,Bose,Speaker,SoundLink,1,48199,0,481,357,124,0,Festival,,,,,,,1,22
C0199,T019902,2026-01-11,Bronze,2020-11-14,45,Male,Pune,CA,Medium,App,Bose,Audio,QC Headphones,1,111433,1,1114,394,595,125,Purchase,,,,,,,3,30
C0199,T019903,2026-06-13,Bronze,2020-11-14,45,Male,Pune,CA,Medium,Offline,Bose,Audio,QC Headphones,1,46073,1,460,222,238,0,Purchase,,,,,,,9,10
C0199,T019904,2026-03-29,Bronze,2020-11-14,45,Male,Pune,CA,Medium,App,Bose,Speaker,SoundLink,1,74438,0,744,270,474,0,Festival,,,,,,,4,33
C0199,T019905,2026-03-20,Bronze,2020-11-14,45,Male,Pune,CA,Medium,Offline,Bose,Audio,QC Headphones,2,142560,1,1425,107,1318,0,Purchase,,,,,,,20,35
C0199,T019906,2026-05-25,Bronze,2020-11-14,45,Male,Pune,CA,Medium,Offline,Bose,Audio,QC Headphones,1,29619,1,296,76,220,0,Birthday,,,,,,,18,33
C0199,T019907,2026-05-27,Bronze,2020-11-14,45,Male,Pune,CA,Medium,Online,Bose,Audio,QC Headphones,1,124596,0,1245,158,1087,0,Referral,,,,,,,5,13
C0200,T020001,2026-06-26,Platinum,2022-07-22,50,Male,Delhi,Doctor,High,App,Google Nest,Security,Nest Cam,2,136147,1,1361,100,1261,0,Birthday,,,,,,,1,3
C0200,T020002,2026-05-01,Platinum,2022-07-22,50,Male,Delhi,Doctor,High,Online,Google Nest,Security,Nest Cam,1,81280,0,812,125,687,0,Purchase,,,,,,,1,3
C0200,T020003,2026-01-12,Platinum,2022-07-22,50,Male,Delhi,Doctor,High,Online,Google Nest,Smart Home,Nest Hub,1,57924,0,579,54,280,245,Birthday,,,,,,,7,3
C0200,T020004,2026-06-09,Platinum,2022-07-22,50,Male,Delhi,Doctor,High,Online,Google Nest,Smart Home,Nest Hub,1,143558,1,1435,110,1325,0,Referral,,,,,,,11,21
C0200,T020005,2026-03-22,Platinum,2022-07-22,50,Male,Delhi,Doctor,High,Offline,Google Nest,Smart Home,Nest Hub,2,145651,1,1456,885,571,0,Purchase,,,,,,,9,22
C0200,T020006,2026-03-21,Platinum,2022-07-22,50,Male,Delhi,Doctor,High,Offline,Google Nest,Smart Home,Nest Hub,2,60768,1,607,105,502,0,Birthday,,,,,,,5,17
C0200,T020007,2026-03-28,Platinum,2022-07-22,50,Male,Delhi,Doctor,High,App,Google Nest,Smart Home,Nest Hub,1,172588,0,1725,993,732,0,Referral,,,,,,,1,6
