Customer_ID,predicted_churn_risk,predicted_customer_health,recommended_action,customer_message,Top_3_Rewards,Scores,Business_Insight,Expected_Impact,Cluster,Persona
C0001,Low,Needs Attention,loyalty_nudge,We are nudging the customer with a personalized loyalty experience.,"[{'reward_name': 'Airport Lounge Access', 'score': 80.04, 'reason': 'Unknown customers respond well to airport lounge access because the offer is aligned to their smartphone preference and reward behavior.', 'business_benefit': 'Improves loyalty performance and encourages repeat purchases.', 'customer_benefit': 'Helps the customer receive more value from their purchases through airport lounge access.'}, {'reward_name': 'Hotel Discounts', 'score': 78.34, 'reason': 'Unknown customers respond well to hotel discounts because the offer is aligned to their smartphone preference and reward behavior.', 'business_benefit': 'Improves loyalty performance and encourages repeat purchases.', 'customer_benefit': 'Helps the customer receive more value from their purchases through hotel discounts.'}, {'reward_name': 'Lifestyle Offers', 'score': 78.34, 'reason': 'Unknown customers respond well to lifestyle offers because the offer is aligned to their smartphone preference and reward behavior.', 'business_benefit': 'Improves loyalty performance and encourages repeat purchases.', 'customer_benefit': 'Helps the customer receive more value from their purchases through lifestyle offers.'}]","[80.04, 78.34, 78.34]","Unknown customers in cluster -1 show a strong fit for Airport Lounge Access, Hotel Discounts, Lifestyle Offers based on spend, engagement, and reward behavior.",Moderate uplift in engagement and repeat purchase intent with a clear ROI path.,-1,Unknown
C0002,Low,Critical,retention_offer,We are prioritizing a tailored retention offer to protect engagement.,"[{'reward_name': 'Airport Lounge Access', 'score': 76.61, 'reason': 'Unknown customers respond well to airport lounge access because the offer is aligned to their audio preference and reward behavior.', 'business_benefit': 'Improves loyalty performance and encourages repeat purchases.', 'customer_benefit': 'Helps the customer receive more value from their purchases through airport lounge access.'}, {'reward_name': 'Hotel Discounts', 'score': 74.91, 'reason': 'Unknown customers respond well to hotel discounts because the offer is aligned to their audio preference and reward behavior.', 'business_benefit': 'Improves loyalty performance and encourages repeat purchases.', 'customer_benefit': 'Helps the customer receive more value from their purchases through hotel discounts.'}, {'reward_name': 'Lifestyle Offers', 'score': 74.91, 'reason': 'Unknown customers respond well to lifestyle offers because the offer is aligned to their audio preference and reward behavior.', 'business_benefit': 'Improves loyalty performance and encourages repeat purchases.', 'customer_benefit': 'Helps the customer receive more value from their purchases through lifestyle offers.'}]","[76.61, 74.91, 74.91]","Unknown customers in cluster -1 show a strong fit for Airport Lounge Access, Hotel Discounts, Lifestyle Offers based on spend, engagement, and reward behavior.",Moderate uplift in engagement and repeat purchase intent with a clear ROI path.,-1,Unknown
C0003,Low,Critical,retention_offer,We are prioritizing a tailored retention offer to protect engagement.,"[{'reward_name': 'Airport Lounge Access', 'score': 74.18, 'reason': 'Unknown customers respond well to airport lounge access because the offer is aligned to their smartphone preference and reward behavior.', 'business_benefit': 'Improves loyalty performance and encourages repeat purchases.', 'customer_benefit': 'Helps the customer receive more value from their purchases through airport lounge access.'}, {'reward_name': 'Hotel Discounts', 'score': 72.48, 'reason': 'Unknown customers respond well to hotel discounts because the offer is aligned to their smartphone preference and reward behavior.', 'business_benefit': 'Improves loyalty performance and encourages repeat purchases.', 'customer_benefit': 'Helps the customer receive more value from their purchases through hotel discounts.'}, {'reward_name': 'Lifestyle Offers', 'score': 72.48, 'reason': 'Unknown customers respond well to lifestyle offers because the offer is aligned to their smartphone preference and reward behavior.', 'business_benefit': 'Improves loyalty performance and encourages repeat purchases.', 'customer_benefit': 'Helps the customer receive more value from their purchases through lifestyle offers.'}]","[74.18, 72.48, 72.48]","Unknown customers in cluster -1 show a strong fit for Airport Lounge Access, Hotel Discounts, Lifestyle Offers based on spend, engagement, and reward behavior.",Moderate uplift in engagement and repeat purchase intent with a clear ROI path.,-1,Unknown
C0004,Low,Needs Attention,loyalty_nudge,We are nudging the customer with a personalized loyalty experience.,"[{'reward_name': 'Airport Lounge Access', 'score': 79.92, 'reason': 'Unknown customers respond well to airport lounge access because the offer is aligned to their speaker preference and reward behavior.', 'business_benefit': 'Improves loyalty performance and encourages repeat purchases.', 'customer_benefit': 'Helps the customer receive more value from their purchases through airport lounge access.'}, {'reward_name': 'Hotel Discounts', 'score': 78.22, 'reason': 'Unknown customers respond well to hotel discounts because the offer is aligned to their speaker preference and reward behavior.', 'business_benefit': 'Improves loyalty performance and encourages repeat purchases.', 'customer_benefit': 'Helps the customer receive more value from their purchases through hotel discounts.'}, {'reward_name': 'Lifestyle Offers', 'score': 78.22, 'reason': 'Unknown customers respond well to lifestyle offers because the offer is aligned to their speaker preference and reward behavior.', 'business_benefit': 'Improves loyalty performance and encourages repeat purchases.', 'customer_benefit': 'Helps the customer receive more value from their purchases through lifestyle offers.'}]","[79.92, 78.22, 78.22]","Unknown customers in cluster -1 show a strong fit for Airport Lounge Access, Hotel Discounts, Lifestyle Offers based on spend, engagement, and reward behavior.",Moderate uplift in engagement and repeat purchase intent with a clear ROI path.,-1,Unknown
C0005,Low,Needs Attention,loyalty_nudge,We are nudging the customer with a personalized loyalty experience.,"[{'reward_name': 'Airport Lounge Access', 'score': 79.31, 'reason': 'Unknown customers respond well to airport lounge access because the offer is aligned to their audio preference and reward behavior.', 'business_benefit': 'Improves loyalty performance and encourages repeat purchases.', 'customer_benefit': 'Helps the customer receive more value from their purchases through airport lounge access.'}, {'reward_name': 'Hotel Discounts', 'score': 77.61, 'reason': 'Unknown customers respond well to hotel discounts because the offer is aligned to their audio preference and reward behavior.', 'business_benefit': 'Improves loyalty performance and encourages repeat purchases.', 'customer_benefit': 'Helps the customer receive more value from their purchases through hotel discounts.'}, {'reward_name': 'Lifestyle Offers', 'score': 77.61, 'reason': 'Unknown customers respond well to lifestyle offers because the offer is aligned to their audio preference and reward behavior.', 'business_benefit': 'Improves loyalty performance and encourages repeat purchases.', 'customer_benefit': 'Helps the customer receive more value from their purchases through lifestyle offers.'}]","[79.31, 77.61, 77.61]","Unknown customers in cluster -1 show a strong fit for Airport Lounge Access, Hotel Discounts, Lifestyle Offers based on spend, engagement, and reward behavior.",Moderate uplift in engagement and repeat purchase intent with a clear ROI path.,-1,Unknown
C0006,Low,Needs Attention,loyalty_nudge,We are nudging the customer with a personalized loyalty experience.,"[{'reward_name': 'Airport Lounge Access', 'score': 79.02, 'reason': 'Unknown customers respond well to airport lounge access because the offer is aligned to their smartphone preference and reward behavior.', 'business_benefit': 'Improves loyalty performance and encourages repeat purchases.', 'customer_benefit': 'Helps the customer receive more value from their purchases through airport lounge access.'}, {'reward_name': 'Hotel Discounts', 'score': 77.32, 'reason': 'Unknown customers respond well to hotel discounts because the offer is aligned to their smartphone preference and reward behavior.', 'business_benefit': 'Improves loyalty performance and encourages repeat purchases.', 'customer_benefit': 'Helps the customer receive more value from their purchases through hotel discounts.'}, {'reward_name': 'Lifestyle Offers', 'score': 77.32, 'reason': 'Unknown customers respond well to lifestyle offers because the offer is aligned to their smartphone preference and reward behavior.', 'business_benefit': 'Improves loyalty performance and encourages repeat purchases.', 'customer_benefit': 'Helps the customer receive more value from their purchases through lifestyle offers.'}]","[79.02, 77.32, 77.32]","Unknown customers in cluster -1 show a strong fit for Airport Lounge Access, Hotel Discounts, Lifestyle Offers based on spend, engagement, and reward behavior.",Moderate uplift in engagement and repeat purchase intent with a clear ROI path.,-1,Unknown
C0007,Low,Needs Attention,loyalty_nudge,We are nudging the customer with a personalized loyalty experience.,"[{'reward_name': 'Airport Lounge Access', 'score': 77.65, 'reason': 'Unknown customers respond well to airport lounge access because the offer is aligned to their audio preference and reward behavior.', 'business_benefit': 'Improves loyalty performance and encourages repeat purchases.', 'customer_benefit': 'Helps the customer receive more value from their purchases through airport lounge access.'}, {'reward_name': 'Hotel Discounts', 'score': 75.95, 'reason': 'Unknown customers respond well to hotel discounts because the offer is aligned to their audio preference and reward behavior.', 'business_benefit': 'Improves loyalty performance and encourages repeat purchases.', 'customer_benefit': 'Helps the customer receive more value from their purchases through hotel discounts.'}, {'reward_name': 'Lifestyle Offers', 'score': 75.95, 'reason': 'Unknown customers respond well to lifestyle offers because the offer is aligned to their audio preference and reward behavior.', 'business_benefit': 'Improves loyalty performance and encourages repeat purchases.', 'customer_benefit': 'Helps the customer receive more value from their purchases through lifestyle offers.'}]","[77.65, 75.95, 75.95]","Unknown customers in cluster -1 show a strong fit for Airport Lounge Access, Hotel Discounts, Lifestyle Offers based on spend, engagement, and reward behavior.",Moderate uplift in engagement and repeat purchase intent with a clear ROI path.,-1,Unknown
C0008,Low,Critical,retention_offer,We are prioritizing a tailored retention offer to protect engagement.,"[{'reward_name': 'Airport Lounge Access', 'score': 78.52, 'reason': 'Unknown customers respond well to airport lounge access because the offer is aligned to their audio preference and reward behavior.', 'business_benefit': 'Improves loyalty performance and encourages repeat purchases.', 'customer_benefit': 'Helps the customer receive more value from their purchases through airport lounge access.'}, {'reward_name': 'Hotel Discounts', 'score': 76.82, 'reason': 'Unknown customers respond well to hotel discounts because the offer is aligned to their audio preference and reward behavior.', 'business_benefit': 'Improves loyalty performance and encourages repeat purchases.', 'customer_benefit': 'Helps the customer receive more value from their purchases through hotel discounts.'}, {'reward_name': 'Lifestyle Offers', 'score': 76.82, 'reason': 'Unknown customers respond well to lifestyle offers because the offer is aligned to their audio preference and reward behavior.', 'business_benefit': 'Improves loyalty performance and encourages repeat purchases.', 'customer_benefit': 'Helps the customer receive more value from their purchases through lifestyle offers.'}]","[78.52, 76.82, 76.82]","Unknown customers in cluster -1 show a strong fit for Airport Lounge Access, Hotel Discounts, Lifestyle Offers based on spend, engagement, and reward behavior.",Moderate uplift in engagement and repeat purchase intent with a clear ROI path.,-1,Unknown
C0009,Low,Critical,retention_offer,We are prioritizing a tailored retention offer to protect engagement.,"[{'reward_name': 'Airport Lounge Access', 'score': 77.57, 'reason': 'Unknown customers respond well to airport lounge access because the offer is aligned to their audio preference and reward behavior.', 'business_benefit': 'Improves loyalty performance and encourages repeat purchases.', 'customer_benefit': 'Helps the customer receive more value from their purchases through airport lounge access.'}, {'reward_name': 'Hotel Discounts', 'score': 75.87, 'reason': 'Unknown customers respond well to hotel discounts because the offer is aligned to their audio preference and reward behavior.', 'business_benefit': 'Improves loyalty performance and encourages repeat purchases.', 'customer_benefit': 'Helps the customer receive more value from their purchases through hotel discounts.'}, {'reward_name': 'Lifestyle Offers', 'score': 75.87, 'reason': 'Unknown customers respond well to lifestyle offers because the offer is aligned to their audio preference and reward behavior.', 'business_benefit': 'Improves loyalty performance and encourages repeat purchases.', 'customer_benefit': 'Helps the customer receive more value from their purchases through lifestyle offers.'}]","[77.57, 75.87, 75.87]","Unknown customers in cluster -1 show a strong fit for Airport Lounge Access, Hotel Discounts, Lifestyle Offers based on spend, engagement, and reward behavior.",Moderate uplift in engagement and repeat purchase intent with a clear ROI path.,-1,Unknown
C0010,Low,Critical,retention_offer,We are prioritizing a tailored retention offer to protect engagement.,"[{'reward_name': 'Airport Lounge Access', 'score': 76.99, 'reason': 'Unknown customers respond well to airport lounge access because the offer is aligned to their audio preference and reward behavior.', 'business_benefit': 'Improves loyalty performance and encourages repeat purchases.', 'customer_benefit': 'Helps the customer receive more value from their purchases through airport lounge access.'}, {'reward_name': 'Hotel Discounts', 'score': 75.29, 'reason': 'Unknown customers respond well to hotel discounts because the offer is aligned to their audio preference and reward behavior.', 'business_benefit': 'Improves loyalty performance and encourages repeat purchases.', 'customer_benefit': 'Helps the customer receive more value from their purchases through hotel discounts.'}, {'reward_name': 'Lifestyle Offers', 'score': 75.29, 'reason': 'Unknown customers respond well to lifestyle offers because the offer is aligned to their audio preference and reward behavior.', 'business_benefit': 'Improves loyalty performance and encourages repeat purchases.', 'customer_benefit': 'Helps the customer receive more value from their purchases through lifestyle offers.'}]","[76.99, 75.29, 75.29]","Unknown customers in cluster -1 show a strong fit for Airport Lounge Access, Hotel Discounts, Lifestyle Offers based on spend, engagement, and reward behavior.",Moderate uplift in engagement and repeat purchase intent with a clear ROI path.,-1,Unknown
C0011,Low,Needs Attention,loyalty_nudge,We are nudging the customer with a personalized loyalty experience.,"[{'reward_name': 'Airport Lounge Access', 'score': 76.18, 'reason': 'Unknown customers respond well to airport lounge access because the offer is aligned to their audio preference and reward behavior.', 'business_benefit': 'Improves loyalty performance and encourages repeat purchases.', 'customer_benefit': 'Helps the customer receive more value from their purchases through airport lounge access.'}, {'reward_name': 'Hotel Discounts', 'score': 74.48, 'reason': 'Unknown customers respond well to hotel discounts because the offer is aligned to their audio preference and reward behavior.', 'business_benefit': 'Improves loyalty performance and encourages repeat purchases.', 'customer_benefit': 'Helps the customer receive more value from their purchases through hotel discounts.'}, {'reward_name': 'Lifestyle Offers', 'score': 74.48, 'reason': 'Unknown customers respond well to lifestyle offers because the offer is aligned to their audio preference and reward behavior.', 'business_benefit': 'Improves loyalty performance and encourages repeat purchases.', 'customer_benefit': 'Helps the customer receive more value from their purchases through lifestyle offers.'}]","[76.18, 74.48, 74.48]","Unknown customers in cluster -1 show a strong fit for Airport Lounge Access, Hotel Discounts, Lifestyle Offers based on spend, engagement, and reward behavior.",Moderate uplift in engagement and repeat purchase intent with a clear ROI path.,-1,Unknown
C0012,Low,Needs Attention,loyalty_nudge,We are nudging the customer with a personalized loyalty experience.,"[{'reward_name': 'Airport Lounge Access', 'score': 75.67, 'reason': 'Unknown customers respond well to airport lounge access because the offer is aligned to their speaker preference and reward behavior.', 'business_benefit': 'Improves loyalty performance and encourages repeat purchases.', 'customer_benefit': 'Helps the customer receive more value from their purchases through airport lounge access.'}, {'reward_name': 'Hotel Discounts', 'score': 73.97, 'reason': 'Unknown customers respond well to hotel discounts because the offer is aligned to their speaker preference and reward behavior.', 'business_benefit': 'Improves loyalty performance and encourages repeat purchases.', 'customer_benefit': 'Helps the customer receive more value from their purchases through hotel discounts.'}, {'reward_name': 'Lifestyle Offers', 'score': 73.97, 'reason': 'Unknown customers respond well to lifestyle offers because the offer is aligned to their speaker preference and reward behavior.', 'business_benefit': 'Improves loyalty performance and encourages repeat purchases.', 'customer_benefit': 'Helps the customer receive more value from their purchases through lifestyle offers.'}]","[75.67, 73.97, 73.97]","Unknown customers in cluster -1 show a strong fit for Airport Lounge Access, Hotel Discounts, Lifestyle Offers based on spend, engagement, and reward behavior.",Moderate uplift in engagement and repeat purchase intent with a clear ROI path.,-1,Unknown
C0013,Low,Needs Attention,loyalty_nudge,We are nudging the customer with a personalized loyalty experience.,"[{'reward_name': 'Airport Lounge Access', 'score': 76.28, 'reason': 'Unknown customers respond well to airport lounge access because the offer is aligned to their audio preference and reward behavior.', 'business_benefit': 'Improves loyalty performance and encourages repeat purchases.', 'customer_benefit': 'Helps the customer receive more value from their purchases through airport lounge access.'}, {'reward_name': 'Hotel Discounts', 'score': 74.58, 'reason': 'Unknown customers respond well to hotel discounts because the offer is aligned to their audio preference and reward behavior.', 'business_benefit': 'Improves loyalty performance and encourages repeat purchases.', 'customer_benefit': 'Helps the customer receive more value from their purchases through hotel discounts.'}, {'reward_name': 'Lifestyle Offers', 'score': 74.58, 'reason': 'Unknown customers respond well to lifestyle offers because the offer is aligned to their audio preference and reward behavior.', 'business_benefit': 'Improves loyalty performance and encourages repeat purchases.', 'customer_benefit': 'Helps the customer receive more value from their purchases through lifestyle offers.'}]","[76.28, 74.58, 74.58]","Unknown customers in cluster -1 show a strong fit for Airport Lounge Access, Hotel Discounts, Lifestyle Offers based on spend, engagement, and reward behavior.",Moderate uplift in engagement and repeat purchase intent with a clear ROI path.,-1,Unknown
C0014,Low,Critical,retention_offer,We are prioritizing a tailored retention offer to protect engagement.,"[{'reward_name': 'Airport Lounge Access', 'score': 74.34, 'reason': 'Unknown customers respond well to airport lounge access because the offer is aligned to their audio preference and reward behavior.', 'business_benefit': 'Improves loyalty performance and encourages repeat purchases.', 'customer_benefit': 'Helps the customer receive more value from their purchases through airport lounge access.'}, {'reward_name': 'Hotel Discounts', 'score': 72.64, 'reason': 'Unknown customers respond well to hotel discounts because the offer is aligned to their audio preference and reward behavior.', 'business_benefit': 'Improves loyalty performance and encourages repeat purchases.', 'customer_benefit': 'Helps the customer receive more value from their purchases through hotel discounts.'}, {'reward_name': 'Lifestyle Offers', 'score': 72.64, 'reason': 'Unknown customers respond well to lifestyle offers because the offer is aligned to their audio preference and reward behavior.', 'business_benefit': 'Improves loyalty performance and encourages repeat purchases.', 'customer_benefit': 'Helps the customer receive more value from their purchases through lifestyle offers.'}]","[74.34, 72.64, 72.64]","Unknown customers in cluster -1 show a strong fit for Airport Lounge Access, Hotel Discounts, Lifestyle Offers based on spend, engagement, and reward behavior.",Moderate uplift in engagement and repeat purchase intent with a clear ROI path.,-1,Unknown
C0015,Low,Needs Attention,loyalty_nudge,We are nudging the customer with a personalized loyalty experience.,"[{'reward_name': 'Airport Lounge Access', 'score': 74.99, 'reason': 'Unknown customers respond well to airport lounge access because the offer is aligned to their speaker preference and reward behavior.', 'business_benefit': 'Improves loyalty performance and encourages repeat purchases.', 'customer_benefit': 'Helps the customer receive more value from their purchases through airport lounge access.'}, {'reward_name': 'Hotel Discounts', 'score': 73.29, 'reason': 'Unknown customers respond well to hotel discounts because the offer is aligned to their speaker preference and reward behavior.', 'business_benefit': 'Improves loyalty performance and encourages repeat purchases.', 'customer_benefit': 'Helps the customer receive more value from their purchases through hotel discounts.'}, {'reward_name': 'Lifestyle Offers', 'score': 73.29, 'reason': 'Unknown customers respond well to lifestyle offers because the offer is aligned to their speaker preference and reward behavior.', 'business_benefit': 'Improves loyalty performance and encourages repeat purchases.', 'customer_benefit': 'Helps the customer receive more value from their purchases through lifestyle offers.'}]","[74.99, 73.29, 73.29]","Unknown customers in cluster -1 show a strong fit for Airport Lounge Access, Hotel Discounts, Lifestyle Offers based on spend, engagement, and reward behavior.",Moderate uplift in engagement and repeat purchase intent with a clear ROI path.,-1,Unknown
C0016,Low,Critical,retention_offer,We are prioritizing a tailored retention offer to protect engagement.,"[{'reward_name': 'Airport Lounge Access', 'score': 75.01, 'reason': 'Unknown customers respond well to airport lounge access because the offer is aligned to their security preference and reward behavior.', 'business_benefit': 'Improves loyalty performance and encourages repeat purchases.', 'customer_benefit': 'Helps the customer receive more value from their purchases through airport lounge access.'}, {'reward_name': 'Hotel Discounts', 'score': 73.31, 'reason': 'Unknown customers respond well to hotel discounts because the offer is aligned to their security preference and reward behavior.', 'business_benefit': 'Improves loyalty performance and encourages repeat purchases.', 'customer_benefit': 'Helps the customer receive more value from their purchases through hotel discounts.'}, {'reward_name': 'Lifestyle Offers', 'score': 73.31, 'reason': 'Unknown customers respond well to lifestyle offers because the offer is aligned to their security preference and reward behavior.', 'business_benefit': 'Improves loyalty performance and encourages repeat purchases.', 'customer_benefit': 'Helps the customer receive more value from their purchases through lifestyle offers.'}]","[75.01, 73.31, 73.31]","Unknown customers in cluster -1 show a strong fit for Airport Lounge Access, Hotel Discounts, Lifestyle Offers based on spend, engagement, and reward behavior.",Moderate uplift in engagement and repeat purchase intent with a clear ROI path.,-1,Unknown
C0017,Low,Critical,retention_offer,We are prioritizing a tailored retention offer to protect engagement.,"[{'reward_name': 'Airport Lounge Access', 'score': 77.52, 'reason': 'Unknown customers respond well to airport lounge access because the offer is aligned to their audio preference and reward behavior.', 'business_benefit': 'Improves loyalty performance and encourages repeat purchases.', 'customer_benefit': 'Helps the customer receive more value from their purchases through airport lounge access.'}, {'reward_name': 'Hotel Discounts', 'score': 75.82, 'reason': 'Unknown customers respond well to hotel discounts because the offer is aligned to their audio preference and reward behavior.', 'business_benefit': 'Improves loyalty performance and encourages repeat purchases.', 'customer_benefit': 'Helps the customer receive more value from their purchases through hotel discounts.'}, {'reward_name': 'Lifestyle Offers', 'score': 75.82, 'reason': 'Unknown customers respond well to lifestyle offers because the offer is aligned to their audio preference and reward behavior.', 'business_benefit': 'Improves loyalty performance and encourages repeat purchases.', 'customer_benefit': 'Helps the customer receive more value from their purchases through lifestyle offers.'}]","[77.52, 75.82, 75.82]","Unknown customers in cluster -1 show a strong fit for Airport Lounge Access, Hotel Discounts, Lifestyle Offers based on spend, engagement, and reward behavior.",Moderate uplift in engagement and repeat purchase intent with a clear ROI path.,-1,Unknown
C0018,Low,Needs Attention,loyalty_nudge,We are nudging the customer with a personalized loyalty experience.,"[{'reward_name': 'Airport Lounge Access', 'score': 78.79, 'reason': 'Unknown customers respond well to airport lounge access because the offer is aligned to their audio preference and reward behavior.', 'business_benefit': 'Improves loyalty performance and encourages repeat purchases.', 'customer_benefit': 'Helps the customer receive more value from their purchases through airport lounge access.'}, {'reward_name': 'Hotel Discounts', 'score': 77.09, 'reason': 'Unknown customers respond well to hotel discounts because the offer is aligned to their audio preference and reward behavior.', 'business_benefit': 'Improves loyalty performance and encourages repeat purchases.', 'customer_benefit': 'Helps the customer receive more value from their purchases through hotel discounts.'}, {'reward_name': 'Lifestyle Offers', 'score': 77.09, 'reason': 'Unknown customers respond well to lifestyle offers because the offer is aligned to their audio preference and reward behavior.', 'business_benefit': 'Improves loyalty performance and encourages repeat purchases.', 'customer_benefit': 'Helps the customer receive more value from their purchases through lifestyle offers.'}]","[78.79, 77.09, 77.09]","Unknown customers in cluster -1 show a strong fit for Airport Lounge Access, Hotel Discounts, Lifestyle Offers based on spend, engagement, and reward behavior.",Moderate uplift in engagement and repeat purchase intent with a clear ROI path.,-1,Unknown
C0019,Low,Critical,retention_offer,We are prioritizing a tailored retention offer to protect engagement.,"[{'reward_name': 'Airport Lounge Access', 'score': 75.39, 'reason': 'Unknown customers respond well to airport lounge access because the offer is aligned to their smart home preference and reward behavior.', 'business_benefit': 'Improves loyalty performance and encourages repeat purchases.', 'customer_benefit': 'Helps the customer receive more value from their purchases through airport lounge access.'}, {'reward_name': 'Hotel Discounts', 'score': 73.69, 'reason': 'Unknown customers respond well to hotel discounts because the offer is aligned to their smart home preference and reward behavior.', 'business_benefit': 'Improves loyalty performance and encourages repeat purchases.', 'customer_benefit': 'Helps the customer receive more value from their purchases through hotel discounts.'}, {'reward_name': 'Lifestyle Offers', 'score': 73.69, 'reason': 'Unknown customers respond well to lifestyle offers because the offer is aligned to their smart home preference and reward behavior.', 'business_benefit': 'Improves loyalty performance and encourages repeat purchases.', 'customer_benefit': 'Helps the customer receive more value from their purchases through lifestyle offers.'}]","[75.39, 73.69, 73.69]","Unknown customers in cluster -1 show a strong fit for Airport Lounge Access, Hotel Discounts, Lifestyle Offers based on spend, engagement, and reward behavior.",Moderate uplift in engagement and repeat purchase intent with a clear ROI path.,-1,Unknown
C0020,Low,Critical,retention_offer,We are prioritizing a tailored retention offer to protect engagement.,"[{'reward_name': 'Airport Lounge Access', 'score': 73.2, 'reason': 'Unknown customers respond well to airport lounge access because the offer is aligned to their audio preference and reward behavior.', 'business_benefit': 'Improves loyalty performance and encourages repeat purchases.', 'customer_benefit': 'Helps the customer receive more value from their purchases through airport lounge access.'}, {'reward_name': 'Hotel Discounts', 'score': 71.5, 'reason': 'Unknown customers respond well to hotel discounts because the offer is aligned to their audio preference and reward behavior.', 'business_benefit': 'Improves loyalty performance and encourages repeat purchases.', 'customer_benefit': 'Helps the customer receive more value from their purchases through hotel discounts.'}, {'reward_name': 'Lifestyle Offers', 'score': 71.5, 'reason': 'Unknown customers respond well to lifestyle offers because the offer is aligned to their audio preference and reward behavior.', 'business_benefit': 'Improves loyalty performance and encourages repeat purchases.', 'customer_benefit': 'Helps the customer receive more value from their purchases through lifestyle offers.'}]","[73.2, 71.5, 71.5]","Unknown customers in cluster -1 show a strong fit for Airport Lounge Access, Hotel Discounts, Lifestyle Offers based on spend, engagement, and reward behavior.",Moderate uplift in engagement and repeat purchase intent with a clear ROI path.,-1,Unknown
C0021,Low,Needs Attention,loyalty_nudge,We are nudging the customer with a personalized loyalty experience.,"[{'reward_name': 'Airport Lounge Access', 'score': 77.84, 'reason': 'Unknown customers respond well to airport lounge access because the offer is aligned to their tv preference and reward behavior.', 'business_benefit': 'Improves loyalty performance and encourages repeat purchases.', 'customer_benefit': 'Helps the customer receive more value from their purchases through airport lounge access.'}, {'reward_name': 'Hotel Discounts', 'score': 76.14, 'reason': 'Unknown customers respond well to hotel discounts because the offer is aligned to their tv preference and reward behavior.', 'business_benefit': 'Improves loyalty performance and encourages repeat purchases.', 'customer_benefit': 'Helps the customer receive more value from their purchases through hotel discounts.'}, {'reward_name': 'Lifestyle Offers', 'score': 76.14, 'reason': 'Unknown customers respond well to lifestyle offers because the offer is aligned to their tv preference and reward behavior.', 'business_benefit': 'Improves loyalty performance and encourages repeat purchases.', 'customer_benefit': 'Helps the customer receive more value from their purchases through lifestyle offers.'}]","[77.84, 76.14, 76.14]","Unknown customers in cluster -1 show a strong fit for Airport Lounge Access, Hotel Discounts, Lifestyle Offers based on spend, engagement, and reward behavior.",Moderate uplift in engagement and repeat purchase intent with a clear ROI path.,-1,Unknown
C0022,Low,Critical,retention_offer,We are prioritizing a tailored retention offer to protect engagement.,"[{'reward_name': 'Airport Lounge Access', 'score': 78.17, 'reason': 'Unknown customers respond well to airport lounge access because the offer is aligned to their security preference and reward behavior.', 'business_benefit': 'Improves loyalty performance and encourages repeat purchases.', 'customer_benefit': 'Helps the customer receive more value from their purchases through airport lounge access.'}, {'reward_name': 'Hotel Discounts', 'score': 76.47, 'reason': 'Unknown customers respond well to hotel discounts because the offer is aligned to their security preference and reward behavior.', 'business_benefit': 'Improves loyalty performance and encourages repeat purchases.', 'customer_benefit': 'Helps the customer receive more value from their purchases through hotel discounts.'}, {'reward_name': 'Lifestyle Offers', 'score': 76.47, 'reason': 'Unknown customers respond well to lifestyle offers because the offer is aligned to their security preference and reward behavior.', 'business_benefit': 'Improves loyalty performance and encourages repeat purchases.', 'customer_benefit': 'Helps the customer receive more value from their purchases through lifestyle offers.'}]","[78.17, 76.47, 76.47]","Unknown customers in cluster -1 show a strong fit for Airport Lounge Access, Hotel Discounts, Lifestyle Offers based on spend, engagement, and reward behavior.",Moderate uplift in engagement and repeat purchase intent with a clear ROI path.,-1,Unknown
C0023,Low,Needs Attention,loyalty_nudge,We are nudging the customer with a personalized loyalty experience.,"[{'reward_name': 'Airport Lounge Access', 'score': 77.43, 'reason': 'Unknown customers respond well to airport lounge access because the offer is aligned to their audio preference and reward behavior.', 'business_benefit': 'Improves loyalty performance and encourages repeat purchases.', 'customer_benefit': 'Helps the customer receive more value from their purchases through airport lounge access.'}, {'reward_name': 'Hotel Discounts', 'score': 75.73, 'reason': 'Unknown customers respond well to hotel discounts because the offer is aligned to their audio preference and reward behavior.', 'business_benefit': 'Improves loyalty performance and encourages repeat purchases.', 'customer_benefit': 'Helps the customer receive more value from their purchases through hotel discounts.'}, {'reward_name': 'Lifestyle Offers', 'score': 75.73, 'reason': 'Unknown customers respond well to lifestyle offers because the offer is aligned to their audio preference and reward behavior.', 'business_benefit': 'Improves loyalty performance and encourages repeat purchases.', 'customer_benefit': 'Helps the customer receive more value from their purchases through lifestyle offers.'}]","[77.43, 75.73, 75.73]","Unknown customers in cluster -1 show a strong fit for Airport Lounge Access, Hotel Discounts, Lifestyle Offers based on spend, engagement, and reward behavior.",Moderate uplift in engagement and repeat purchase intent with a clear ROI path.,-1,Unknown
C0024,Low,Needs Attention,loyalty_nudge,We are nudging the customer with a personalized loyalty experience.,"[{'reward_name': 'Airport Lounge Access', 'score': 81.32, 'reason': 'Unknown customers respond well to airport lounge access because the offer is aligned to their audio preference and reward behavior.', 'business_benefit': 'Improves loyalty performance and encourages repeat purchases.', 'customer_benefit': 'Helps the customer receive more value from their purchases through airport lounge access.'}, {'reward_name': 'Hotel Discounts', 'score': 79.62, 'reason': 'Unknown customers respond well to hotel discounts because the offer is aligned to their audio preference and reward behavior.', 'business_benefit': 'Improves loyalty performance and encourages repeat purchases.', 'customer_benefit': 'Helps the customer receive more value from their purchases through hotel discounts.'}, {'reward_name': 'Lifestyle Offers', 'score': 79.62, 'reason': 'Unknown customers respond well to lifestyle offers because the offer is aligned to their audio preference and reward behavior.', 'business_benefit': 'Improves loyalty performance and encourages repeat purchases.', 'customer_benefit': 'Helps the customer receive more value from their purchases through lifestyle offers.'}]","[81.32, 79.62, 79.62]","Unknown customers in cluster -1 show a strong fit for Airport Lounge Access, Hotel Discounts, Lifestyle Offers based on spend, engagement, and reward behavior.",Moderate uplift in engagement and repeat purchase intent with a clear ROI path.,-1,Unknown
C0025,Low,Needs Attention,loyalty_nudge,We are nudging the customer with a personalized loyalty experience.,"[{'reward_name': 'Airport Lounge Access', 'score': 79.1, 'reason': 'Unknown customers respond well to airport lounge access because the offer is aligned to their security preference and reward behavior.', 'business_benefit': 'Improves loyalty performance and encourages repeat purchases.', 'customer_benefit': 'Helps the customer receive more value from their purchases through airport lounge access.'}, {'reward_name': 'Hotel Discounts', 'score': 77.4, 'reason': 'Unknown customers respond well to hotel discounts because the offer is aligned to their security preference and reward behavior.', 'business_benefit': 'Improves loyalty performance and encourages repeat purchases.', 'customer_benefit': 'Helps the customer receive more value from their purchases through hotel discounts.'}, {'reward_name': 'Lifestyle Offers', 'score': 77.4, 'reason': 'Unknown customers respond well to lifestyle offers because the offer is aligned to their security preference and reward behavior.', 'business_benefit': 'Improves loyalty performance and encourages repeat purchases.', 'customer_benefit': 'Helps the customer receive more value from their purchases through lifestyle offers.'}]","[79.1, 77.4, 77.4]","Unknown customers in cluster -1 show a strong fit for Airport Lounge Access, Hotel Discounts, Lifestyle Offers based on spend, engagement, and reward behavior.",Moderate uplift in engagement and repeat purchase intent with a clear ROI path.,-1,Unknown
C0026,Low,Critical,retention_offer,We are prioritizing a tailored retention offer to protect engagement.,"[{'reward_name': 'Airport Lounge Access', 'score': 76.86, 'reason': 'Unknown customers respond well to airport lounge access because the offer is aligned to their audio preference and reward behavior.', 'business_benefit': 'Improves loyalty performance and encourages repeat purchases.', 'customer_benefit': 'Helps the customer receive more value from their purchases through airport lounge access.'}, {'reward_name': 'Hotel Discounts', 'score': 75.16, 'reason': 'Unknown customers respond well to hotel discounts because the offer is aligned to their audio preference and reward behavior.', 'business_benefit': 'Improves loyalty performance and encourages repeat purchases.', 'customer_benefit': 'Helps the customer receive more value from their purchases through hotel discounts.'}, {'reward_name': 'Lifestyle Offers', 'score': 75.16, 'reason': 'Unknown customers respond well to lifestyle offers because the offer is aligned to their audio preference and reward behavior.', 'business_benefit': 'Improves loyalty performance and encourages repeat purchases.', 'customer_benefit': 'Helps the customer receive more value from their purchases through lifestyle offers.'}]","[76.86, 75.16, 75.16]","Unknown customers in cluster -1 show a strong fit for Airport Lounge Access, Hotel Discounts, Lifestyle Offers based on spend, engagement, and reward behavior.",Moderate uplift in engagement and repeat purchase intent with a clear ROI path.,-1,Unknown
C0027,Low,Critical,retention_offer,We are prioritizing a tailored retention offer to protect engagement.,"[{'reward_name': 'Airport Lounge Access', 'score': 75.66, 'reason': 'Unknown customers respond well to airport lounge access because the offer is aligned to their security preference and reward behavior.', 'business_benefit': 'Improves loyalty performance and encourages repeat purchases.', 'customer_benefit': 'Helps the customer receive more value from their purchases through airport lounge access.'}, {'reward_name': 'Hotel Discounts', 'score': 73.96, 'reason': 'Unknown customers respond well to hotel discounts because the offer is aligned to their security preference and reward behavior.', 'business_benefit': 'Improves loyalty performance and encourages repeat purchases.', 'customer_benefit': 'Helps the customer receive more value from their purchases through hotel discounts.'}, {'reward_name': 'Lifestyle Offers', 'score': 73.96, 'reason': 'Unknown customers respond well to lifestyle offers because the offer is aligned to their security preference and reward behavior.', 'business_benefit': 'Improves loyalty performance and encourages repeat purchases.', 'customer_benefit': 'Helps the customer receive more value from their purchases through lifestyle offers.'}]","[75.66, 73.96, 73.96]","Unknown customers in cluster -1 show a strong fit for Airport Lounge Access, Hotel Discounts, Lifestyle Offers based on spend, engagement, and reward behavior.",Moderate uplift in engagement and repeat purchase intent with a clear ROI path.,-1,Unknown
C0028,Low,Critical,retention_offer,We are prioritizing a tailored retention offer to protect engagement.,"[{'reward_name': 'Airport Lounge Access', 'score': 74.49, 'reason': 'Unknown customers respond well to airport lounge access because the offer is aligned to their audio preference and reward behavior.', 'business_benefit': 'Improves loyalty performance and encourages repeat purchases.', 'customer_benefit': 'Helps the customer receive more value from their purchases through airport lounge access.'}, {'reward_name': 'Hotel Discounts', 'score': 72.79, 'reason': 'Unknown customers respond well to hotel discounts because the offer is aligned to their audio preference and reward behavior.', 'business_benefit': 'Improves loyalty performance and encourages repeat purchases.', 'customer_benefit': 'Helps the customer receive more value from their purchases through hotel discounts.'}, {'reward_name': 'Lifestyle Offers', 'score': 72.79, 'reason': 'Unknown customers respond well to lifestyle offers because the offer is aligned to their audio preference and reward behavior.', 'business_benefit': 'Improves loyalty performance and encourages repeat purchases.', 'customer_benefit': 'Helps the customer receive more value from their purchases through lifestyle offers.'}]","[74.49, 72.79, 72.79]","Unknown customers in cluster -1 show a strong fit for Airport Lounge Access, Hotel Discounts, Lifestyle Offers based on spend, engagement, and reward behavior.",Moderate uplift in engagement and repeat purchase intent with a clear ROI path.,-1,Unknown
C0029,Low,Needs Attention,loyalty_nudge,We are nudging the customer with a personalized loyalty experience.,"[{'reward_name': 'Airport Lounge Access', 'score': 79.73, 'reason': 'Unknown customers respond well to airport lounge access because the offer is aligned to their audio preference and reward behavior.', 'business_benefit': 'Improves loyalty performance and encourages repeat purchases.', 'customer_benefit': 'Helps the customer receive more value from their purchases through airport lounge access.'}, {'reward_name': 'Hotel Discounts', 'score': 78.03, 'reason': 'Unknown customers respond well to hotel discounts because the offer is aligned to their audio preference and reward behavior.', 'business_benefit': 'Improves loyalty performance and encourages repeat purchases.', 'customer_benefit': 'Helps the customer receive more value from their purchases through hotel discounts.'}, {'reward_name': 'Lifestyle Offers', 'score': 78.03, 'reason': 'Unknown customers respond well to lifestyle offers because the offer is aligned to their audio preference and reward behavior.', 'business_benefit': 'Improves loyalty performance and encourages repeat purchases.', 'customer_benefit': 'Helps the customer receive more value from their purchases through lifestyle offers.'}]","[79.73, 78.03, 78.03]","Unknown customers in cluster -1 show a strong fit for Airport Lounge Access, Hotel Discounts, Lifestyle Offers based on spend, engagement, and reward behavior.",Moderate uplift in engagement and repeat purchase intent with a clear ROI path.,-1,Unknown
C0030,Low,Critical,retention_offer,We are prioritizing a tailored retention offer to protect engagement.,"[{'reward_name': 'Airport Lounge Access', 'score': 72.77, 'reason': 'Unknown customers respond well to airport lounge access because the offer is aligned to their audio preference and reward behavior.', 'business_benefit': 'Improves loyalty performance and encourages repeat purchases.', 'customer_benefit': 'Helps the customer receive more value from their purchases through airport lounge access.'}, {'reward_name': 'Hotel Discounts', 'score': 71.07, 'reason': 'Unknown customers respond well to hotel discounts because the offer is aligned to their audio preference and reward behavior.', 'business_benefit': 'Improves loyalty performance and encourages repeat purchases.', 'customer_benefit': 'Helps the customer receive more value from their purchases through hotel discounts.'}, {'reward_name': 'Lifestyle Offers', 'score': 71.07, 'reason': 'Unknown customers respond well to lifestyle offers because the offer is aligned to their audio preference and reward behavior.', 'business_benefit': 'Improves loyalty performance and encourages repeat purchases.', 'customer_benefit': 'Helps the customer receive more value from their purchases through lifestyle offers.'}]","[72.77, 71.07, 71.07]","Unknown customers in cluster -1 show a strong fit for Airport Lounge Access, Hotel Discounts, Lifestyle Offers based on spend, engagement, and reward behavior.",Moderate uplift in engagement and repeat purchase intent with a clear ROI path.,-1,Unknown
C0031,Low,Critical,retention_offer,We are prioritizing a tailored retention offer to protect engagement.,"[{'reward_name': 'Airport Lounge Access', 'score': 77.42, 'reason': 'Unknown customers respond well to airport lounge access because the offer is aligned to their tv preference and reward behavior.', 'business_benefit': 'Improves loyalty performance and encourages repeat purchases.', 'customer_benefit': 'Helps the customer receive more value from their purchases through airport lounge access.'}, {'reward_name': 'Hotel Discounts', 'score': 75.72, 'reason': 'Unknown customers respond well to hotel discounts because the offer is aligned to their tv preference and reward behavior.', 'business_benefit': 'Improves loyalty performance and encourages repeat purchases.', 'customer_benefit': 'Helps the customer receive more value from their purchases through hotel discounts.'}, {'reward_name': 'Lifestyle Offers', 'score': 75.72, 'reason': 'Unknown customers respond well to lifestyle offers because the offer is aligned to their tv preference and reward behavior.', 'business_benefit': 'Improves loyalty performance and encourages repeat purchases.', 'customer_benefit': 'Helps the customer receive more value from their purchases through lifestyle offers.'}]","[77.42, 75.72, 75.72]","Unknown customers in cluster -1 show a strong fit for Airport Lounge Access, Hotel Discounts, Lifestyle Offers based on spend, engagement, and reward behavior.",Moderate uplift in engagement and repeat purchase intent with a clear ROI path.,-1,Unknown
C0032,Low,Critical,retention_offer,We are prioritizing a tailored retention offer to protect engagement.,"[{'reward_name': 'Airport Lounge Access', 'score': 78.41, 'reason': 'Unknown customers respond well to airport lounge access because the offer is aligned to their smartphone preference and reward behavior.', 'business_benefit': 'Improves loyalty performance and encourages repeat purchases.', 'customer_benefit': 'Helps the customer receive more value from their purchases through airport lounge access.'}, {'reward_name': 'Hotel Discounts', 'score': 76.71, 'reason': 'Unknown customers respond well to hotel discounts because the offer is aligned to their smartphone preference and reward behavior.', 'business_benefit': 'Improves loyalty performance and encourages repeat purchases.', 'customer_benefit': 'Helps the customer receive more value from their purchases through hotel discounts.'}, {'reward_name': 'Lifestyle Offers', 'score': 76.71, 'reason': 'Unknown customers respond well to lifestyle offers because the offer is aligned to their smartphone preference and reward behavior.', 'business_benefit': 'Improves loyalty performance and encourages repeat purchases.', 'customer_benefit': 'Helps the customer receive more value from their purchases through lifestyle offers.'}]","[78.41, 76.71, 76.71]","Unknown customers in cluster -1 show a strong fit for Airport Lounge Access, Hotel Discounts, Lifestyle Offers based on spend, engagement, and reward behavior.",Moderate uplift in engagement and repeat purchase intent with a clear ROI path.,-1,Unknown
C0033,Low,Needs Attention,loyalty_nudge,We are nudging the customer with a personalized loyalty experience.,"[{'reward_name': 'Cashback', 'score': 73.91, 'reason': 'Unknown customers respond well to cashback because the offer is aligned to their tv preference and reward behavior.', 'business_benefit': 'Improves loyalty performance and encourages repeat purchases.', 'customer_benefit': 'Helps the customer receive more value from their purchases through cashback.'}, {'reward_name': 'Shopping Vouchers', 'score': 72.21, 'reason': 'Unknown customers respond well to shopping vouchers because the offer is aligned to their tv preference and reward behavior.', 'business_benefit': 'Improves loyalty performance and encourages repeat purchases.', 'customer_benefit': 'Helps the customer receive more value from their purchases through shopping vouchers.'}, {'reward_name': 'Reward Points', 'score': 71.71, 'reason': 'Unknown customers respond well to reward points because the offer is aligned to their tv preference and reward behavior.', 'business_benefit': 'Improves loyalty performance and encourages repeat purchases.', 'customer_benefit': 'Helps the customer receive more value from their purchases through reward points.'}]","[73.91, 72.21, 71.71]","Unknown customers in cluster -1 show a strong fit for Cashback, Shopping Vouchers, Reward Points based on spend, engagement, and reward behavior.",Moderate uplift in engagement and repeat purchase intent with a clear ROI path.,-1,Unknown
C0034,Low,Needs Attention,loyalty_nudge,We are nudging the customer with a personalized loyalty experience.,"[{'reward_name': 'Airport Lounge Access', 'score': 78.54, 'reason': 'Unknown customers respond well to airport lounge access because the offer is aligned to their gaming preference and reward behavior.', 'business_benefit': 'Improves loyalty performance and encourages repeat purchases.', 'customer_benefit': 'Helps the customer receive more value from their purchases through airport lounge access.'}, {'reward_name': 'Hotel Discounts', 'score': 76.84, 'reason': 'Unknown customers respond well to hotel discounts because the offer is aligned to their gaming preference and reward behavior.', 'business_benefit': 'Improves loyalty performance and encourages repeat purchases.', 'customer_benefit': 'Helps the customer receive more value from their purchases through hotel discounts.'}, {'reward_name': 'Lifestyle Offers', 'score': 76.84, 'reason': 'Unknown customers respond well to lifestyle offers because the offer is aligned to their gaming preference and reward behavior.', 'business_benefit': 'Improves loyalty performance and encourages repeat purchases.', 'customer_benefit': 'Helps the customer receive more value from their purchases through lifestyle offers.'}]","[78.54, 76.84, 76.84]","Unknown customers in cluster -1 show a strong fit for Airport Lounge Access, Hotel Discounts, Lifestyle Offers based on spend, engagement, and reward behavior.",Moderate uplift in engagement and repeat purchase intent with a clear ROI path.,-1,Unknown
C0035,Low,Needs Attention,loyalty_nudge,We are nudging the customer with a personalized loyalty experience.,"[{'reward_name': 'Airport Lounge Access', 'score': 76.37, 'reason': 'Unknown customers respond well to airport lounge access because the offer is aligned to their audio preference and reward behavior.', 'business_benefit': 'Improves loyalty performance and encourages repeat purchases.', 'customer_benefit': 'Helps the customer receive more value from their purchases through airport lounge access.'}, {'reward_name': 'Hotel Discounts', 'score': 74.67, 'reason': 'Unknown customers respond well to hotel discounts because the offer is aligned to their audio preference and reward behavior.', 'business_benefit': 'Improves loyalty performance and encourages repeat purchases.', 'customer_benefit': 'Helps the customer receive more value from their purchases through hotel discounts.'}, {'reward_name': 'Lifestyle Offers', 'score': 74.67, 'reason': 'Unknown customers respond well to lifestyle offers because the offer is aligned to their audio preference and reward behavior.', 'business_benefit': 'Improves loyalty performance and encourages repeat purchases.', 'customer_benefit': 'Helps the customer receive more value from their purchases through lifestyle offers.'}]","[76.37, 74.67, 74.67]","Unknown customers in cluster -1 show a strong fit for Airport Lounge Access, Hotel Discounts, Lifestyle Offers based on spend, engagement, and reward behavior.",Moderate uplift in engagement and repeat purchase intent with a clear ROI path.,-1,Unknown
C0036,Low,Needs Attention,loyalty_nudge,We are nudging the customer with a personalized loyalty experience.,"[{'reward_name': 'Airport Lounge Access', 'score': 79.02, 'reason': 'Unknown customers respond well to airport lounge access because the offer is aligned to their watch preference and reward behavior.', 'business_benefit': 'Improves loyalty performance and encourages repeat purchases.', 'customer_benefit': 'Helps the customer receive more value from their purchases through airport lounge access.'}, {'reward_name': 'Hotel Discounts', 'score': 77.32, 'reason': 'Unknown customers respond well to hotel discounts because the offer is aligned to their watch preference and reward behavior.', 'business_benefit': 'Improves loyalty performance and encourages repeat purchases.', 'customer_benefit': 'Helps the customer receive more value from their purchases through hotel discounts.'}, {'reward_name': 'Lifestyle Offers', 'score': 77.32, 'reason': 'Unknown customers respond well to lifestyle offers because the offer is aligned to their watch preference and reward behavior.', 'business_benefit': 'Improves loyalty performance and encourages repeat purchases.', 'customer_benefit': 'Helps the customer receive more value from their purchases through lifestyle offers.'}]","[79.02, 77.32, 77.32]","Unknown customers in cluster -1 show a strong fit for Airport Lounge Access, Hotel Discounts, Lifestyle Offers based on spend, engagement, and reward behavior.",Moderate uplift in engagement and repeat purchase intent with a clear ROI path.,-1,Unknown
C0037,Low,Critical,retention_offer,We are prioritizing a tailored retention offer to protect engagement.,"[{'reward_name': 'Airport Lounge Access', 'score': 71.57, 'reason': 'Unknown customers respond well to airport lounge access because the offer is aligned to their tv preference and reward behavior.', 'business_benefit': 'Improves loyalty performance and encourages repeat purchases.', 'customer_benefit': 'Helps the customer receive more value from their purchases through airport lounge access.'}, {'reward_name': 'Hotel Discounts', 'score': 69.87, 'reason': 'Unknown customers respond well to hotel discounts because the offer is aligned to their tv preference and reward behavior.', 'business_benefit': 'Improves loyalty performance and encourages repeat purchases.', 'customer_benefit': 'Helps the customer receive more value from their purchases through hotel discounts.'}, {'reward_name': 'Lifestyle Offers', 'score': 69.87, 'reason': 'Unknown customers respond well to lifestyle offers because the offer is aligned to their tv preference and reward behavior.', 'business_benefit': 'Improves loyalty performance and encourages repeat purchases.', 'customer_benefit': 'Helps the customer receive more value from their purchases through lifestyle offers.'}]","[71.57, 69.87, 69.87]","Unknown customers in cluster -1 show a strong fit for Airport Lounge Access, Hotel Discounts, Lifestyle Offers based on spend, engagement, and reward behavior.",Moderate uplift in engagement and repeat purchase intent with a clear ROI path.,-1,Unknown
C0038,Low,Needs Attention,loyalty_nudge,We are nudging the customer with a personalized loyalty experience.,"[{'reward_name': 'Airport Lounge Access', 'score': 76.8, 'reason': 'Unknown customers respond well to airport lounge access because the offer is aligned to their audio preference and reward behavior.', 'business_benefit': 'Improves loyalty performance and encourages repeat purchases.', 'customer_benefit': 'Helps the customer receive more value from their purchases through airport lounge access.'}, {'reward_name': 'Hotel Discounts', 'score': 75.1, 'reason': 'Unknown customers respond well to hotel discounts because the offer is aligned to their audio preference and reward behavior.', 'business_benefit': 'Improves loyalty performance and encourages repeat purchases.', 'customer_benefit': 'Helps the customer receive more value from their purchases through hotel discounts.'}, {'reward_name': 'Lifestyle Offers', 'score': 75.1, 'reason': 'Unknown customers respond well to lifestyle offers because the offer is aligned to their audio preference and reward behavior.', 'business_benefit': 'Improves loyalty performance and encourages repeat purchases.', 'customer_benefit': 'Helps the customer receive more value from their purchases through lifestyle offers.'}]","[76.8, 75.1, 75.1]","Unknown customers in cluster -1 show a strong fit for Airport Lounge Access, Hotel Discounts, Lifestyle Offers based on spend, engagement, and reward behavior.",Moderate uplift in engagement and repeat purchase intent with a clear ROI path.,-1,Unknown
C0039,Low,Needs Attention,loyalty_nudge,We are nudging the customer with a personalized loyalty experience.,"[{'reward_name': 'Airport Lounge Access', 'score': 75.11, 'reason': 'Unknown customers respond well to airport lounge access because the offer is aligned to their audio preference and reward behavior.', 'business_benefit': 'Improves loyalty performance and encourages repeat purchases.', 'customer_benefit': 'Helps the customer receive more value from their purchases through airport lounge access.'}, {'reward_name': 'Hotel Discounts', 'score': 73.41, 'reason': 'Unknown customers respond well to hotel discounts because the offer is aligned to their audio preference and reward behavior.', 'business_benefit': 'Improves loyalty performance and encourages repeat purchases.', 'customer_benefit': 'Helps the customer receive more value from their purchases through hotel discounts.'}, {'reward_name': 'Lifestyle Offers', 'score': 73.41, 'reason': 'Unknown customers respond well to lifestyle offers because the offer is aligned to their audio preference and reward behavior.', 'business_benefit': 'Improves loyalty performance and encourages repeat purchases.', 'customer_benefit': 'Helps the customer receive more value from their purchases through lifestyle offers.'}]","[75.11, 73.41, 73.41]","Unknown customers in cluster -1 show a strong fit for Airport Lounge Access, Hotel Discounts, Lifestyle Offers based on spend, engagement, and reward behavior.",Moderate uplift in engagement and repeat purchase intent with a clear ROI path.,-1,Unknown
C0040,Low,Needs Attention,loyalty_nudge,We are nudging the customer with a personalized loyalty experience.,"[{'reward_name': 'Airport Lounge Access', 'score': 74.64, 'reason': 'Unknown customers respond well to airport lounge access because the offer is aligned to their security preference and reward behavior.', 'business_benefit': 'Improves loyalty performance and encourages repeat purchases.', 'customer_benefit': 'Helps the customer receive more value from their purchases through airport lounge access.'}, {'reward_name': 'Hotel Discounts', 'score': 72.94, 'reason': 'Unknown customers respond well to hotel discounts because the offer is aligned to their security preference and reward behavior.', 'business_benefit': 'Improves loyalty performance and encourages repeat purchases.', 'customer_benefit': 'Helps the customer receive more value from their purchases through hotel discounts.'}, {'reward_name': 'Lifestyle Offers', 'score': 72.94, 'reason': 'Unknown customers respond well to lifestyle offers because the offer is aligned to their security preference and reward behavior.', 'business_benefit': 'Improves loyalty performance and encourages repeat purchases.', 'customer_benefit': 'Helps the customer receive more value from their purchases through lifestyle offers.'}]","[74.64, 72.94, 72.94]","Unknown customers in cluster -1 show a strong fit for Airport Lounge Access, Hotel Discounts, Lifestyle Offers based on spend, engagement, and reward behavior.",Moderate uplift in engagement and repeat purchase intent with a clear ROI path.,-1,Unknown
C0041,Low,Critical,retention_offer,We are prioritizing a tailored retention offer to protect engagement.,"[{'reward_name': 'Airport Lounge Access', 'score': 77.41, 'reason': 'Unknown customers respond well to airport lounge access because the offer is aligned to their audio preference and reward behavior.', 'business_benefit': 'Improves loyalty performance and encourages repeat purchases.', 'customer_benefit': 'Helps the customer receive more value from their purchases through airport lounge access.'}, {'reward_name': 'Hotel Discounts', 'score': 75.71, 'reason': 'Unknown customers respond well to hotel discounts because the offer is aligned to their audio preference and reward behavior.', 'business_benefit': 'Improves loyalty performance and encourages repeat purchases.', 'customer_benefit': 'Helps the customer receive more value from their purchases through hotel discounts.'}, {'reward_name': 'Lifestyle Offers', 'score': 75.71, 'reason': 'Unknown customers respond well to lifestyle offers because the offer is aligned to their audio preference and reward behavior.', 'business_benefit': 'Improves loyalty performance and encourages repeat purchases.', 'customer_benefit': 'Helps the customer receive more value from their purchases through lifestyle offers.'}]","[77.41, 75.71, 75.71]","Unknown customers in cluster -1 show a strong fit for Airport Lounge Access, Hotel Discounts, Lifestyle Offers based on spend, engagement, and reward behavior.",Moderate uplift in engagement and repeat purchase intent with a clear ROI path.,-1,Unknown
C0042,Low,Needs Attention,loyalty_nudge,We are nudging the customer with a personalized loyalty experience.,"[{'reward_name': 'Airport Lounge Access', 'score': 79.6, 'reason': 'Unknown customers respond well to airport lounge access because the offer is aligned to their smartphone preference and reward behavior.', 'business_benefit': 'Improves loyalty performance and encourages repeat purchases.', 'customer_benefit': 'Helps the customer receive more value from their purchases through airport lounge access.'}, {'reward_name': 'Hotel Discounts', 'score': 77.9, 'reason': 'Unknown customers respond well to hotel discounts because the offer is aligned to their smartphone preference and reward behavior.', 'business_benefit': 'Improves loyalty performance and encourages repeat purchases.', 'customer_benefit': 'Helps the customer receive more value from their purchases through hotel discounts.'}, {'reward_name': 'Lifestyle Offers', 'score': 77.9, 'reason': 'Unknown customers respond well to lifestyle offers because the offer is aligned to their smartphone preference and reward behavior.', 'business_benefit': 'Improves loyalty performance and encourages repeat purchases.', 'customer_benefit': 'Helps the customer receive more value from their purchases through lifestyle offers.'}]","[79.6, 77.9, 77.9]","Unknown customers in cluster -1 show a strong fit for Airport Lounge Access, Hotel Discounts, Lifestyle Offers based on spend, engagement, and reward behavior.",Moderate uplift in engagement and repeat purchase intent with a clear ROI path.,-1,Unknown
C0043,Low,Needs Attention,loyalty_nudge,We are nudging the customer with a personalized loyalty experience.,"[{'reward_name': 'Airport Lounge Access', 'score': 76.36, 'reason': 'Unknown customers respond well to airport lounge access because the offer is aligned to their audio preference and reward behavior.', 'business_benefit': 'Improves loyalty performance and encourages repeat purchases.', 'customer_benefit': 'Helps the customer receive more value from their purchases through airport lounge access.'}, {'reward_name': 'Hotel Discounts', 'score': 74.66, 'reason': 'Unknown customers respond well to hotel discounts because the offer is aligned to their audio preference and reward behavior.', 'business_benefit': 'Improves loyalty performance and encourages repeat purchases.', 'customer_benefit': 'Helps the customer receive more value from their purchases through hotel discounts.'}, {'reward_name': 'Lifestyle Offers', 'score': 74.66, 'reason': 'Unknown customers respond well to lifestyle offers because the offer is aligned to their audio preference and reward behavior.', 'business_benefit': 'Improves loyalty performance and encourages repeat purchases.', 'customer_benefit': 'Helps the customer receive more value from their purchases through lifestyle offers.'}]","[76.36, 74.66, 74.66]","Unknown customers in cluster -1 show a strong fit for Airport Lounge Access, Hotel Discounts, Lifestyle Offers based on spend, engagement, and reward behavior.",Moderate uplift in engagement and repeat purchase intent with a clear ROI path.,-1,Unknown
C0044,Low,Needs Attention,loyalty_nudge,We are nudging the customer with a personalized loyalty experience.,"[{'reward_name': 'Airport Lounge Access', 'score': 80.21, 'reason': 'Unknown customers respond well to airport lounge access because the offer is aligned to their audio preference and reward behavior.', 'business_benefit': 'Improves loyalty performance and encourages repeat purchases.', 'customer_benefit': 'Helps the customer receive more value from their purchases through airport lounge access.'}, {'reward_name': 'Hotel Discounts', 'score': 78.51, 'reason': 'Unknown customers respond well to hotel discounts because the offer is aligned to their audio preference and reward behavior.', 'business_benefit': 'Improves loyalty performance and encourages repeat purchases.', 'customer_benefit': 'Helps the customer receive more value from their purchases through hotel discounts.'}, {'reward_name': 'Lifestyle Offers', 'score': 78.51, 'reason': 'Unknown customers respond well to lifestyle offers because the offer is aligned to their audio preference and reward behavior.', 'business_benefit': 'Improves loyalty performance and encourages repeat purchases.', 'customer_benefit': 'Helps the customer receive more value from their purchases through lifestyle offers.'}]","[80.21, 78.51, 78.51]","Unknown customers in cluster -1 show a strong fit for Airport Lounge Access, Hotel Discounts, Lifestyle Offers based on spend, engagement, and reward behavior.",Moderate uplift in engagement and repeat purchase intent with a clear ROI path.,-1,Unknown
C0045,Low,Needs Attention,loyalty_nudge,We are nudging the customer with a personalized loyalty experience.,"[{'reward_name': 'Airport Lounge Access', 'score': 75.2, 'reason': 'Unknown customers respond well to airport lounge access because the offer is aligned to their audio preference and reward behavior.', 'business_benefit': 'Improves loyalty performance and encourages repeat purchases.', 'customer_benefit': 'Helps the customer receive more value from their purchases through airport lounge access.'}, {'reward_name': 'Hotel Discounts', 'score': 73.5, 'reason': 'Unknown customers respond well to hotel discounts because the offer is aligned to their audio preference and reward behavior.', 'business_benefit': 'Improves loyalty performance and encourages repeat purchases.', 'customer_benefit': 'Helps the customer receive more value from their purchases through hotel discounts.'}, {'reward_name': 'Lifestyle Offers', 'score': 73.5, 'reason': 'Unknown customers respond well to lifestyle offers because the offer is aligned to their audio preference and reward behavior.', 'business_benefit': 'Improves loyalty performance and encourages repeat purchases.', 'customer_benefit': 'Helps the customer receive more value from their purchases through lifestyle offers.'}]","[75.2, 73.5, 73.5]","Unknown customers in cluster -1 show a strong fit for Airport Lounge Access, Hotel Discounts, Lifestyle Offers based on spend, engagement, and reward behavior.",Moderate uplift in engagement and repeat purchase intent with a clear ROI path.,-1,Unknown
C0046,Low,Critical,retention_offer,We are prioritizing a tailored retention offer to protect engagement.,"[{'reward_name': 'Airport Lounge Access', 'score': 73.96, 'reason': 'Unknown customers respond well to airport lounge access because the offer is aligned to their security preference and reward behavior.', 'business_benefit': 'Improves loyalty performance and encourages repeat purchases.', 'customer_benefit': 'Helps the customer receive more value from their purchases through airport lounge access.'}, {'reward_name': 'Hotel Discounts', 'score': 72.26, 'reason': 'Unknown customers respond well to hotel discounts because the offer is aligned to their security preference and reward behavior.', 'business_benefit': 'Improves loyalty performance and encourages repeat purchases.', 'customer_benefit': 'Helps the customer receive more value from their purchases through hotel discounts.'}, {'reward_name': 'Lifestyle Offers', 'score': 72.26, 'reason': 'Unknown customers respond well to lifestyle offers because the offer is aligned to their security preference and reward behavior.', 'business_benefit': 'Improves loyalty performance and encourages repeat purchases.', 'customer_benefit': 'Helps the customer receive more value from their purchases through lifestyle offers.'}]","[73.96, 72.26, 72.26]","Unknown customers in cluster -1 show a strong fit for Airport Lounge Access, Hotel Discounts, Lifestyle Offers based on spend, engagement, and reward behavior.",Moderate uplift in engagement and repeat purchase intent with a clear ROI path.,-1,Unknown
C0047,Low,Needs Attention,loyalty_nudge,We are nudging the customer with a personalized loyalty experience.,"[{'reward_name': 'Airport Lounge Access', 'score': 76.97, 'reason': 'Unknown customers respond well to airport lounge access because the offer is aligned to their audio preference and reward behavior.', 'business_benefit': 'Improves loyalty performance and encourages repeat purchases.', 'customer_benefit': 'Helps the customer receive more value from their purchases through airport lounge access.'}, {'reward_name': 'Hotel Discounts', 'score': 75.27, 'reason': 'Unknown customers respond well to hotel discounts because the offer is aligned to their audio preference and reward behavior.', 'business_benefit': 'Improves loyalty performance and encourages repeat purchases.', 'customer_benefit': 'Helps the customer receive more value from their purchases through hotel discounts.'}, {'reward_name': 'Lifestyle Offers', 'score': 75.27, 'reason': 'Unknown customers respond well to lifestyle offers because the offer is aligned to their audio preference and reward behavior.', 'business_benefit': 'Improves loyalty performance and encourages repeat purchases.', 'customer_benefit': 'Helps the customer receive more value from their purchases through lifestyle offers.'}]","[76.97, 75.27, 75.27]","Unknown customers in cluster -1 show a strong fit for Airport Lounge Access, Hotel Discounts, Lifestyle Offers based on spend, engagement, and reward behavior.",Moderate uplift in engagement and repeat purchase intent with a clear ROI path.,-1,Unknown
C0048,Low,Critical,retention_offer,We are prioritizing a tailored retention offer to protect engagement.,"[{'reward_name': 'Airport Lounge Access', 'score': 73.54, 'reason': 'Unknown customers respond well to airport lounge access because the offer is aligned to their audio preference and reward behavior.', 'business_benefit': 'Improves loyalty performance and encourages repeat purchases.', 'customer_benefit': 'Helps the customer receive more value from their purchases through airport lounge access.'}, {'reward_name': 'Hotel Discounts', 'score': 71.84, 'reason': 'Unknown customers respond well to hotel discounts because the offer is aligned to their audio preference and reward behavior.', 'business_benefit': 'Improves loyalty performance and encourages repeat purchases.', 'customer_benefit': 'Helps the customer receive more value from their purchases through hotel discounts.'}, {'reward_name': 'Lifestyle Offers', 'score': 71.84, 'reason': 'Unknown customers respond well to lifestyle offers because the offer is aligned to their audio preference and reward behavior.', 'business_benefit': 'Improves loyalty performance and encourages repeat purchases.', 'customer_benefit': 'Helps the customer receive more value from their purchases through lifestyle offers.'}]","[73.54, 71.84, 71.84]","Unknown customers in cluster -1 show a strong fit for Airport Lounge Access, Hotel Discounts, Lifestyle Offers based on spend, engagement, and reward behavior.",Moderate uplift in engagement and repeat purchase intent with a clear ROI path.,-1,Unknown
C0049,Low,Needs Attention,loyalty_nudge,We are nudging the customer with a personalized loyalty experience.,"[{'reward_name': 'Airport Lounge Access', 'score': 75.48, 'reason': 'Unknown customers respond well to airport lounge access because the offer is aligned to their audio preference and reward behavior.', 'business_benefit': 'Improves loyalty performance and encourages repeat purchases.', 'customer_benefit': 'Helps the customer receive more value from their purchases through airport lounge access.'}, {'reward_name': 'Hotel Discounts', 'score': 73.78, 'reason': 'Unknown customers respond well to hotel discounts because the offer is aligned to their audio preference and reward behavior.', 'business_benefit': 'Improves loyalty performance and encourages repeat purchases.', 'customer_benefit': 'Helps the customer receive more value from their purchases through hotel discounts.'}, {'reward_name': 'Lifestyle Offers', 'score': 73.78, 'reason': 'Unknown customers respond well to lifestyle offers because the offer is aligned to their audio preference and reward behavior.', 'business_benefit': 'Improves loyalty performance and encourages repeat purchases.', 'customer_benefit': 'Helps the customer receive more value from their purchases through lifestyle offers.'}]","[75.48, 73.78, 73.78]","Unknown customers in cluster -1 show a strong fit for Airport Lounge Access, Hotel Discounts, Lifestyle Offers based on spend, engagement, and reward behavior.",Moderate uplift in engagement and repeat purchase intent with a clear ROI path.,-1,Unknown
C0050,Low,Critical,retention_offer,We are prioritizing a tailored retention offer to protect engagement.,"[{'reward_name': 'Airport Lounge Access', 'score': 72.69, 'reason': 'Unknown customers respond well to airport lounge access because the offer is aligned to their audio preference and reward behavior.', 'business_benefit': 'Improves loyalty performance and encourages repeat purchases.', 'customer_benefit': 'Helps the customer receive more value from their purchases through airport lounge access.'}, {'reward_name': 'Hotel Discounts', 'score': 70.99, 'reason': 'Unknown customers respond well to hotel discounts because the offer is aligned to their audio preference and reward behavior.', 'business_benefit': 'Improves loyalty performance and encourages repeat purchases.', 'customer_benefit': 'Helps the customer receive more value from their purchases through hotel discounts.'}, {'reward_name': 'Lifestyle Offers', 'score': 70.99, 'reason': 'Unknown customers respond well to lifestyle offers because the offer is aligned to their audio preference and reward behavior.', 'business_benefit': 'Improves loyalty performance and encourages repeat purchases.', 'customer_benefit': 'Helps the customer receive more value from their purchases through lifestyle offers.'}]","[72.69, 70.99, 70.99]","Unknown customers in cluster -1 show a strong fit for Airport Lounge Access, Hotel Discounts, Lifestyle Offers based on spend, engagement, and reward behavior.",Moderate uplift in engagement and repeat purchase intent with a clear ROI path.,-1,Unknown
C0051,Low,Needs Attention,loyalty_nudge,We are nudging the customer with a personalized loyalty experience.,"[{'reward_name': 'Airport Lounge Access', 'score': 78.07, 'reason': 'Unknown customers respond well to airport lounge access because the offer is aligned to their smart home preference and reward behavior.', 'business_benefit': 'Improves loyalty performance and encourages repeat purchases.', 'customer_benefit': 'Helps the customer receive more value from their purchases through airport lounge access.'}, {'reward_name': 'Hotel Discounts', 'score': 76.37, 'reason': 'Unknown customers respond well to hotel discounts because the offer is aligned to their smart home preference and reward behavior.', 'business_benefit': 'Improves loyalty performance and encourages repeat purchases.', 'customer_benefit': 'Helps the customer receive more value from their purchases through hotel discounts.'}, {'reward_name': 'Lifestyle Offers', 'score': 76.37, 'reason': 'Unknown customers respond well to lifestyle offers because the offer is aligned to their smart home preference and reward behavior.', 'business_benefit': 'Improves loyalty performance and encourages repeat purchases.', 'customer_benefit': 'Helps the customer receive more value from their purchases through lifestyle offers.'}]","[78.07, 76.37, 76.37]","Unknown customers in cluster -1 show a strong fit for Airport Lounge Access, Hotel Discounts, Lifestyle Offers based on spend, engagement, and reward behavior.",Moderate uplift in engagement and repeat purchase intent with a clear ROI path.,-1,Unknown
C0052,Low,Critical,retention_offer,We are prioritizing a tailored retention offer to protect engagement.,"[{'reward_name': 'Airport Lounge Access', 'score': 74.94, 'reason': 'Unknown customers respond well to airport lounge access because the offer is aligned to their smart home preference and reward behavior.', 'business_benefit': 'Improves loyalty performance and encourages repeat purchases.', 'customer_benefit': 'Helps the customer receive more value from their purchases through airport lounge access.'}, {'reward_name': 'Hotel Discounts', 'score': 73.24, 'reason': 'Unknown customers respond well to hotel discounts because the offer is aligned to their smart home preference and reward behavior.', 'business_benefit': 'Improves loyalty performance and encourages repeat purchases.', 'customer_benefit': 'Helps the customer receive more value from their purchases through hotel discounts.'}, {'reward_name': 'Lifestyle Offers', 'score': 73.24, 'reason': 'Unknown customers respond well to lifestyle offers because the offer is aligned to their smart home preference and reward behavior.', 'business_benefit': 'Improves loyalty performance and encourages repeat purchases.', 'customer_benefit': 'Helps the customer receive more value from their purchases through lifestyle offers.'}]","[74.94, 73.24, 73.24]","Unknown customers in cluster -1 show a strong fit for Airport Lounge Access, Hotel Discounts, Lifestyle Offers based on spend, engagement, and reward behavior.",Moderate uplift in engagement and repeat purchase intent with a clear ROI path.,-1,Unknown
C0053,Low,Needs Attention,loyalty_nudge,We are nudging the customer with a personalized loyalty experience.,"[{'reward_name': 'Airport Lounge Access', 'score': 75.93, 'reason': 'Unknown customers respond well to airport lounge access because the offer is aligned to their smartphone preference and reward behavior.', 'business_benefit': 'Improves loyalty performance and encourages repeat purchases.', 'customer_benefit': 'Helps the customer receive more value from their purchases through airport lounge access.'}, {'reward_name': 'Hotel Discounts', 'score': 74.23, 'reason': 'Unknown customers respond well to hotel discounts because the offer is aligned to their smartphone preference and reward behavior.', 'business_benefit': 'Improves loyalty performance and encourages repeat purchases.', 'customer_benefit': 'Helps the customer receive more value from their purchases through hotel discounts.'}, {'reward_name': 'Lifestyle Offers', 'score': 74.23, 'reason': 'Unknown customers respond well to lifestyle offers because the offer is aligned to their smartphone preference and reward behavior.', 'business_benefit': 'Improves loyalty performance and encourages repeat purchases.', 'customer_benefit': 'Helps the customer receive more value from their purchases through lifestyle offers.'}]","[75.93, 74.23, 74.23]","Unknown customers in cluster -1 show a strong fit for Airport Lounge Access, Hotel Discounts, Lifestyle Offers based on spend, engagement, and reward behavior.",Moderate uplift in engagement and repeat purchase intent with a clear ROI path.,-1,Unknown
C0054,Low,Critical,retention_offer,We are prioritizing a tailored retention offer to protect engagement.,"[{'reward_name': 'Airport Lounge Access', 'score': 75.43, 'reason': 'Unknown customers respond well to airport lounge access because the offer is aligned to their watch preference and reward behavior.', 'business_benefit': 'Improves loyalty performance and encourages repeat purchases.', 'customer_benefit': 'Helps the customer receive more value from their purchases through airport lounge access.'}, {'reward_name': 'Hotel Discounts', 'score': 73.73, 'reason': 'Unknown customers respond well to hotel discounts because the offer is aligned to their watch preference and reward behavior.', 'business_benefit': 'Improves loyalty performance and encourages repeat purchases.', 'customer_benefit': 'Helps the customer receive more value from their purchases through hotel discounts.'}, {'reward_name': 'Lifestyle Offers', 'score': 73.73, 'reason': 'Unknown customers respond well to lifestyle offers because the offer is aligned to their watch preference and reward behavior.', 'business_benefit': 'Improves loyalty performance and encourages repeat purchases.', 'customer_benefit': 'Helps the customer receive more value from their purchases through lifestyle offers.'}]","[75.43, 73.73, 73.73]","Unknown customers in cluster -1 show a strong fit for Airport Lounge Access, Hotel Discounts, Lifestyle Offers based on spend, engagement, and reward behavior.",Moderate uplift in engagement and repeat purchase intent with a clear ROI path.,-1,Unknown
C0055,Low,Needs Attention,loyalty_nudge,We are nudging the customer with a personalized loyalty experience.,"[{'reward_name': 'Airport Lounge Access', 'score': 75.4, 'reason': 'Unknown customers respond well to airport lounge access because the offer is aligned to their speaker preference and reward behavior.', 'business_benefit': 'Improves loyalty performance and encourages repeat purchases.', 'customer_benefit': 'Helps the customer receive more value from their purchases through airport lounge access.'}, {'reward_name': 'Hotel Discounts', 'score': 73.7, 'reason': 'Unknown customers respond well to hotel discounts because the offer is aligned to their speaker preference and reward behavior.', 'business_benefit': 'Improves loyalty performance and encourages repeat purchases.', 'customer_benefit': 'Helps the customer receive more value from their purchases through hotel discounts.'}, {'reward_name': 'Lifestyle Offers', 'score': 73.7, 'reason': 'Unknown customers respond well to lifestyle offers because the offer is aligned to their speaker preference and reward behavior.', 'business_benefit': 'Improves loyalty performance and encourages repeat purchases.', 'customer_benefit': 'Helps the customer receive more value from their purchases through lifestyle offers.'}]","[75.4, 73.7, 73.7]","Unknown customers in cluster -1 show a strong fit for Airport Lounge Access, Hotel Discounts, Lifestyle Offers based on spend, engagement, and reward behavior.",Moderate uplift in engagement and repeat purchase intent with a clear ROI path.,-1,Unknown
C0056,Low,Needs Attention,loyalty_nudge,We are nudging the customer with a personalized loyalty experience.,"[{'reward_name': 'Airport Lounge Access', 'score': 81.7, 'reason': 'Unknown customers respond well to airport lounge access because the offer is aligned to their audio preference and reward behavior.', 'business_benefit': 'Improves loyalty performance and encourages repeat purchases.', 'customer_benefit': 'Helps the customer receive more value from their purchases through airport lounge access.'}, {'reward_name': 'Hotel Discounts', 'score': 80.0, 'reason': 'Unknown customers respond well to hotel discounts because the offer is aligned to their audio preference and reward behavior.', 'business_benefit': 'Improves loyalty performance and encourages repeat purchases.', 'customer_benefit': 'Helps the customer receive more value from their purchases through hotel discounts.'}, {'reward_name': 'Lifestyle Offers', 'score': 80.0, 'reason': 'Unknown customers respond well to lifestyle offers because the offer is aligned to their audio preference and reward behavior.', 'business_benefit': 'Improves loyalty performance and encourages repeat purchases.', 'customer_benefit': 'Helps the customer receive more value from their purchases through lifestyle offers.'}]","[81.7, 80.0, 80.0]","Unknown customers in cluster -1 show a strong fit for Airport Lounge Access, Hotel Discounts, Lifestyle Offers based on spend, engagement, and reward behavior.",Moderate uplift in engagement and repeat purchase intent with a clear ROI path.,-1,Unknown
C0057,Low,Needs Attention,loyalty_nudge,We are nudging the customer with a personalized loyalty experience.,"[{'reward_name': 'Airport Lounge Access', 'score': 80.75, 'reason': 'Unknown customers respond well to airport lounge access because the offer is aligned to their smart home preference and reward behavior.', 'business_benefit': 'Improves loyalty performance and encourages repeat purchases.', 'customer_benefit': 'Helps the customer receive more value from their purchases through airport lounge access.'}, {'reward_name': 'Hotel Discounts', 'score': 79.05, 'reason': 'Unknown customers respond well to hotel discounts because the offer is aligned to their smart home preference and reward behavior.', 'business_benefit': 'Improves loyalty performance and encourages repeat purchases.', 'customer_benefit': 'Helps the customer receive more value from their purchases through hotel discounts.'}, {'reward_name': 'Lifestyle Offers', 'score': 79.05, 'reason': 'Unknown customers respond well to lifestyle offers because the offer is aligned to their smart home preference and reward behavior.', 'business_benefit': 'Improves loyalty performance and encourages repeat purchases.', 'customer_benefit': 'Helps the customer receive more value from their purchases through lifestyle offers.'}]","[80.75, 79.05, 79.05]","Unknown customers in cluster -1 show a strong fit for Airport Lounge Access, Hotel Discounts, Lifestyle Offers based on spend, engagement, and reward behavior.",Moderate uplift in engagement and repeat purchase intent with a clear ROI path.,-1,Unknown
C0058,Low,Needs Attention,loyalty_nudge,We are nudging the customer with a personalized loyalty experience.,"[{'reward_name': 'Airport Lounge Access', 'score': 77.84, 'reason': 'Unknown customers respond well to airport lounge access because the offer is aligned to their smartphone preference and reward behavior.', 'business_benefit': 'Improves loyalty performance and encourages repeat purchases.', 'customer_benefit': 'Helps the customer receive more value from their purchases through airport lounge access.'}, {'reward_name': 'Hotel Discounts', 'score': 76.14, 'reason': 'Unknown customers respond well to hotel discounts because the offer is aligned to their smartphone preference and reward behavior.', 'business_benefit': 'Improves loyalty performance and encourages repeat purchases.', 'customer_benefit': 'Helps the customer receive more value from their purchases through hotel discounts.'}, {'reward_name': 'Lifestyle Offers', 'score': 76.14, 'reason': 'Unknown customers respond well to lifestyle offers because the offer is aligned to their smartphone preference and reward behavior.', 'business_benefit': 'Improves loyalty performance and encourages repeat purchases.', 'customer_benefit': 'Helps the customer receive more value from their purchases through lifestyle offers.'}]","[77.84, 76.14, 76.14]","Unknown customers in cluster -1 show a strong fit for Airport Lounge Access, Hotel Discounts, Lifestyle Offers based on spend, engagement, and reward behavior.",Moderate uplift in engagement and repeat purchase intent with a clear ROI path.,-1,Unknown
C0059,Low,Critical,retention_offer,We are prioritizing a tailored retention offer to protect engagement.,"[{'reward_name': 'Airport Lounge Access', 'score': 77.89, 'reason': 'Unknown customers respond well to airport lounge access because the offer is aligned to their gaming preference and reward behavior.', 'business_benefit': 'Improves loyalty performance and encourages repeat purchases.', 'customer_benefit': 'Helps the customer receive more value from their purchases through airport lounge access.'}, {'reward_name': 'Hotel Discounts', 'score': 76.19, 'reason': 'Unknown customers respond well to hotel discounts because the offer is aligned to their gaming preference and reward behavior.', 'business_benefit': 'Improves loyalty performance and encourages repeat purchases.', 'customer_benefit': 'Helps the customer receive more value from their purchases through hotel discounts.'}, {'reward_name': 'Lifestyle Offers', 'score': 76.19, 'reason': 'Unknown customers respond well to lifestyle offers because the offer is aligned to their gaming preference and reward behavior.', 'business_benefit': 'Improves loyalty performance and encourages repeat purchases.', 'customer_benefit': 'Helps the customer receive more value from their purchases through lifestyle offers.'}]","[77.89, 76.19, 76.19]","Unknown customers in cluster -1 show a strong fit for Airport Lounge Access, Hotel Discounts, Lifestyle Offers based on spend, engagement, and reward behavior.",Moderate uplift in engagement and repeat purchase intent with a clear ROI path.,-1,Unknown
C0060,Low,Needs Attention,loyalty_nudge,We are nudging the customer with a personalized loyalty experience.,"[{'reward_name': 'Airport Lounge Access', 'score': 79.44, 'reason': 'Unknown customers respond well to airport lounge access because the offer is aligned to their smartphone preference and reward behavior.', 'business_benefit': 'Improves loyalty performance and encourages repeat purchases.', 'customer_benefit': 'Helps the customer receive more value from their purchases through airport lounge access.'}, {'reward_name': 'Hotel Discounts', 'score': 77.74, 'reason': 'Unknown customers respond well to hotel discounts because the offer is aligned to their smartphone preference and reward behavior.', 'business_benefit': 'Improves loyalty performance and encourages repeat purchases.', 'customer_benefit': 'Helps the customer receive more value from their purchases through hotel discounts.'}, {'reward_name': 'Lifestyle Offers', 'score': 77.74, 'reason': 'Unknown customers respond well to lifestyle offers because the offer is aligned to their smartphone preference and reward behavior.', 'business_benefit': 'Improves loyalty performance and encourages repeat purchases.', 'customer_benefit': 'Helps the customer receive more value from their purchases through lifestyle offers.'}]","[79.44, 77.74, 77.74]","Unknown customers in cluster -1 show a strong fit for Airport Lounge Access, Hotel Discounts, Lifestyle Offers based on spend, engagement, and reward behavior.",Moderate uplift in engagement and repeat purchase intent with a clear ROI path.,-1,Unknown
C0061,Low,Critical,retention_offer,We are prioritizing a tailored retention offer to protect engagement.,"[{'reward_name': 'Airport Lounge Access', 'score': 77.97, 'reason': 'Unknown customers respond well to airport lounge access because the offer is aligned to their security preference and reward behavior.', 'business_benefit': 'Improves loyalty performance and encourages repeat purchases.', 'customer_benefit': 'Helps the customer receive more value from their purchases through airport lounge access.'}, {'reward_name': 'Hotel Discounts', 'score': 76.27, 'reason': 'Unknown customers respond well to hotel discounts because the offer is aligned to their security preference and reward behavior.', 'business_benefit': 'Improves loyalty performance and encourages repeat purchases.', 'customer_benefit': 'Helps the customer receive more value from their purchases through hotel discounts.'}, {'reward_name': 'Lifestyle Offers', 'score': 76.27, 'reason': 'Unknown customers respond well to lifestyle offers because the offer is aligned to their security preference and reward behavior.', 'business_benefit': 'Improves loyalty performance and encourages repeat purchases.', 'customer_benefit': 'Helps the customer receive more value from their purchases through lifestyle offers.'}]","[77.97, 76.27, 76.27]","Unknown customers in cluster -1 show a strong fit for Airport Lounge Access, Hotel Discounts, Lifestyle Offers based on spend, engagement, and reward behavior.",Moderate uplift in engagement and repeat purchase intent with a clear ROI path.,-1,Unknown
C0062,Low,Critical,retention_offer,We are prioritizing a tailored retention offer to protect engagement.,"[{'reward_name': 'Airport Lounge Access', 'score': 74.79, 'reason': 'Unknown customers respond well to airport lounge access because the offer is aligned to their audio preference and reward behavior.', 'business_benefit': 'Improves loyalty performance and encourages repeat purchases.', 'customer_benefit': 'Helps the customer receive more value from their purchases through airport lounge access.'}, {'reward_name': 'Hotel Discounts', 'score': 73.09, 'reason': 'Unknown customers respond well to hotel discounts because the offer is aligned to their audio preference and reward behavior.', 'business_benefit': 'Improves loyalty performance and encourages repeat purchases.', 'customer_benefit': 'Helps the customer receive more value from their purchases through hotel discounts.'}, {'reward_name': 'Lifestyle Offers', 'score': 73.09, 'reason': 'Unknown customers respond well to lifestyle offers because the offer is aligned to their audio preference and reward behavior.', 'business_benefit': 'Improves loyalty performance and encourages repeat purchases.', 'customer_benefit': 'Helps the customer receive more value from their purchases through lifestyle offers.'}]","[74.79, 73.09, 73.09]","Unknown customers in cluster -1 show a strong fit for Airport Lounge Access, Hotel Discounts, Lifestyle Offers based on spend, engagement, and reward behavior.",Moderate uplift in engagement and repeat purchase intent with a clear ROI path.,-1,Unknown
C0063,Low,Critical,retention_offer,We are prioritizing a tailored retention offer to protect engagement.,"[{'reward_name': 'Airport Lounge Access', 'score': 77.08, 'reason': 'Unknown customers respond well to airport lounge access because the offer is aligned to their audio preference and reward behavior.', 'business_benefit': 'Improves loyalty performance and encourages repeat purchases.', 'customer_benefit': 'Helps the customer receive more value from their purchases through airport lounge access.'}, {'reward_name': 'Hotel Discounts', 'score': 75.38, 'reason': 'Unknown customers respond well to hotel discounts because the offer is aligned to their audio preference and reward behavior.', 'business_benefit': 'Improves loyalty performance and encourages repeat purchases.', 'customer_benefit': 'Helps the customer receive more value from their purchases through hotel discounts.'}, {'reward_name': 'Lifestyle Offers', 'score': 75.38, 'reason': 'Unknown customers respond well to lifestyle offers because the offer is aligned to their audio preference and reward behavior.', 'business_benefit': 'Improves loyalty performance and encourages repeat purchases.', 'customer_benefit': 'Helps the customer receive more value from their purchases through lifestyle offers.'}]","[77.08, 75.38, 75.38]","Unknown customers in cluster -1 show a strong fit for Airport Lounge Access, Hotel Discounts, Lifestyle Offers based on spend, engagement, and reward behavior.",Moderate uplift in engagement and repeat purchase intent with a clear ROI path.,-1,Unknown
C0064,Low,Needs Attention,loyalty_nudge,We are nudging the customer with a personalized loyalty experience.,"[{'reward_name': 'Airport Lounge Access', 'score': 75.64, 'reason': 'Unknown customers respond well to airport lounge access because the offer is aligned to their smartphone preference and reward behavior.', 'business_benefit': 'Improves loyalty performance and encourages repeat purchases.', 'customer_benefit': 'Helps the customer receive more value from their purchases through airport lounge access.'}, {'reward_name': 'Hotel Discounts', 'score': 73.94, 'reason': 'Unknown customers respond well to hotel discounts because the offer is aligned to their smartphone preference and reward behavior.', 'business_benefit': 'Improves loyalty performance and encourages repeat purchases.', 'customer_benefit': 'Helps the customer receive more value from their purchases through hotel discounts.'}, {'reward_name': 'Lifestyle Offers', 'score': 73.94, 'reason': 'Unknown customers respond well to lifestyle offers because the offer is aligned to their smartphone preference and reward behavior.', 'business_benefit': 'Improves loyalty performance and encourages repeat purchases.', 'customer_benefit': 'Helps the customer receive more value from their purchases through lifestyle offers.'}]","[75.64, 73.94, 73.94]","Unknown customers in cluster -1 show a strong fit for Airport Lounge Access, Hotel Discounts, Lifestyle Offers based on spend, engagement, and reward behavior.",Moderate uplift in engagement and repeat purchase intent with a clear ROI path.,-1,Unknown
C0065,Low,Needs Attention,loyalty_nudge,We are nudging the customer with a personalized loyalty experience.,"[{'reward_name': 'Airport Lounge Access', 'score': 79.25, 'reason': 'Unknown customers respond well to airport lounge access because the offer is aligned to their audio preference and reward behavior.', 'business_benefit': 'Improves loyalty performance and encourages repeat purchases.', 'customer_benefit': 'Helps the customer receive more value from their purchases through airport lounge access.'}, {'reward_name': 'Hotel Discounts', 'score': 77.55, 'reason': 'Unknown customers respond well to hotel discounts because the offer is aligned to their audio preference and reward behavior.', 'business_benefit': 'Improves loyalty performance and encourages repeat purchases.', 'customer_benefit': 'Helps the customer receive more value from their purchases through hotel discounts.'}, {'reward_name': 'Lifestyle Offers', 'score': 77.55, 'reason': 'Unknown customers respond well to lifestyle offers because the offer is aligned to their audio preference and reward behavior.', 'business_benefit': 'Improves loyalty performance and encourages repeat purchases.', 'customer_benefit': 'Helps the customer receive more value from their purchases through lifestyle offers.'}]","[79.25, 77.55, 77.55]","Unknown customers in cluster -1 show a strong fit for Airport Lounge Access, Hotel Discounts, Lifestyle Offers based on spend, engagement, and reward behavior.",Moderate uplift in engagement and repeat purchase intent with a clear ROI path.,-1,Unknown
C0066,Low,Needs Attention,loyalty_nudge,We are nudging the customer with a personalized loyalty experience.,"[{'reward_name': 'Airport Lounge Access', 'score': 76.97, 'reason': 'Unknown customers respond well to airport lounge access because the offer is aligned to their security preference and reward behavior.', 'business_benefit': 'Improves loyalty performance and encourages repeat purchases.', 'customer_benefit': 'Helps the customer receive more value from their purchases through airport lounge access.'}, {'reward_name': 'Hotel Discounts', 'score': 75.27, 'reason': 'Unknown customers respond well to hotel discounts because the offer is aligned to their security preference and reward behavior.', 'business_benefit': 'Improves loyalty performance and encourages repeat purchases.', 'customer_benefit': 'Helps the customer receive more value from their purchases through hotel discounts.'}, {'reward_name': 'Lifestyle Offers', 'score': 75.27, 'reason': 'Unknown customers respond well to lifestyle offers because the offer is aligned to their security preference and reward behavior.', 'business_benefit': 'Improves loyalty performance and encourages repeat purchases.', 'customer_benefit': 'Helps the customer receive more value from their purchases through lifestyle offers.'}]","[76.97, 75.27, 75.27]","Unknown customers in cluster -1 show a strong fit for Airport Lounge Access, Hotel Discounts, Lifestyle Offers based on spend, engagement, and reward behavior.",Moderate uplift in engagement and repeat purchase intent with a clear ROI path.,-1,Unknown
C0067,Low,Needs Attention,loyalty_nudge,We are nudging the customer with a personalized loyalty experience.,"[{'reward_name': 'Airport Lounge Access', 'score': 75.61, 'reason': 'Unknown customers respond well to airport lounge access because the offer is aligned to their audio preference and reward behavior.', 'business_benefit': 'Improves loyalty performance and encourages repeat purchases.', 'customer_benefit': 'Helps the customer receive more value from their purchases through airport lounge access.'}, {'reward_name': 'Hotel Discounts', 'score': 73.91, 'reason': 'Unknown customers respond well to hotel discounts because the offer is aligned to their audio preference and reward behavior.', 'business_benefit': 'Improves loyalty performance and encourages repeat purchases.', 'customer_benefit': 'Helps the customer receive more value from their purchases through hotel discounts.'}, {'reward_name': 'Lifestyle Offers', 'score': 73.91, 'reason': 'Unknown customers respond well to lifestyle offers because the offer is aligned to their audio preference and reward behavior.', 'business_benefit': 'Improves loyalty performance and encourages repeat purchases.', 'customer_benefit': 'Helps the customer receive more value from their purchases through lifestyle offers.'}]","[75.61, 73.91, 73.91]","Unknown customers in cluster -1 show a strong fit for Airport Lounge Access, Hotel Discounts, Lifestyle Offers based on spend, engagement, and reward behavior.",Moderate uplift in engagement and repeat purchase intent with a clear ROI path.,-1,Unknown
C0068,Low,Critical,retention_offer,We are prioritizing a tailored retention offer to protect engagement.,"[{'reward_name': 'Airport Lounge Access', 'score': 75.18, 'reason': 'Unknown customers respond well to airport lounge access because the offer is aligned to their smart home preference and reward behavior.', 'business_benefit': 'Improves loyalty performance and encourages repeat purchases.', 'customer_benefit': 'Helps the customer receive more value from their purchases through airport lounge access.'}, {'reward_name': 'Hotel Discounts', 'score': 73.48, 'reason': 'Unknown customers respond well to hotel discounts because the offer is aligned to their smart home preference and reward behavior.', 'business_benefit': 'Improves loyalty performance and encourages repeat purchases.', 'customer_benefit': 'Helps the customer receive more value from their purchases through hotel discounts.'}, {'reward_name': 'Lifestyle Offers', 'score': 73.48, 'reason': 'Unknown customers respond well to lifestyle offers because the offer is aligned to their smart home preference and reward behavior.', 'business_benefit': 'Improves loyalty performance and encourages repeat purchases.', 'customer_benefit': 'Helps the customer receive more value from their purchases through lifestyle offers.'}]","[75.18, 73.48, 73.48]","Unknown customers in cluster -1 show a strong fit for Airport Lounge Access, Hotel Discounts, Lifestyle Offers based on spend, engagement, and reward behavior.",Moderate uplift in engagement and repeat purchase intent with a clear ROI path.,-1,Unknown
C0069,Low,Needs Attention,loyalty_nudge,We are nudging the customer with a personalized loyalty experience.,"[{'reward_name': 'Airport Lounge Access', 'score': 76.82, 'reason': 'Unknown customers respond well to airport lounge access because the offer is aligned to their smart home preference and reward behavior.', 'business_benefit': 'Improves loyalty performance and encourages repeat purchases.', 'customer_benefit': 'Helps the customer receive more value from their purchases through airport lounge access.'}, {'reward_name': 'Hotel Discounts', 'score': 75.12, 'reason': 'Unknown customers respond well to hotel discounts because the offer is aligned to their smart home preference and reward behavior.', 'business_benefit': 'Improves loyalty performance and encourages repeat purchases.', 'customer_benefit': 'Helps the customer receive more value from their purchases through hotel discounts.'}, {'reward_name': 'Lifestyle Offers', 'score': 75.12, 'reason': 'Unknown customers respond well to lifestyle offers because the offer is aligned to their smart home preference and reward behavior.', 'business_benefit': 'Improves loyalty performance and encourages repeat purchases.', 'customer_benefit': 'Helps the customer receive more value from their purchases through lifestyle offers.'}]","[76.82, 75.12, 75.12]","Unknown customers in cluster -1 show a strong fit for Airport Lounge Access, Hotel Discounts, Lifestyle Offers based on spend, engagement, and reward behavior.",Moderate uplift in engagement and repeat purchase intent with a clear ROI path.,-1,Unknown
C0070,Low,Needs Attention,loyalty_nudge,We are nudging the customer with a personalized loyalty experience.,"[{'reward_name': 'Airport Lounge Access', 'score': 80.89, 'reason': 'Unknown customers respond well to airport lounge access because the offer is aligned to their smart home preference and reward behavior.', 'business_benefit': 'Improves loyalty performance and encourages repeat purchases.', 'customer_benefit': 'Helps the customer receive more value from their purchases through airport lounge access.'}, {'reward_name': 'Hotel Discounts', 'score': 79.19, 'reason': 'Unknown customers respond well to hotel discounts because the offer is aligned to their smart home preference and reward behavior.', 'business_benefit': 'Improves loyalty performance and encourages repeat purchases.', 'customer_benefit': 'Helps the customer receive more value from their purchases through hotel discounts.'}, {'reward_name': 'Lifestyle Offers', 'score': 79.19, 'reason': 'Unknown customers respond well to lifestyle offers because the offer is aligned to their smart home preference and reward behavior.', 'business_benefit': 'Improves loyalty performance and encourages repeat purchases.', 'customer_benefit': 'Helps the customer receive more value from their purchases through lifestyle offers.'}]","[80.89, 79.19, 79.19]","Unknown customers in cluster -1 show a strong fit for Airport Lounge Access, Hotel Discounts, Lifestyle Offers based on spend, engagement, and reward behavior.",Moderate uplift in engagement and repeat purchase intent with a clear ROI path.,-1,Unknown
C0071,Low,Needs Attention,loyalty_nudge,We are nudging the customer with a personalized loyalty experience.,"[{'reward_name': 'Airport Lounge Access', 'score': 78.24, 'reason': 'Unknown customers respond well to airport lounge access because the offer is aligned to their security preference and reward behavior.', 'business_benefit': 'Improves loyalty performance and encourages repeat purchases.', 'customer_benefit': 'Helps the customer receive more value from their purchases through airport lounge access.'}, {'reward_name': 'Hotel Discounts', 'score': 76.54, 'reason': 'Unknown customers respond well to hotel discounts because the offer is aligned to their security preference and reward behavior.', 'business_benefit': 'Improves loyalty performance and encourages repeat purchases.', 'customer_benefit': 'Helps the customer receive more value from their purchases through hotel discounts.'}, {'reward_name': 'Lifestyle Offers', 'score': 76.54, 'reason': 'Unknown customers respond well to lifestyle offers because the offer is aligned to their security preference and reward behavior.', 'business_benefit': 'Improves loyalty performance and encourages repeat purchases.', 'customer_benefit': 'Helps the customer receive more value from their purchases through lifestyle offers.'}]","[78.24, 76.54, 76.54]","Unknown customers in cluster -1 show a strong fit for Airport Lounge Access, Hotel Discounts, Lifestyle Offers based on spend, engagement, and reward behavior.",Moderate uplift in engagement and repeat purchase intent with a clear ROI path.,-1,Unknown
C0072,Low,Needs Attention,loyalty_nudge,We are nudging the customer with a personalized loyalty experience.,"[{'reward_name': 'Airport Lounge Access', 'score': 79.18, 'reason': 'Unknown customers respond well to airport lounge access because the offer is aligned to their audio preference and reward behavior.', 'business_benefit': 'Improves loyalty performance and encourages repeat purchases.', 'customer_benefit': 'Helps the customer receive more value from their purchases through airport lounge access.'}, {'reward_name': 'Hotel Discounts', 'score': 77.48, 'reason': 'Unknown customers respond well to hotel discounts because the offer is aligned to their audio preference and reward behavior.', 'business_benefit': 'Improves loyalty performance and encourages repeat purchases.', 'customer_benefit': 'Helps the customer receive more value from their purchases through hotel discounts.'}, {'reward_name': 'Lifestyle Offers', 'score': 77.48, 'reason': 'Unknown customers respond well to lifestyle offers because the offer is aligned to their audio preference and reward behavior.', 'business_benefit': 'Improves loyalty performance and encourages repeat purchases.', 'customer_benefit': 'Helps the customer receive more value from their purchases through lifestyle offers.'}]","[79.18, 77.48, 77.48]","Unknown customers in cluster -1 show a strong fit for Airport Lounge Access, Hotel Discounts, Lifestyle Offers based on spend, engagement, and reward behavior.",Moderate uplift in engagement and repeat purchase intent with a clear ROI path.,-1,Unknown
C0073,Low,Needs Attention,loyalty_nudge,We are nudging the customer with a personalized loyalty experience.,"[{'reward_name': 'Airport Lounge Access', 'score': 79.0, 'reason': 'Unknown customers respond well to airport lounge access because the offer is aligned to their speaker preference and reward behavior.', 'business_benefit': 'Improves loyalty performance and encourages repeat purchases.', 'customer_benefit': 'Helps the customer receive more value from their purchases through airport lounge access.'}, {'reward_name': 'Hotel Discounts', 'score': 77.3, 'reason': 'Unknown customers respond well to hotel discounts because the offer is aligned to their speaker preference and reward behavior.', 'business_benefit': 'Improves loyalty performance and encourages repeat purchases.', 'customer_benefit': 'Helps the customer receive more value from their purchases through hotel discounts.'}, {'reward_name': 'Lifestyle Offers', 'score': 77.3, 'reason': 'Unknown customers respond well to lifestyle offers because the offer is aligned to their speaker preference and reward behavior.', 'business_benefit': 'Improves loyalty performance and encourages repeat purchases.', 'customer_benefit': 'Helps the customer receive more value from their purchases through lifestyle offers.'}]","[79.0, 77.3, 77.3]","Unknown customers in cluster -1 show a strong fit for Airport Lounge Access, Hotel Discounts, Lifestyle Offers based on spend, engagement, and reward behavior.",Moderate uplift in engagement and repeat purchase intent with a clear ROI path.,-1,Unknown
C0074,Low,Needs Attention,loyalty_nudge,We are nudging the customer with a personalized loyalty experience.,"[{'reward_name': 'Airport Lounge Access', 'score': 75.77, 'reason': 'Unknown customers respond well to airport lounge access because the offer is aligned to their tv preference and reward behavior.', 'business_benefit': 'Improves loyalty performance and encourages repeat purchases.', 'customer_benefit': 'Helps the customer receive more value from their purchases through airport lounge access.'}, {'reward_name': 'Hotel Discounts', 'score': 74.07, 'reason': 'Unknown customers respond well to hotel discounts because the offer is aligned to their tv preference and reward behavior.', 'business_benefit': 'Improves loyalty performance and encourages repeat purchases.', 'customer_benefit': 'Helps the customer receive more value from their purchases through hotel discounts.'}, {'reward_name': 'Lifestyle Offers', 'score': 74.07, 'reason': 'Unknown customers respond well to lifestyle offers because the offer is aligned to their tv preference and reward behavior.', 'business_benefit': 'Improves loyalty performance and encourages repeat purchases.', 'customer_benefit': 'Helps the customer receive more value from their purchases through lifestyle offers.'}]","[75.77, 74.07, 74.07]","Unknown customers in cluster -1 show a strong fit for Airport Lounge Access, Hotel Discounts, Lifestyle Offers based on spend, engagement, and reward behavior.",Moderate uplift in engagement and repeat purchase intent with a clear ROI path.,-1,Unknown
C0075,Low,Needs Attention,loyalty_nudge,We are nudging the customer with a personalized loyalty experience.,"[{'reward_name': 'Airport Lounge Access', 'score': 76.75, 'reason': 'Unknown customers respond well to airport lounge access because the offer is aligned to their smart home preference and reward behavior.', 'business_benefit': 'Improves loyalty performance and encourages repeat purchases.', 'customer_benefit': 'Helps the customer receive more value from their purchases through airport lounge access.'}, {'reward_name': 'Hotel Discounts', 'score': 75.05, 'reason': 'Unknown customers respond well to hotel discounts because the offer is aligned to their smart home preference and reward behavior.', 'business_benefit': 'Improves loyalty performance and encourages repeat purchases.', 'customer_benefit': 'Helps the customer receive more value from their purchases through hotel discounts.'}, {'reward_name': 'Lifestyle Offers', 'score': 75.05, 'reason': 'Unknown customers respond well to lifestyle offers because the offer is aligned to their smart home preference and reward behavior.', 'business_benefit': 'Improves loyalty performance and encourages repeat purchases.', 'customer_benefit': 'Helps the customer receive more value from their purchases through lifestyle offers.'}]","[76.75, 75.05, 75.05]","Unknown customers in cluster -1 show a strong fit for Airport Lounge Access, Hotel Discounts, Lifestyle Offers based on spend, engagement, and reward behavior.",Moderate uplift in engagement and repeat purchase intent with a clear ROI path.,-1,Unknown
C0076,Low,Critical,retention_offer,We are prioritizing a tailored retention offer to protect engagement.,"[{'reward_name': 'Airport Lounge Access', 'score': 77.31, 'reason': 'Unknown customers respond well to airport lounge access because the offer is aligned to their smartphone preference and reward behavior.', 'business_benefit': 'Improves loyalty performance and encourages repeat purchases.', 'customer_benefit': 'Helps the customer receive more value from their purchases through airport lounge access.'}, {'reward_name': 'Hotel Discounts', 'score': 75.61, 'reason': 'Unknown customers respond well to hotel discounts because the offer is aligned to their smartphone preference and reward behavior.', 'business_benefit': 'Improves loyalty performance and encourages repeat purchases.', 'customer_benefit': 'Helps the customer receive more value from their purchases through hotel discounts.'}, {'reward_name': 'Lifestyle Offers', 'score': 75.61, 'reason': 'Unknown customers respond well to lifestyle offers because the offer is aligned to their smartphone preference and reward behavior.', 'business_benefit': 'Improves loyalty performance and encourages repeat purchases.', 'customer_benefit': 'Helps the customer receive more value from their purchases through lifestyle offers.'}]","[77.31, 75.61, 75.61]","Unknown customers in cluster -1 show a strong fit for Airport Lounge Access, Hotel Discounts, Lifestyle Offers based on spend, engagement, and reward behavior.",Moderate uplift in engagement and repeat purchase intent with a clear ROI path.,-1,Unknown
C0077,Low,Critical,retention_offer,We are prioritizing a tailored retention offer to protect engagement.,"[{'reward_name': 'Airport Lounge Access', 'score': 74.64, 'reason': 'Unknown customers respond well to airport lounge access because the offer is aligned to their tv preference and reward behavior.', 'business_benefit': 'Improves loyalty performance and encourages repeat purchases.', 'customer_benefit': 'Helps the customer receive more value from their purchases through airport lounge access.'}, {'reward_name': 'Hotel Discounts', 'score': 72.94, 'reason': 'Unknown customers respond well to hotel discounts because the offer is aligned to their tv preference and reward behavior.', 'business_benefit': 'Improves loyalty performance and encourages repeat purchases.', 'customer_benefit': 'Helps the customer receive more value from their purchases through hotel discounts.'}, {'reward_name': 'Lifestyle Offers', 'score': 72.94, 'reason': 'Unknown customers respond well to lifestyle offers because the offer is aligned to their tv preference and reward behavior.', 'business_benefit': 'Improves loyalty performance and encourages repeat purchases.', 'customer_benefit': 'Helps the customer receive more value from their purchases through lifestyle offers.'}]","[74.64, 72.94, 72.94]","Unknown customers in cluster -1 show a strong fit for Airport Lounge Access, Hotel Discounts, Lifestyle Offers based on spend, engagement, and reward behavior.",Moderate uplift in engagement and repeat purchase intent with a clear ROI path.,-1,Unknown
C0078,Low,Needs Attention,loyalty_nudge,We are nudging the customer with a personalized loyalty experience.,"[{'reward_name': 'Airport Lounge Access', 'score': 75.55, 'reason': 'Unknown customers respond well to airport lounge access because the offer is aligned to their smart home preference and reward behavior.', 'business_benefit': 'Improves loyalty performance and encourages repeat purchases.', 'customer_benefit': 'Helps the customer receive more value from their purchases through airport lounge access.'}, {'reward_name': 'Hotel Discounts', 'score': 73.85, 'reason': 'Unknown customers respond well to hotel discounts because the offer is aligned to their smart home preference and reward behavior.', 'business_benefit': 'Improves loyalty performance and encourages repeat purchases.', 'customer_benefit': 'Helps the customer receive more value from their purchases through hotel discounts.'}, {'reward_name': 'Lifestyle Offers', 'score': 73.85, 'reason': 'Unknown customers respond well to lifestyle offers because the offer is aligned to their smart home preference and reward behavior.', 'business_benefit': 'Improves loyalty performance and encourages repeat purchases.', 'customer_benefit': 'Helps the customer receive more value from their purchases through lifestyle offers.'}]","[75.55, 73.85, 73.85]","Unknown customers in cluster -1 show a strong fit for Airport Lounge Access, Hotel Discounts, Lifestyle Offers based on spend, engagement, and reward behavior.",Moderate uplift in engagement and repeat purchase intent with a clear ROI path.,-1,Unknown
C0079,Low,Needs Attention,loyalty_nudge,We are nudging the customer with a personalized loyalty experience.,"[{'reward_name': 'Airport Lounge Access', 'score': 78.69, 'reason': 'Unknown customers respond well to airport lounge access because the offer is aligned to their audio preference and reward behavior.', 'business_benefit': 'Improves loyalty performance and encourages repeat purchases.', 'customer_benefit': 'Helps the customer receive more value from their purchases through airport lounge access.'}, {'reward_name': 'Hotel Discounts', 'score': 76.99, 'reason': 'Unknown customers respond well to hotel discounts because the offer is aligned to their audio preference and reward behavior.', 'business_benefit': 'Improves loyalty performance and encourages repeat purchases.', 'customer_benefit': 'Helps the customer receive more value from their purchases through hotel discounts.'}, {'reward_name': 'Lifestyle Offers', 'score': 76.99, 'reason': 'Unknown customers respond well to lifestyle offers because the offer is aligned to their audio preference and reward behavior.', 'business_benefit': 'Improves loyalty performance and encourages repeat purchases.', 'customer_benefit': 'Helps the customer receive more value from their purchases through lifestyle offers.'}]","[78.69, 76.99, 76.99]","Unknown customers in cluster -1 show a strong fit for Airport Lounge Access, Hotel Discounts, Lifestyle Offers based on spend, engagement, and reward behavior.",Moderate uplift in engagement and repeat purchase intent with a clear ROI path.,-1,Unknown
C0080,Low,Critical,retention_offer,We are prioritizing a tailored retention offer to protect engagement.,"[{'reward_name': 'Airport Lounge Access', 'score': 74.19, 'reason': 'Unknown customers respond well to airport lounge access because the offer is aligned to their tv preference and reward behavior.', 'business_benefit': 'Improves loyalty performance and encourages repeat purchases.', 'customer_benefit': 'Helps the customer receive more value from their purchases through airport lounge access.'}, {'reward_name': 'Hotel Discounts', 'score': 72.49, 'reason': 'Unknown customers respond well to hotel discounts because the offer is aligned to their tv preference and reward behavior.', 'business_benefit': 'Improves loyalty performance and encourages repeat purchases.', 'customer_benefit': 'Helps the customer receive more value from their purchases through hotel discounts.'}, {'reward_name': 'Lifestyle Offers', 'score': 72.49, 'reason': 'Unknown customers respond well to lifestyle offers because the offer is aligned to their tv preference and reward behavior.', 'business_benefit': 'Improves loyalty performance and encourages repeat purchases.', 'customer_benefit': 'Helps the customer receive more value from their purchases through lifestyle offers.'}]","[74.19, 72.49, 72.49]","Unknown customers in cluster -1 show a strong fit for Airport Lounge Access, Hotel Discounts, Lifestyle Offers based on spend, engagement, and reward behavior.",Moderate uplift in engagement and repeat purchase intent with a clear ROI path.,-1,Unknown
C0081,Low,Critical,retention_offer,We are prioritizing a tailored retention offer to protect engagement.,"[{'reward_name': 'Airport Lounge Access', 'score': 75.87, 'reason': 'Unknown customers respond well to airport lounge access because the offer is aligned to their security preference and reward behavior.', 'business_benefit': 'Improves loyalty performance and encourages repeat purchases.', 'customer_benefit': 'Helps the customer receive more value from their purchases through airport lounge access.'}, {'reward_name': 'Hotel Discounts', 'score': 74.17, 'reason': 'Unknown customers respond well to hotel discounts because the offer is aligned to their security preference and reward behavior.', 'business_benefit': 'Improves loyalty performance and encourages repeat purchases.', 'customer_benefit': 'Helps the customer receive more value from their purchases through hotel discounts.'}, {'reward_name': 'Lifestyle Offers', 'score': 74.17, 'reason': 'Unknown customers respond well to lifestyle offers because the offer is aligned to their security preference and reward behavior.', 'business_benefit': 'Improves loyalty performance and encourages repeat purchases.', 'customer_benefit': 'Helps the customer receive more value from their purchases through lifestyle offers.'}]","[75.87, 74.17, 74.17]","Unknown customers in cluster -1 show a strong fit for Airport Lounge Access, Hotel Discounts, Lifestyle Offers based on spend, engagement, and reward behavior.",Moderate uplift in engagement and repeat purchase intent with a clear ROI path.,-1,Unknown
C0082,Low,Critical,retention_offer,We are prioritizing a tailored retention offer to protect engagement.,"[{'reward_name': 'Airport Lounge Access', 'score': 73.83, 'reason': 'Unknown customers respond well to airport lounge access because the offer is aligned to their audio preference and reward behavior.', 'business_benefit': 'Improves loyalty performance and encourages repeat purchases.', 'customer_benefit': 'Helps the customer receive more value from their purchases through airport lounge access.'}, {'reward_name': 'Hotel Discounts', 'score': 72.13, 'reason': 'Unknown customers respond well to hotel discounts because the offer is aligned to their audio preference and reward behavior.', 'business_benefit': 'Improves loyalty performance and encourages repeat purchases.', 'customer_benefit': 'Helps the customer receive more value from their purchases through hotel discounts.'}, {'reward_name': 'Lifestyle Offers', 'score': 72.13, 'reason': 'Unknown customers respond well to lifestyle offers because the offer is aligned to their audio preference and reward behavior.', 'business_benefit': 'Improves loyalty performance and encourages repeat purchases.', 'customer_benefit': 'Helps the customer receive more value from their purchases through lifestyle offers.'}]","[73.83, 72.13, 72.13]","Unknown customers in cluster -1 show a strong fit for Airport Lounge Access, Hotel Discounts, Lifestyle Offers based on spend, engagement, and reward behavior.",Moderate uplift in engagement and repeat purchase intent with a clear ROI path.,-1,Unknown
C0083,Low,Needs Attention,loyalty_nudge,We are nudging the customer with a personalized loyalty experience.,"[{'reward_name': 'Airport Lounge Access', 'score': 80.2, 'reason': 'Unknown customers respond well to airport lounge access because the offer is aligned to their audio preference and reward behavior.', 'business_benefit': 'Improves loyalty performance and encourages repeat purchases.', 'customer_benefit': 'Helps the customer receive more value from their purchases through airport lounge access.'}, {'reward_name': 'Hotel Discounts', 'score': 78.5, 'reason': 'Unknown customers respond well to hotel discounts because the offer is aligned to their audio preference and reward behavior.', 'business_benefit': 'Improves loyalty performance and encourages repeat purchases.', 'customer_benefit': 'Helps the customer receive more value from their purchases through hotel discounts.'}, {'reward_name': 'Lifestyle Offers', 'score': 78.5, 'reason': 'Unknown customers respond well to lifestyle offers because the offer is aligned to their audio preference and reward behavior.', 'business_benefit': 'Improves loyalty performance and encourages repeat purchases.', 'customer_benefit': 'Helps the customer receive more value from their purchases through lifestyle offers.'}]","[80.2, 78.5, 78.5]","Unknown customers in cluster -1 show a strong fit for Airport Lounge Access, Hotel Discounts, Lifestyle Offers based on spend, engagement, and reward behavior.",Moderate uplift in engagement and repeat purchase intent with a clear ROI path.,-1,Unknown
C0084,Low,Needs Attention,loyalty_nudge,We are nudging the customer with a personalized loyalty experience.,"[{'reward_name': 'Airport Lounge Access', 'score': 75.14, 'reason': 'Unknown customers respond well to airport lounge access because the offer is aligned to their smartphone preference and reward behavior.', 'business_benefit': 'Improves loyalty performance and encourages repeat purchases.', 'customer_benefit': 'Helps the customer receive more value from their purchases through airport lounge access.'}, {'reward_name': 'Hotel Discounts', 'score': 73.44, 'reason': 'Unknown customers respond well to hotel discounts because the offer is aligned to their smartphone preference and reward behavior.', 'business_benefit': 'Improves loyalty performance and encourages repeat purchases.', 'customer_benefit': 'Helps the customer receive more value from their purchases through hotel discounts.'}, {'reward_name': 'Lifestyle Offers', 'score': 73.44, 'reason': 'Unknown customers respond well to lifestyle offers because the offer is aligned to their smartphone preference and reward behavior.', 'business_benefit': 'Improves loyalty performance and encourages repeat purchases.', 'customer_benefit': 'Helps the customer receive more value from their purchases through lifestyle offers.'}]","[75.14, 73.44, 73.44]","Unknown customers in cluster -1 show a strong fit for Airport Lounge Access, Hotel Discounts, Lifestyle Offers based on spend, engagement, and reward behavior.",Moderate uplift in engagement and repeat purchase intent with a clear ROI path.,-1,Unknown
C0085,Low,Critical,retention_offer,We are prioritizing a tailored retention offer to protect engagement.,"[{'reward_name': 'Airport Lounge Access', 'score': 76.56, 'reason': 'Unknown customers respond well to airport lounge access because the offer is aligned to their audio preference and reward behavior.', 'business_benefit': 'Improves loyalty performance and encourages repeat purchases.', 'customer_benefit': 'Helps the customer receive more value from their purchases through airport lounge access.'}, {'reward_name': 'Hotel Discounts', 'score': 74.86, 'reason': 'Unknown customers respond well to hotel discounts because the offer is aligned to their audio preference and reward behavior.', 'business_benefit': 'Improves loyalty performance and encourages repeat purchases.', 'customer_benefit': 'Helps the customer receive more value from their purchases through hotel discounts.'}, {'reward_name': 'Lifestyle Offers', 'score': 74.86, 'reason': 'Unknown customers respond well to lifestyle offers because the offer is aligned to their audio preference and reward behavior.', 'business_benefit': 'Improves loyalty performance and encourages repeat purchases.', 'customer_benefit': 'Helps the customer receive more value from their purchases through lifestyle offers.'}]","[76.56, 74.86, 74.86]","Unknown customers in cluster -1 show a strong fit for Airport Lounge Access, Hotel Discounts, Lifestyle Offers based on spend, engagement, and reward behavior.",Moderate uplift in engagement and repeat purchase intent with a clear ROI path.,-1,Unknown
C0086,Low,Needs Attention,loyalty_nudge,We are nudging the customer with a personalized loyalty experience.,"[{'reward_name': 'Airport Lounge Access', 'score': 75.8, 'reason': 'Unknown customers respond well to airport lounge access because the offer is aligned to their audio preference and reward behavior.', 'business_benefit': 'Improves loyalty performance and encourages repeat purchases.', 'customer_benefit': 'Helps the customer receive more value from their purchases through airport lounge access.'}, {'reward_name': 'Hotel Discounts', 'score': 74.1, 'reason': 'Unknown customers respond well to hotel discounts because the offer is aligned to their audio preference and reward behavior.', 'business_benefit': 'Improves loyalty performance and encourages repeat purchases.', 'customer_benefit': 'Helps the customer receive more value from their purchases through hotel discounts.'}, {'reward_name': 'Lifestyle Offers', 'score': 74.1, 'reason': 'Unknown customers respond well to lifestyle offers because the offer is aligned to their audio preference and reward behavior.', 'business_benefit': 'Improves loyalty performance and encourages repeat purchases.', 'customer_benefit': 'Helps the customer receive more value from their purchases through lifestyle offers.'}]","[75.8, 74.1, 74.1]","Unknown customers in cluster -1 show a strong fit for Airport Lounge Access, Hotel Discounts, Lifestyle Offers based on spend, engagement, and reward behavior.",Moderate uplift in engagement and repeat purchase intent with a clear ROI path.,-1,Unknown
C0087,Low,Needs Attention,loyalty_nudge,We are nudging the customer with a personalized loyalty experience.,"[{'reward_name': 'Airport Lounge Access', 'score': 78.26, 'reason': 'Unknown customers respond well to airport lounge access because the offer is aligned to their audio preference and reward behavior.', 'business_benefit': 'Improves loyalty performance and encourages repeat purchases.', 'customer_benefit': 'Helps the customer receive more value from their purchases through airport lounge access.'}, {'reward_name': 'Hotel Discounts', 'score': 76.56, 'reason': 'Unknown customers respond well to hotel discounts because the offer is aligned to their audio preference and reward behavior.', 'business_benefit': 'Improves loyalty performance and encourages repeat purchases.', 'customer_benefit': 'Helps the customer receive more value from their purchases through hotel discounts.'}, {'reward_name': 'Lifestyle Offers', 'score': 76.56, 'reason': 'Unknown customers respond well to lifestyle offers because the offer is aligned to their audio preference and reward behavior.', 'business_benefit': 'Improves loyalty performance and encourages repeat purchases.', 'customer_benefit': 'Helps the customer receive more value from their purchases through lifestyle offers.'}]","[78.26, 76.56, 76.56]","Unknown customers in cluster -1 show a strong fit for Airport Lounge Access, Hotel Discounts, Lifestyle Offers based on spend, engagement, and reward behavior.",Moderate uplift in engagement and repeat purchase intent with a clear ROI path.,-1,Unknown
C0088,Low,Needs Attention,loyalty_nudge,We are nudging the customer with a personalized loyalty experience.,"[{'reward_name': 'Airport Lounge Access', 'score': 79.6, 'reason': 'Unknown customers respond well to airport lounge access because the offer is aligned to their security preference and reward behavior.', 'business_benefit': 'Improves loyalty performance and encourages repeat purchases.', 'customer_benefit': 'Helps the customer receive more value from their purchases through airport lounge access.'}, {'reward_name': 'Hotel Discounts', 'score': 77.9, 'reason': 'Unknown customers respond well to hotel discounts because the offer is aligned to their security preference and reward behavior.', 'business_benefit': 'Improves loyalty performance and encourages repeat purchases.', 'customer_benefit': 'Helps the customer receive more value from their purchases through hotel discounts.'}, {'reward_name': 'Lifestyle Offers', 'score': 77.9, 'reason': 'Unknown customers respond well to lifestyle offers because the offer is aligned to their security preference and reward behavior.', 'business_benefit': 'Improves loyalty performance and encourages repeat purchases.', 'customer_benefit': 'Helps the customer receive more value from their purchases through lifestyle offers.'}]","[79.6, 77.9, 77.9]","Unknown customers in cluster -1 show a strong fit for Airport Lounge Access, Hotel Discounts, Lifestyle Offers based on spend, engagement, and reward behavior.",Moderate uplift in engagement and repeat purchase intent with a clear ROI path.,-1,Unknown
C0089,Low,Critical,retention_offer,We are prioritizing a tailored retention offer to protect engagement.,"[{'reward_name': 'Airport Lounge Access', 'score': 74.67, 'reason': 'Unknown customers respond well to airport lounge access because the offer is aligned to their audio preference and reward behavior.', 'business_benefit': 'Improves loyalty performance and encourages repeat purchases.', 'customer_benefit': 'Helps the customer receive more value from their purchases through airport lounge access.'}, {'reward_name': 'Hotel Discounts', 'score': 72.97, 'reason': 'Unknown customers respond well to hotel discounts because the offer is aligned to their audio preference and reward behavior.', 'business_benefit': 'Improves loyalty performance and encourages repeat purchases.', 'customer_benefit': 'Helps the customer receive more value from their purchases through hotel discounts.'}, {'reward_name': 'Lifestyle Offers', 'score': 72.97, 'reason': 'Unknown customers respond well to lifestyle offers because the offer is aligned to their audio preference and reward behavior.', 'business_benefit': 'Improves loyalty performance and encourages repeat purchases.', 'customer_benefit': 'Helps the customer receive more value from their purchases through lifestyle offers.'}]","[74.67, 72.97, 72.97]","Unknown customers in cluster -1 show a strong fit for Airport Lounge Access, Hotel Discounts, Lifestyle Offers based on spend, engagement, and reward behavior.",Moderate uplift in engagement and repeat purchase intent with a clear ROI path.,-1,Unknown
C0090,Low,Critical,retention_offer,We are prioritizing a tailored retention offer to protect engagement.,"[{'reward_name': 'Airport Lounge Access', 'score': 77.38, 'reason': 'Unknown customers respond well to airport lounge access because the offer is aligned to their watch preference and reward behavior.', 'business_benefit': 'Improves loyalty performance and encourages repeat purchases.', 'customer_benefit': 'Helps the customer receive more value from their purchases through airport lounge access.'}, {'reward_name': 'Hotel Discounts', 'score': 75.68, 'reason': 'Unknown customers respond well to hotel discounts because the offer is aligned to their watch preference and reward behavior.', 'business_benefit': 'Improves loyalty performance and encourages repeat purchases.', 'customer_benefit': 'Helps the customer receive more value from their purchases through hotel discounts.'}, {'reward_name': 'Lifestyle Offers', 'score': 75.68, 'reason': 'Unknown customers respond well to lifestyle offers because the offer is aligned to their watch preference and reward behavior.', 'business_benefit': 'Improves loyalty performance and encourages repeat purchases.', 'customer_benefit': 'Helps the customer receive more value from their purchases through lifestyle offers.'}]","[77.38, 75.68, 75.68]","Unknown customers in cluster -1 show a strong fit for Airport Lounge Access, Hotel Discounts, Lifestyle Offers based on spend, engagement, and reward behavior.",Moderate uplift in engagement and repeat purchase intent with a clear ROI path.,-1,Unknown
C0091,Low,Needs Attention,loyalty_nudge,We are nudging the customer with a personalized loyalty experience.,"[{'reward_name': 'Airport Lounge Access', 'score': 79.65, 'reason': 'Unknown customers respond well to airport lounge access because the offer is aligned to their audio preference and reward behavior.', 'business_benefit': 'Improves loyalty performance and encourages repeat purchases.', 'customer_benefit': 'Helps the customer receive more value from their purchases through airport lounge access.'}, {'reward_name': 'Hotel Discounts', 'score': 77.95, 'reason': 'Unknown customers respond well to hotel discounts because the offer is aligned to their audio preference and reward behavior.', 'business_benefit': 'Improves loyalty performance and encourages repeat purchases.', 'customer_benefit': 'Helps the customer receive more value from their purchases through hotel discounts.'}, {'reward_name': 'Lifestyle Offers', 'score': 77.95, 'reason': 'Unknown customers respond well to lifestyle offers because the offer is aligned to their audio preference and reward behavior.', 'business_benefit': 'Improves loyalty performance and encourages repeat purchases.', 'customer_benefit': 'Helps the customer receive more value from their purchases through lifestyle offers.'}]","[79.65, 77.95, 77.95]","Unknown customers in cluster -1 show a strong fit for Airport Lounge Access, Hotel Discounts, Lifestyle Offers based on spend, engagement, and reward behavior.",Moderate uplift in engagement and repeat purchase intent with a clear ROI path.,-1,Unknown
C0092,Low,Critical,retention_offer,We are prioritizing a tailored retention offer to protect engagement.,"[{'reward_name': 'Airport Lounge Access', 'score': 73.56, 'reason': 'Unknown customers respond well to airport lounge access because the offer is aligned to their security preference and reward behavior.', 'business_benefit': 'Improves loyalty performance and encourages repeat purchases.', 'customer_benefit': 'Helps the customer receive more value from their purchases through airport lounge access.'}, {'reward_name': 'Hotel Discounts', 'score': 71.86, 'reason': 'Unknown customers respond well to hotel discounts because the offer is aligned to their security preference and reward behavior.', 'business_benefit': 'Improves loyalty performance and encourages repeat purchases.', 'customer_benefit': 'Helps the customer receive more value from their purchases through hotel discounts.'}, {'reward_name': 'Lifestyle Offers', 'score': 71.86, 'reason': 'Unknown customers respond well to lifestyle offers because the offer is aligned to their security preference and reward behavior.', 'business_benefit': 'Improves loyalty performance and encourages repeat purchases.', 'customer_benefit': 'Helps the customer receive more value from their purchases through lifestyle offers.'}]","[73.56, 71.86, 71.86]","Unknown customers in cluster -1 show a strong fit for Airport Lounge Access, Hotel Discounts, Lifestyle Offers based on spend, engagement, and reward behavior.",Moderate uplift in engagement and repeat purchase intent with a clear ROI path.,-1,Unknown
C0093,Medium,Needs Attention,loyalty_nudge,We are nudging the customer with a personalized loyalty experience.,"[{'reward_name': 'Airport Lounge Access', 'score': 76.08, 'reason': 'Unknown customers respond well to airport lounge access because the offer is aligned to their security preference and reward behavior.', 'business_benefit': 'Improves loyalty performance and encourages repeat purchases.', 'customer_benefit': 'Helps the customer receive more value from their purchases through airport lounge access.'}, {'reward_name': 'Hotel Discounts', 'score': 74.38, 'reason': 'Unknown customers respond well to hotel discounts because the offer is aligned to their security preference and reward behavior.', 'business_benefit': 'Improves loyalty performance and encourages repeat purchases.', 'customer_benefit': 'Helps the customer receive more value from their purchases through hotel discounts.'}, {'reward_name': 'Lifestyle Offers', 'score': 74.38, 'reason': 'Unknown customers respond well to lifestyle offers because the offer is aligned to their security preference and reward behavior.', 'business_benefit': 'Improves loyalty performance and encourages repeat purchases.', 'customer_benefit': 'Helps the customer receive more value from their purchases through lifestyle offers.'}]","[76.08, 74.38, 74.38]","Unknown customers in cluster -1 show a strong fit for Airport Lounge Access, Hotel Discounts, Lifestyle Offers based on spend, engagement, and reward behavior.",Moderate uplift in engagement and repeat purchase intent with a clear ROI path.,-1,Unknown
C0094,Low,Needs Attention,loyalty_nudge,We are nudging the customer with a personalized loyalty experience.,"[{'reward_name': 'Airport Lounge Access', 'score': 80.05, 'reason': 'Unknown customers respond well to airport lounge access because the offer is aligned to their smart home preference and reward behavior.', 'business_benefit': 'Improves loyalty performance and encourages repeat purchases.', 'customer_benefit': 'Helps the customer receive more value from their purchases through airport lounge access.'}, {'reward_name': 'Hotel Discounts', 'score': 78.35, 'reason': 'Unknown customers respond well to hotel discounts because the offer is aligned to their smart home preference and reward behavior.', 'business_benefit': 'Improves loyalty performance and encourages repeat purchases.', 'customer_benefit': 'Helps the customer receive more value from their purchases through hotel discounts.'}, {'reward_name': 'Lifestyle Offers', 'score': 78.35, 'reason': 'Unknown customers respond well to lifestyle offers because the offer is aligned to their smart home preference and reward behavior.', 'business_benefit': 'Improves loyalty performance and encourages repeat purchases.', 'customer_benefit': 'Helps the customer receive more value from their purchases through lifestyle offers.'}]","[80.05, 78.35, 78.35]","Unknown customers in cluster -1 show a strong fit for Airport Lounge Access, Hotel Discounts, Lifestyle Offers based on spend, engagement, and reward behavior.",Moderate uplift in engagement and repeat purchase intent with a clear ROI path.,-1,Unknown
C0095,Low,Critical,retention_offer,We are prioritizing a tailored retention offer to protect engagement.,"[{'reward_name': 'Airport Lounge Access', 'score': 74.38, 'reason': 'Unknown customers respond well to airport lounge access because the offer is aligned to their gaming preference and reward behavior.', 'business_benefit': 'Improves loyalty performance and encourages repeat purchases.', 'customer_benefit': 'Helps the customer receive more value from their purchases through airport lounge access.'}, {'reward_name': 'Hotel Discounts', 'score': 72.68, 'reason': 'Unknown customers respond well to hotel discounts because the offer is aligned to their gaming preference and reward behavior.', 'business_benefit': 'Improves loyalty performance and encourages repeat purchases.', 'customer_benefit': 'Helps the customer receive more value from their purchases through hotel discounts.'}, {'reward_name': 'Lifestyle Offers', 'score': 72.68, 'reason': 'Unknown customers respond well to lifestyle offers because the offer is aligned to their gaming preference and reward behavior.', 'business_benefit': 'Improves loyalty performance and encourages repeat purchases.', 'customer_benefit': 'Helps the customer receive more value from their purchases through lifestyle offers.'}]","[74.38, 72.68, 72.68]","Unknown customers in cluster -1 show a strong fit for Airport Lounge Access, Hotel Discounts, Lifestyle Offers based on spend, engagement, and reward behavior.",Moderate uplift in engagement and repeat purchase intent with a clear ROI path.,-1,Unknown
C0096,Low,Needs Attention,loyalty_nudge,We are nudging the customer with a personalized loyalty experience.,"[{'reward_name': 'Airport Lounge Access', 'score': 76.76, 'reason': 'Unknown customers respond well to airport lounge access because the offer is aligned to their tv preference and reward behavior.', 'business_benefit': 'Improves loyalty performance and encourages repeat purchases.', 'customer_benefit': 'Helps the customer receive more value from their purchases through airport lounge access.'}, {'reward_name': 'Hotel Discounts', 'score': 75.06, 'reason': 'Unknown customers respond well to hotel discounts because the offer is aligned to their tv preference and reward behavior.', 'business_benefit': 'Improves loyalty performance and encourages repeat purchases.', 'customer_benefit': 'Helps the customer receive more value from their purchases through hotel discounts.'}, {'reward_name': 'Lifestyle Offers', 'score': 75.06, 'reason': 'Unknown customers respond well to lifestyle offers because the offer is aligned to their tv preference and reward behavior.', 'business_benefit': 'Improves loyalty performance and encourages repeat purchases.', 'customer_benefit': 'Helps the customer receive more value from their purchases through lifestyle offers.'}]","[76.76, 75.06, 75.06]","Unknown customers in cluster -1 show a strong fit for Airport Lounge Access, Hotel Discounts, Lifestyle Offers based on spend, engagement, and reward behavior.",Moderate uplift in engagement and repeat purchase intent with a clear ROI path.,-1,Unknown
C0097,Low,Critical,retention_offer,We are prioritizing a tailored retention offer to protect engagement.,"[{'reward_name': 'Airport Lounge Access', 'score': 76.2, 'reason': 'Unknown customers respond well to airport lounge access because the offer is aligned to their security preference and reward behavior.', 'business_benefit': 'Improves loyalty performance and encourages repeat purchases.', 'customer_benefit': 'Helps the customer receive more value from their purchases through airport lounge access.'}, {'reward_name': 'Hotel Discounts', 'score': 74.5, 'reason': 'Unknown customers respond well to hotel discounts because the offer is aligned to their security preference and reward behavior.', 'business_benefit': 'Improves loyalty performance and encourages repeat purchases.', 'customer_benefit': 'Helps the customer receive more value from their purchases through hotel discounts.'}, {'reward_name': 'Lifestyle Offers', 'score': 74.5, 'reason': 'Unknown customers respond well to lifestyle offers because the offer is aligned to their security preference and reward behavior.', 'business_benefit': 'Improves loyalty performance and encourages repeat purchases.', 'customer_benefit': 'Helps the customer receive more value from their purchases through lifestyle offers.'}]","[76.2, 74.5, 74.5]","Unknown customers in cluster -1 show a strong fit for Airport Lounge Access, Hotel Discounts, Lifestyle Offers based on spend, engagement, and reward behavior.",Moderate uplift in engagement and repeat purchase intent with a clear ROI path.,-1,Unknown
C0098,Low,Critical,retention_offer,We are prioritizing a tailored retention offer to protect engagement.,"[{'reward_name': 'Airport Lounge Access', 'score': 75.67, 'reason': 'Unknown customers respond well to airport lounge access because the offer is aligned to their smart home preference and reward behavior.', 'business_benefit': 'Improves loyalty performance and encourages repeat purchases.', 'customer_benefit': 'Helps the customer receive more value from their purchases through airport lounge access.'}, {'reward_name': 'Hotel Discounts', 'score': 73.97, 'reason': 'Unknown customers respond well to hotel discounts because the offer is aligned to their smart home preference and reward behavior.', 'business_benefit': 'Improves loyalty performance and encourages repeat purchases.', 'customer_benefit': 'Helps the customer receive more value from their purchases through hotel discounts.'}, {'reward_name': 'Lifestyle Offers', 'score': 73.97, 'reason': 'Unknown customers respond well to lifestyle offers because the offer is aligned to their smart home preference and reward behavior.', 'business_benefit': 'Improves loyalty performance and encourages repeat purchases.', 'customer_benefit': 'Helps the customer receive more value from their purchases through lifestyle offers.'}]","[75.67, 73.97, 73.97]","Unknown customers in cluster -1 show a strong fit for Airport Lounge Access, Hotel Discounts, Lifestyle Offers based on spend, engagement, and reward behavior.",Moderate uplift in engagement and repeat purchase intent with a clear ROI path.,-1,Unknown
C0099,Low,Needs Attention,loyalty_nudge,We are nudging the customer with a personalized loyalty experience.,"[{'reward_name': 'Airport Lounge Access', 'score': 79.22, 'reason': 'Unknown customers respond well to airport lounge access because the offer is aligned to their security preference and reward behavior.', 'business_benefit': 'Improves loyalty performance and encourages repeat purchases.', 'customer_benefit': 'Helps the customer receive more value from their purchases through airport lounge access.'}, {'reward_name': 'Hotel Discounts', 'score': 77.52, 'reason': 'Unknown customers respond well to hotel discounts because the offer is aligned to their security preference and reward behavior.', 'business_benefit': 'Improves loyalty performance and encourages repeat purchases.', 'customer_benefit': 'Helps the customer receive more value from their purchases through hotel discounts.'}, {'reward_name': 'Lifestyle Offers', 'score': 77.52, 'reason': 'Unknown customers respond well to lifestyle offers because the offer is aligned to their security preference and reward behavior.', 'business_benefit': 'Improves loyalty performance and encourages repeat purchases.', 'customer_benefit': 'Helps the customer receive more value from their purchases through lifestyle offers.'}]","[79.22, 77.52, 77.52]","Unknown customers in cluster -1 show a strong fit for Airport Lounge Access, Hotel Discounts, Lifestyle Offers based on spend, engagement, and reward behavior.",Moderate uplift in engagement and repeat purchase intent with a clear ROI path.,-1,Unknown
C0100,Low,Critical,retention_offer,We are prioritizing a tailored retention offer to protect engagement.,"[{'reward_name': 'Airport Lounge Access', 'score': 74.6, 'reason': 'Unknown customers respond well to airport lounge access because the offer is aligned to their speaker preference and reward behavior.', 'business_benefit': 'Improves loyalty performance and encourages repeat purchases.', 'customer_benefit': 'Helps the customer receive more value from their purchases through airport lounge access.'}, {'reward_name': 'Hotel Discounts', 'score': 72.9, 'reason': 'Unknown customers respond well to hotel discounts because the offer is aligned to their speaker preference and reward behavior.', 'business_benefit': 'Improves loyalty performance and encourages repeat purchases.', 'customer_benefit': 'Helps the customer receive more value from their purchases through hotel discounts.'}, {'reward_name': 'Lifestyle Offers', 'score': 72.9, 'reason': 'Unknown customers respond well to lifestyle offers because the offer is aligned to their speaker preference and reward behavior.', 'business_benefit': 'Improves loyalty performance and encourages repeat purchases.', 'customer_benefit': 'Helps the customer receive more value from their purchases through lifestyle offers.'}]","[74.6, 72.9, 72.9]","Unknown customers in cluster -1 show a strong fit for Airport Lounge Access, Hotel Discounts, Lifestyle Offers based on spend, engagement, and reward behavior.",Moderate uplift in engagement and repeat purchase intent with a clear ROI path.,-1,Unknown
C0101,Low,Critical,retention_offer,We are prioritizing a tailored retention offer to protect engagement.,"[{'reward_name': 'Airport Lounge Access', 'score': 77.32, 'reason': 'Unknown customers respond well to airport lounge access because the offer is aligned to their audio preference and reward behavior.', 'business_benefit': 'Improves loyalty performance and encourages repeat purchases.', 'customer_benefit': 'Helps the customer receive more value from their purchases through airport lounge access.'}, {'reward_name': 'Hotel Discounts', 'score': 75.62, 'reason': 'Unknown customers respond well to hotel discounts because the offer is aligned to their audio preference and reward behavior.', 'business_benefit': 'Improves loyalty performance and encourages repeat purchases.', 'customer_benefit': 'Helps the customer receive more value from their purchases through hotel discounts.'}, {'reward_name': 'Lifestyle Offers', 'score': 75.62, 'reason': 'Unknown customers respond well to lifestyle offers because the offer is aligned to their audio preference and reward behavior.', 'business_benefit': 'Improves loyalty performance and encourages repeat purchases.', 'customer_benefit': 'Helps the customer receive more value from their purchases through lifestyle offers.'}]","[77.32, 75.62, 75.62]","Unknown customers in cluster -1 show a strong fit for Airport Lounge Access, Hotel Discounts, Lifestyle Offers based on spend, engagement, and reward behavior.",Moderate uplift in engagement and repeat purchase intent with a clear ROI path.,-1,Unknown
C0102,Low,Needs Attention,loyalty_nudge,We are nudging the customer with a personalized loyalty experience.,"[{'reward_name': 'Airport Lounge Access', 'score': 75.95, 'reason': 'Unknown customers respond well to airport lounge access because the offer is aligned to their tv preference and reward behavior.', 'business_benefit': 'Improves loyalty performance and encourages repeat purchases.', 'customer_benefit': 'Helps the customer receive more value from their purchases through airport lounge access.'}, {'reward_name': 'Hotel Discounts', 'score': 74.25, 'reason': 'Unknown customers respond well to hotel discounts because the offer is aligned to their tv preference and reward behavior.', 'business_benefit': 'Improves loyalty performance and encourages repeat purchases.', 'customer_benefit': 'Helps the customer receive more value from their purchases through hotel discounts.'}, {'reward_name': 'Lifestyle Offers', 'score': 74.25, 'reason': 'Unknown customers respond well to lifestyle offers because the offer is aligned to their tv preference and reward behavior.', 'business_benefit': 'Improves loyalty performance and encourages repeat purchases.', 'customer_benefit': 'Helps the customer receive more value from their purchases through lifestyle offers.'}]","[75.95, 74.25, 74.25]","Unknown customers in cluster -1 show a strong fit for Airport Lounge Access, Hotel Discounts, Lifestyle Offers based on spend, engagement, and reward behavior.",Moderate uplift in engagement and repeat purchase intent with a clear ROI path.,-1,Unknown
C0103,Low,Critical,retention_offer,We are prioritizing a tailored retention offer to protect engagement.,"[{'reward_name': 'Airport Lounge Access', 'score': 77.55, 'reason': 'Unknown customers respond well to airport lounge access because the offer is aligned to their gaming preference and reward behavior.', 'business_benefit': 'Improves loyalty performance and encourages repeat purchases.', 'customer_benefit': 'Helps the customer receive more value from their purchases through airport lounge access.'}, {'reward_name': 'Hotel Discounts', 'score': 75.85, 'reason': 'Unknown customers respond well to hotel discounts because the offer is aligned to their gaming preference and reward behavior.', 'business_benefit': 'Improves loyalty performance and encourages repeat purchases.', 'customer_benefit': 'Helps the customer receive more value from their purchases through hotel discounts.'}, {'reward_name': 'Lifestyle Offers', 'score': 75.85, 'reason': 'Unknown customers respond well to lifestyle offers because the offer is aligned to their gaming preference and reward behavior.', 'business_benefit': 'Improves loyalty performance and encourages repeat purchases.', 'customer_benefit': 'Helps the customer receive more value from their purchases through lifestyle offers.'}]","[77.55, 75.85, 75.85]","Unknown customers in cluster -1 show a strong fit for Airport Lounge Access, Hotel Discounts, Lifestyle Offers based on spend, engagement, and reward behavior.",Moderate uplift in engagement and repeat purchase intent with a clear ROI path.,-1,Unknown
C0104,Low,Needs Attention,loyalty_nudge,We are nudging the customer with a personalized loyalty experience.,"[{'reward_name': 'Airport Lounge Access', 'score': 75.47, 'reason': 'Unknown customers respond well to airport lounge access because the offer is aligned to their audio preference and reward behavior.', 'business_benefit': 'Improves loyalty performance and encourages repeat purchases.', 'customer_benefit': 'Helps the customer receive more value from their purchases through airport lounge access.'}, {'reward_name': 'Hotel Discounts', 'score': 73.77, 'reason': 'Unknown customers respond well to hotel discounts because the offer is aligned to their audio preference and reward behavior.', 'business_benefit': 'Improves loyalty performance and encourages repeat purchases.', 'customer_benefit': 'Helps the customer receive more value from their purchases through hotel discounts.'}, {'reward_name': 'Lifestyle Offers', 'score': 73.77, 'reason': 'Unknown customers respond well to lifestyle offers because the offer is aligned to their audio preference and reward behavior.', 'business_benefit': 'Improves loyalty performance and encourages repeat purchases.', 'customer_benefit': 'Helps the customer receive more value from their purchases through lifestyle offers.'}]","[75.47, 73.77, 73.77]","Unknown customers in cluster -1 show a strong fit for Airport Lounge Access, Hotel Discounts, Lifestyle Offers based on spend, engagement, and reward behavior.",Moderate uplift in engagement and repeat purchase intent with a clear ROI path.,-1,Unknown
C0105,Low,Critical,retention_offer,We are prioritizing a tailored retention offer to protect engagement.,"[{'reward_name': 'Airport Lounge Access', 'score': 72.69, 'reason': 'Unknown customers respond well to airport lounge access because the offer is aligned to their audio preference and reward behavior.', 'business_benefit': 'Improves loyalty performance and encourages repeat purchases.', 'customer_benefit': 'Helps the customer receive more value from their purchases through airport lounge access.'}, {'reward_name': 'Hotel Discounts', 'score': 70.99, 'reason': 'Unknown customers respond well to hotel discounts because the offer is aligned to their audio preference and reward behavior.', 'business_benefit': 'Improves loyalty performance and encourages repeat purchases.', 'customer_benefit': 'Helps the customer receive more value from their purchases through hotel discounts.'}, {'reward_name': 'Lifestyle Offers', 'score': 70.99, 'reason': 'Unknown customers respond well to lifestyle offers because the offer is aligned to their audio preference and reward behavior.', 'business_benefit': 'Improves loyalty performance and encourages repeat purchases.', 'customer_benefit': 'Helps the customer receive more value from their purchases through lifestyle offers.'}]","[72.69, 70.99, 70.99]","Unknown customers in cluster -1 show a strong fit for Airport Lounge Access, Hotel Discounts, Lifestyle Offers based on spend, engagement, and reward behavior.",Moderate uplift in engagement and repeat purchase intent with a clear ROI path.,-1,Unknown
C0106,Low,Needs Attention,loyalty_nudge,We are nudging the customer with a personalized loyalty experience.,"[{'reward_name': 'Airport Lounge Access', 'score': 74.13, 'reason': 'Unknown customers respond well to airport lounge access because the offer is aligned to their smart home preference and reward behavior.', 'business_benefit': 'Improves loyalty performance and encourages repeat purchases.', 'customer_benefit': 'Helps the customer receive more value from their purchases through airport lounge access.'}, {'reward_name': 'Hotel Discounts', 'score': 72.43, 'reason': 'Unknown customers respond well to hotel discounts because the offer is aligned to their smart home preference and reward behavior.', 'business_benefit': 'Improves loyalty performance and encourages repeat purchases.', 'customer_benefit': 'Helps the customer receive more value from their purchases through hotel discounts.'}, {'reward_name': 'Lifestyle Offers', 'score': 72.43, 'reason': 'Unknown customers respond well to lifestyle offers because the offer is aligned to their smart home preference and reward behavior.', 'business_benefit': 'Improves loyalty performance and encourages repeat purchases.', 'customer_benefit': 'Helps the customer receive more value from their purchases through lifestyle offers.'}]","[74.13, 72.43, 72.43]","Unknown customers in cluster -1 show a strong fit for Airport Lounge Access, Hotel Discounts, Lifestyle Offers based on spend, engagement, and reward behavior.",Moderate uplift in engagement and repeat purchase intent with a clear ROI path.,-1,Unknown
C0107,Low,Critical,retention_offer,We are prioritizing a tailored retention offer to protect engagement.,"[{'reward_name': 'Airport Lounge Access', 'score': 78.2, 'reason': 'Unknown customers respond well to airport lounge access because the offer is aligned to their speaker preference and reward behavior.', 'business_benefit': 'Improves loyalty performance and encourages repeat purchases.', 'customer_benefit': 'Helps the customer receive more value from their purchases through airport lounge access.'}, {'reward_name': 'Hotel Discounts', 'score': 76.5, 'reason': 'Unknown customers respond well to hotel discounts because the offer is aligned to their speaker preference and reward behavior.', 'business_benefit': 'Improves loyalty performance and encourages repeat purchases.', 'customer_benefit': 'Helps the customer receive more value from their purchases through hotel discounts.'}, {'reward_name': 'Lifestyle Offers', 'score': 76.5, 'reason': 'Unknown customers respond well to lifestyle offers because the offer is aligned to their speaker preference and reward behavior.', 'business_benefit': 'Improves loyalty performance and encourages repeat purchases.', 'customer_benefit': 'Helps the customer receive more value from their purchases through lifestyle offers.'}]","[78.2, 76.5, 76.5]","Unknown customers in cluster -1 show a strong fit for Airport Lounge Access, Hotel Discounts, Lifestyle Offers based on spend, engagement, and reward behavior.",Moderate uplift in engagement and repeat purchase intent with a clear ROI path.,-1,Unknown
C0108,Low,Critical,retention_offer,We are prioritizing a tailored retention offer to protect engagement.,"[{'reward_name': 'Airport Lounge Access', 'score': 73.79, 'reason': 'Unknown customers respond well to airport lounge access because the offer is aligned to their audio preference and reward behavior.', 'business_benefit': 'Improves loyalty performance and encourages repeat purchases.', 'customer_benefit': 'Helps the customer receive more value from their purchases through airport lounge access.'}, {'reward_name': 'Hotel Discounts', 'score': 72.09, 'reason': 'Unknown customers respond well to hotel discounts because the offer is aligned to their audio preference and reward behavior.', 'business_benefit': 'Improves loyalty performance and encourages repeat purchases.', 'customer_benefit': 'Helps the customer receive more value from their purchases through hotel discounts.'}, {'reward_name': 'Lifestyle Offers', 'score': 72.09, 'reason': 'Unknown customers respond well to lifestyle offers because the offer is aligned to their audio preference and reward behavior.', 'business_benefit': 'Improves loyalty performance and encourages repeat purchases.', 'customer_benefit': 'Helps the customer receive more value from their purchases through lifestyle offers.'}]","[73.79, 72.09, 72.09]","Unknown customers in cluster -1 show a strong fit for Airport Lounge Access, Hotel Discounts, Lifestyle Offers based on spend, engagement, and reward behavior.",Moderate uplift in engagement and repeat purchase intent with a clear ROI path.,-1,Unknown
C0109,Low,Critical,retention_offer,We are prioritizing a tailored retention offer to protect engagement.,"[{'reward_name': 'Airport Lounge Access', 'score': 73.4, 'reason': 'Unknown customers respond well to airport lounge access because the offer is aligned to their audio preference and reward behavior.', 'business_benefit': 'Improves loyalty performance and encourages repeat purchases.', 'customer_benefit': 'Helps the customer receive more value from their purchases through airport lounge access.'}, {'reward_name': 'Hotel Discounts', 'score': 71.7, 'reason': 'Unknown customers respond well to hotel discounts because the offer is aligned to their audio preference and reward behavior.', 'business_benefit': 'Improves loyalty performance and encourages repeat purchases.', 'customer_benefit': 'Helps the customer receive more value from their purchases through hotel discounts.'}, {'reward_name': 'Lifestyle Offers', 'score': 71.7, 'reason': 'Unknown customers respond well to lifestyle offers because the offer is aligned to their audio preference and reward behavior.', 'business_benefit': 'Improves loyalty performance and encourages repeat purchases.', 'customer_benefit': 'Helps the customer receive more value from their purchases through lifestyle offers.'}]","[73.4, 71.7, 71.7]","Unknown customers in cluster -1 show a strong fit for Airport Lounge Access, Hotel Discounts, Lifestyle Offers based on spend, engagement, and reward behavior.",Moderate uplift in engagement and repeat purchase intent with a clear ROI path.,-1,Unknown
C0110,Low,Needs Attention,loyalty_nudge,We are nudging the customer with a personalized loyalty experience.,"[{'reward_name': 'Airport Lounge Access', 'score': 75.97, 'reason': 'Unknown customers respond well to airport lounge access because the offer is aligned to their tv preference and reward behavior.', 'business_benefit': 'Improves loyalty performance and encourages repeat purchases.', 'customer_benefit': 'Helps the customer receive more value from their purchases through airport lounge access.'}, {'reward_name': 'Hotel Discounts', 'score': 74.27, 'reason': 'Unknown customers respond well to hotel discounts because the offer is aligned to their tv preference and reward behavior.', 'business_benefit': 'Improves loyalty performance and encourages repeat purchases.', 'customer_benefit': 'Helps the customer receive more value from their purchases through hotel discounts.'}, {'reward_name': 'Lifestyle Offers', 'score': 74.27, 'reason': 'Unknown customers respond well to lifestyle offers because the offer is aligned to their tv preference and reward behavior.', 'business_benefit': 'Improves loyalty performance and encourages repeat purchases.', 'customer_benefit': 'Helps the customer receive more value from their purchases through lifestyle offers.'}]","[75.97, 74.27, 74.27]","Unknown customers in cluster -1 show a strong fit for Airport Lounge Access, Hotel Discounts, Lifestyle Offers based on spend, engagement, and reward behavior.",Moderate uplift in engagement and repeat purchase intent with a clear ROI path.,-1,Unknown
C0111,Low,Needs Attention,loyalty_nudge,We are nudging the customer with a personalized loyalty experience.,"[{'reward_name': 'Airport Lounge Access', 'score': 77.24, 'reason': 'Unknown customers respond well to airport lounge access because the offer is aligned to their audio preference and reward behavior.', 'business_benefit': 'Improves loyalty performance and encourages repeat purchases.', 'customer_benefit': 'Helps the customer receive more value from their purchases through airport lounge access.'}, {'reward_name': 'Hotel Discounts', 'score': 75.54, 'reason': 'Unknown customers respond well to hotel discounts because the offer is aligned to their audio preference and reward behavior.', 'business_benefit': 'Improves loyalty performance and encourages repeat purchases.', 'customer_benefit': 'Helps the customer receive more value from their purchases through hotel discounts.'}, {'reward_name': 'Lifestyle Offers', 'score': 75.54, 'reason': 'Unknown customers respond well to lifestyle offers because the offer is aligned to their audio preference and reward behavior.', 'business_benefit': 'Improves loyalty performance and encourages repeat purchases.', 'customer_benefit': 'Helps the customer receive more value from their purchases through lifestyle offers.'}]","[77.24, 75.54, 75.54]","Unknown customers in cluster -1 show a strong fit for Airport Lounge Access, Hotel Discounts, Lifestyle Offers based on spend, engagement, and reward behavior.",Moderate uplift in engagement and repeat purchase intent with a clear ROI path.,-1,Unknown
C0112,Low,Critical,retention_offer,We are prioritizing a tailored retention offer to protect engagement.,"[{'reward_name': 'Cashback', 'score': 72.02, 'reason': 'Unknown customers respond well to cashback because the offer is aligned to their gaming preference and reward behavior.', 'business_benefit': 'Improves loyalty performance and encourages repeat purchases.', 'customer_benefit': 'Helps the customer receive more value from their purchases through cashback.'}, {'reward_name': 'Shopping Vouchers', 'score': 70.32, 'reason': 'Unknown customers respond well to shopping vouchers because the offer is aligned to their gaming preference and reward behavior.', 'business_benefit': 'Improves loyalty performance and encourages repeat purchases.', 'customer_benefit': 'Helps the customer receive more value from their purchases through shopping vouchers.'}, {'reward_name': 'Reward Points', 'score': 69.82, 'reason': 'Unknown customers respond well to reward points because the offer is aligned to their gaming preference and reward behavior.', 'business_benefit': 'Improves loyalty performance and encourages repeat purchases.', 'customer_benefit': 'Helps the customer receive more value from their purchases through reward points.'}]","[72.02, 70.32, 69.82]","Unknown customers in cluster -1 show a strong fit for Cashback, Shopping Vouchers, Reward Points based on spend, engagement, and reward behavior.",Moderate uplift in engagement and repeat purchase intent with a clear ROI path.,-1,Unknown
C0113,Low,Needs Attention,loyalty_nudge,We are nudging the customer with a personalized loyalty experience.,"[{'reward_name': 'Airport Lounge Access', 'score': 77.89, 'reason': 'Unknown customers respond well to airport lounge access because the offer is aligned to their security preference and reward behavior.', 'business_benefit': 'Improves loyalty performance and encourages repeat purchases.', 'customer_benefit': 'Helps the customer receive more value from their purchases through airport lounge access.'}, {'reward_name': 'Hotel Discounts', 'score': 76.19, 'reason': 'Unknown customers respond well to hotel discounts because the offer is aligned to their security preference and reward behavior.', 'business_benefit': 'Improves loyalty performance and encourages repeat purchases.', 'customer_benefit': 'Helps the customer receive more value from their purchases through hotel discounts.'}, {'reward_name': 'Lifestyle Offers', 'score': 76.19, 'reason': 'Unknown customers respond well to lifestyle offers because the offer is aligned to their security preference and reward behavior.', 'business_benefit': 'Improves loyalty performance and encourages repeat purchases.', 'customer_benefit': 'Helps the customer receive more value from their purchases through lifestyle offers.'}]","[77.89, 76.19, 76.19]","Unknown customers in cluster -1 show a strong fit for Airport Lounge Access, Hotel Discounts, Lifestyle Offers based on spend, engagement, and reward behavior.",Moderate uplift in engagement and repeat purchase intent with a clear ROI path.,-1,Unknown
C0114,Low,Critical,retention_offer,We are prioritizing a tailored retention offer to protect engagement.,"[{'reward_name': 'Airport Lounge Access', 'score': 75.12, 'reason': 'Unknown customers respond well to airport lounge access because the offer is aligned to their gaming preference and reward behavior.', 'business_benefit': 'Improves loyalty performance and encourages repeat purchases.', 'customer_benefit': 'Helps the customer receive more value from their purchases through airport lounge access.'}, {'reward_name': 'Hotel Discounts', 'score': 73.42, 'reason': 'Unknown customers respond well to hotel discounts because the offer is aligned to their gaming preference and reward behavior.', 'business_benefit': 'Improves loyalty performance and encourages repeat purchases.', 'customer_benefit': 'Helps the customer receive more value from their purchases through hotel discounts.'}, {'reward_name': 'Lifestyle Offers', 'score': 73.42, 'reason': 'Unknown customers respond well to lifestyle offers because the offer is aligned to their gaming preference and reward behavior.', 'business_benefit': 'Improves loyalty performance and encourages repeat purchases.', 'customer_benefit': 'Helps the customer receive more value from their purchases through lifestyle offers.'}]","[75.12, 73.42, 73.42]","Unknown customers in cluster -1 show a strong fit for Airport Lounge Access, Hotel Discounts, Lifestyle Offers based on spend, engagement, and reward behavior.",Moderate uplift in engagement and repeat purchase intent with a clear ROI path.,-1,Unknown
C0115,Low,Needs Attention,loyalty_nudge,We are nudging the customer with a personalized loyalty experience.,"[{'reward_name': 'Airport Lounge Access', 'score': 76.59, 'reason': 'Unknown customers respond well to airport lounge access because the offer is aligned to their smartphone preference and reward behavior.', 'business_benefit': 'Improves loyalty performance and encourages repeat purchases.', 'customer_benefit': 'Helps the customer receive more value from their purchases through airport lounge access.'}, {'reward_name': 'Hotel Discounts', 'score': 74.89, 'reason': 'Unknown customers respond well to hotel discounts because the offer is aligned to their smartphone preference and reward behavior.', 'business_benefit': 'Improves loyalty performance and encourages repeat purchases.', 'customer_benefit': 'Helps the customer receive more value from their purchases through hotel discounts.'}, {'reward_name': 'Lifestyle Offers', 'score': 74.89, 'reason': 'Unknown customers respond well to lifestyle offers because the offer is aligned to their smartphone preference and reward behavior.', 'business_benefit': 'Improves loyalty performance and encourages repeat purchases.', 'customer_benefit': 'Helps the customer receive more value from their purchases through lifestyle offers.'}]","[76.59, 74.89, 74.89]","Unknown customers in cluster -1 show a strong fit for Airport Lounge Access, Hotel Discounts, Lifestyle Offers based on spend, engagement, and reward behavior.",Moderate uplift in engagement and repeat purchase intent with a clear ROI path.,-1,Unknown
C0116,Low,Needs Attention,loyalty_nudge,We are nudging the customer with a personalized loyalty experience.,"[{'reward_name': 'Airport Lounge Access', 'score': 80.88, 'reason': 'Unknown customers respond well to airport lounge access because the offer is aligned to their audio preference and reward behavior.', 'business_benefit': 'Improves loyalty performance and encourages repeat purchases.', 'customer_benefit': 'Helps the customer receive more value from their purchases through airport lounge access.'}, {'reward_name': 'Hotel Discounts', 'score': 79.18, 'reason': 'Unknown customers respond well to hotel discounts because the offer is aligned to their audio preference and reward behavior.', 'business_benefit': 'Improves loyalty performance and encourages repeat purchases.', 'customer_benefit': 'Helps the customer receive more value from their purchases through hotel discounts.'}, {'reward_name': 'Lifestyle Offers', 'score': 79.18, 'reason': 'Unknown customers respond well to lifestyle offers because the offer is aligned to their audio preference and reward behavior.', 'business_benefit': 'Improves loyalty performance and encourages repeat purchases.', 'customer_benefit': 'Helps the customer receive more value from their purchases through lifestyle offers.'}]","[80.88, 79.18, 79.18]","Unknown customers in cluster -1 show a strong fit for Airport Lounge Access, Hotel Discounts, Lifestyle Offers based on spend, engagement, and reward behavior.",Moderate uplift in engagement and repeat purchase intent with a clear ROI path.,-1,Unknown
C0117,Low,Critical,retention_offer,We are prioritizing a tailored retention offer to protect engagement.,"[{'reward_name': 'Airport Lounge Access', 'score': 75.61, 'reason': 'Unknown customers respond well to airport lounge access because the offer is aligned to their tv preference and reward behavior.', 'business_benefit': 'Improves loyalty performance and encourages repeat purchases.', 'customer_benefit': 'Helps the customer receive more value from their purchases through airport lounge access.'}, {'reward_name': 'Hotel Discounts', 'score': 73.91, 'reason': 'Unknown customers respond well to hotel discounts because the offer is aligned to their tv preference and reward behavior.', 'business_benefit': 'Improves loyalty performance and encourages repeat purchases.', 'customer_benefit': 'Helps the customer receive more value from their purchases through hotel discounts.'}, {'reward_name': 'Lifestyle Offers', 'score': 73.91, 'reason': 'Unknown customers respond well to lifestyle offers because the offer is aligned to their tv preference and reward behavior.', 'business_benefit': 'Improves loyalty performance and encourages repeat purchases.', 'customer_benefit': 'Helps the customer receive more value from their purchases through lifestyle offers.'}]","[75.61, 73.91, 73.91]","Unknown customers in cluster -1 show a strong fit for Airport Lounge Access, Hotel Discounts, Lifestyle Offers based on spend, engagement, and reward behavior.",Moderate uplift in engagement and repeat purchase intent with a clear ROI path.,-1,Unknown
C0118,Low,Needs Attention,loyalty_nudge,We are nudging the customer with a personalized loyalty experience.,"[{'reward_name': 'Airport Lounge Access', 'score': 75.9, 'reason': 'Unknown customers respond well to airport lounge access because the offer is aligned to their security preference and reward behavior.', 'business_benefit': 'Improves loyalty performance and encourages repeat purchases.', 'customer_benefit': 'Helps the customer receive more value from their purchases through airport lounge access.'}, {'reward_name': 'Hotel Discounts', 'score': 74.2, 'reason': 'Unknown customers respond well to hotel discounts because the offer is aligned to their security preference and reward behavior.', 'business_benefit': 'Improves loyalty performance and encourages repeat purchases.', 'customer_benefit': 'Helps the customer receive more value from their purchases through hotel discounts.'}, {'reward_name': 'Lifestyle Offers', 'score': 74.2, 'reason': 'Unknown customers respond well to lifestyle offers because the offer is aligned to their security preference and reward behavior.', 'business_benefit': 'Improves loyalty performance and encourages repeat purchases.', 'customer_benefit': 'Helps the customer receive more value from their purchases through lifestyle offers.'}]","[75.9, 74.2, 74.2]","Unknown customers in cluster -1 show a strong fit for Airport Lounge Access, Hotel Discounts, Lifestyle Offers based on spend, engagement, and reward behavior.",Moderate uplift in engagement and repeat purchase intent with a clear ROI path.,-1,Unknown
C0119,Low,Critical,retention_offer,We are prioritizing a tailored retention offer to protect engagement.,"[{'reward_name': 'Airport Lounge Access', 'score': 78.0, 'reason': 'Unknown customers respond well to airport lounge access because the offer is aligned to their audio preference and reward behavior.', 'business_benefit': 'Improves loyalty performance and encourages repeat purchases.', 'customer_benefit': 'Helps the customer receive more value from their purchases through airport lounge access.'}, {'reward_name': 'Hotel Discounts', 'score': 76.3, 'reason': 'Unknown customers respond well to hotel discounts because the offer is aligned to their audio preference and reward behavior.', 'business_benefit': 'Improves loyalty performance and encourages repeat purchases.', 'customer_benefit': 'Helps the customer receive more value from their purchases through hotel discounts.'}, {'reward_name': 'Lifestyle Offers', 'score': 76.3, 'reason': 'Unknown customers respond well to lifestyle offers because the offer is aligned to their audio preference and reward behavior.', 'business_benefit': 'Improves loyalty performance and encourages repeat purchases.', 'customer_benefit': 'Helps the customer receive more value from their purchases through lifestyle offers.'}]","[78.0, 76.3, 76.3]","Unknown customers in cluster -1 show a strong fit for Airport Lounge Access, Hotel Discounts, Lifestyle Offers based on spend, engagement, and reward behavior.",Moderate uplift in engagement and repeat purchase intent with a clear ROI path.,-1,Unknown
C0120,Low,Needs Attention,loyalty_nudge,We are nudging the customer with a personalized loyalty experience.,"[{'reward_name': 'Airport Lounge Access', 'score': 78.26, 'reason': 'Unknown customers respond well to airport lounge access because the offer is aligned to their tv preference and reward behavior.', 'business_benefit': 'Improves loyalty performance and encourages repeat purchases.', 'customer_benefit': 'Helps the customer receive more value from their purchases through airport lounge access.'}, {'reward_name': 'Hotel Discounts', 'score': 76.56, 'reason': 'Unknown customers respond well to hotel discounts because the offer is aligned to their tv preference and reward behavior.', 'business_benefit': 'Improves loyalty performance and encourages repeat purchases.', 'customer_benefit': 'Helps the customer receive more value from their purchases through hotel discounts.'}, {'reward_name': 'Lifestyle Offers', 'score': 76.56, 'reason': 'Unknown customers respond well to lifestyle offers because the offer is aligned to their tv preference and reward behavior.', 'business_benefit': 'Improves loyalty performance and encourages repeat purchases.', 'customer_benefit': 'Helps the customer receive more value from their purchases through lifestyle offers.'}]","[78.26, 76.56, 76.56]","Unknown customers in cluster -1 show a strong fit for Airport Lounge Access, Hotel Discounts, Lifestyle Offers based on spend, engagement, and reward behavior.",Moderate uplift in engagement and repeat purchase intent with a clear ROI path.,-1,Unknown
C0121,Low,Needs Attention,loyalty_nudge,We are nudging the customer with a personalized loyalty experience.,"[{'reward_name': 'Airport Lounge Access', 'score': 79.23, 'reason': 'Unknown customers respond well to airport lounge access because the offer is aligned to their gaming preference and reward behavior.', 'business_benefit': 'Improves loyalty performance and encourages repeat purchases.', 'customer_benefit': 'Helps the customer receive more value from their purchases through airport lounge access.'}, {'reward_name': 'Hotel Discounts', 'score': 77.53, 'reason': 'Unknown customers respond well to hotel discounts because the offer is aligned to their gaming preference and reward behavior.', 'business_benefit': 'Improves loyalty performance and encourages repeat purchases.', 'customer_benefit': 'Helps the customer receive more value from their purchases through hotel discounts.'}, {'reward_name': 'Lifestyle Offers', 'score': 77.53, 'reason': 'Unknown customers respond well to lifestyle offers because the offer is aligned to their gaming preference and reward behavior.', 'business_benefit': 'Improves loyalty performance and encourages repeat purchases.', 'customer_benefit': 'Helps the customer receive more value from their purchases through lifestyle offers.'}]","[79.23, 77.53, 77.53]","Unknown customers in cluster -1 show a strong fit for Airport Lounge Access, Hotel Discounts, Lifestyle Offers based on spend, engagement, and reward behavior.",Moderate uplift in engagement and repeat purchase intent with a clear ROI path.,-1,Unknown
C0122,Low,Needs Attention,loyalty_nudge,We are nudging the customer with a personalized loyalty experience.,"[{'reward_name': 'Airport Lounge Access', 'score': 80.27, 'reason': 'Unknown customers respond well to airport lounge access because the offer is aligned to their security preference and reward behavior.', 'business_benefit': 'Improves loyalty performance and encourages repeat purchases.', 'customer_benefit': 'Helps the customer receive more value from their purchases through airport lounge access.'}, {'reward_name': 'Hotel Discounts', 'score': 78.57, 'reason': 'Unknown customers respond well to hotel discounts because the offer is aligned to their security preference and reward behavior.', 'business_benefit': 'Improves loyalty performance and encourages repeat purchases.', 'customer_benefit': 'Helps the customer receive more value from their purchases through hotel discounts.'}, {'reward_name': 'Lifestyle Offers', 'score': 78.57, 'reason': 'Unknown customers respond well to lifestyle offers because the offer is aligned to their security preference and reward behavior.', 'business_benefit': 'Improves loyalty performance and encourages repeat purchases.', 'customer_benefit': 'Helps the customer receive more value from their purchases through lifestyle offers.'}]","[80.27, 78.57, 78.57]","Unknown customers in cluster -1 show a strong fit for Airport Lounge Access, Hotel Discounts, Lifestyle Offers based on spend, engagement, and reward behavior.",Moderate uplift in engagement and repeat purchase intent with a clear ROI path.,-1,Unknown
C0123,Low,Critical,retention_offer,We are prioritizing a tailored retention offer to protect engagement.,"[{'reward_name': 'Airport Lounge Access', 'score': 77.96, 'reason': 'Unknown customers respond well to airport lounge access because the offer is aligned to their smartphone preference and reward behavior.', 'business_benefit': 'Improves loyalty performance and encourages repeat purchases.', 'customer_benefit': 'Helps the customer receive more value from their purchases through airport lounge access.'}, {'reward_name': 'Hotel Discounts', 'score': 76.26, 'reason': 'Unknown customers respond well to hotel discounts because the offer is aligned to their smartphone preference and reward behavior.', 'business_benefit': 'Improves loyalty performance and encourages repeat purchases.', 'customer_benefit': 'Helps the customer receive more value from their purchases through hotel discounts.'}, {'reward_name': 'Lifestyle Offers', 'score': 76.26, 'reason': 'Unknown customers respond well to lifestyle offers because the offer is aligned to their smartphone preference and reward behavior.', 'business_benefit': 'Improves loyalty performance and encourages repeat purchases.', 'customer_benefit': 'Helps the customer receive more value from their purchases through lifestyle offers.'}]","[77.96, 76.26, 76.26]","Unknown customers in cluster -1 show a strong fit for Airport Lounge Access, Hotel Discounts, Lifestyle Offers based on spend, engagement, and reward behavior.",Moderate uplift in engagement and repeat purchase intent with a clear ROI path.,-1,Unknown
C0124,Low,Needs Attention,loyalty_nudge,We are nudging the customer with a personalized loyalty experience.,"[{'reward_name': 'Airport Lounge Access', 'score': 77.0, 'reason': 'Unknown customers respond well to airport lounge access because the offer is aligned to their tv preference and reward behavior.', 'business_benefit': 'Improves loyalty performance and encourages repeat purchases.', 'customer_benefit': 'Helps the customer receive more value from their purchases through airport lounge access.'}, {'reward_name': 'Hotel Discounts', 'score': 75.3, 'reason': 'Unknown customers respond well to hotel discounts because the offer is aligned to their tv preference and reward behavior.', 'business_benefit': 'Improves loyalty performance and encourages repeat purchases.', 'customer_benefit': 'Helps the customer receive more value from their purchases through hotel discounts.'}, {'reward_name': 'Lifestyle Offers', 'score': 75.3, 'reason': 'Unknown customers respond well to lifestyle offers because the offer is aligned to their tv preference and reward behavior.', 'business_benefit': 'Improves loyalty performance and encourages repeat purchases.', 'customer_benefit': 'Helps the customer receive more value from their purchases through lifestyle offers.'}]","[77.0, 75.3, 75.3]","Unknown customers in cluster -1 show a strong fit for Airport Lounge Access, Hotel Discounts, Lifestyle Offers based on spend, engagement, and reward behavior.",Moderate uplift in engagement and repeat purchase intent with a clear ROI path.,-1,Unknown
C0125,Low,Needs Attention,loyalty_nudge,We are nudging the customer with a personalized loyalty experience.,"[{'reward_name': 'Airport Lounge Access', 'score': 79.15, 'reason': 'Unknown customers respond well to airport lounge access because the offer is aligned to their audio preference and reward behavior.', 'business_benefit': 'Improves loyalty performance and encourages repeat purchases.', 'customer_benefit': 'Helps the customer receive more value from their purchases through airport lounge access.'}, {'reward_name': 'Hotel Discounts', 'score': 77.45, 'reason': 'Unknown customers respond well to hotel discounts because the offer is aligned to their audio preference and reward behavior.', 'business_benefit': 'Improves loyalty performance and encourages repeat purchases.', 'customer_benefit': 'Helps the customer receive more value from their purchases through hotel discounts.'}, {'reward_name': 'Lifestyle Offers', 'score': 77.45, 'reason': 'Unknown customers respond well to lifestyle offers because the offer is aligned to their audio preference and reward behavior.', 'business_benefit': 'Improves loyalty performance and encourages repeat purchases.', 'customer_benefit': 'Helps the customer receive more value from their purchases through lifestyle offers.'}]","[79.15, 77.45, 77.45]","Unknown customers in cluster -1 show a strong fit for Airport Lounge Access, Hotel Discounts, Lifestyle Offers based on spend, engagement, and reward behavior.",Moderate uplift in engagement and repeat purchase intent with a clear ROI path.,-1,Unknown
C0126,Low,Needs Attention,loyalty_nudge,We are nudging the customer with a personalized loyalty experience.,"[{'reward_name': 'Airport Lounge Access', 'score': 79.11, 'reason': 'Unknown customers respond well to airport lounge access because the offer is aligned to their audio preference and reward behavior.', 'business_benefit': 'Improves loyalty performance and encourages repeat purchases.', 'customer_benefit': 'Helps the customer receive more value from their purchases through airport lounge access.'}, {'reward_name': 'Hotel Discounts', 'score': 77.41, 'reason': 'Unknown customers respond well to hotel discounts because the offer is aligned to their audio preference and reward behavior.', 'business_benefit': 'Improves loyalty performance and encourages repeat purchases.', 'customer_benefit': 'Helps the customer receive more value from their purchases through hotel discounts.'}, {'reward_name': 'Lifestyle Offers', 'score': 77.41, 'reason': 'Unknown customers respond well to lifestyle offers because the offer is aligned to their audio preference and reward behavior.', 'business_benefit': 'Improves loyalty performance and encourages repeat purchases.', 'customer_benefit': 'Helps the customer receive more value from their purchases through lifestyle offers.'}]","[79.11, 77.41, 77.41]","Unknown customers in cluster -1 show a strong fit for Airport Lounge Access, Hotel Discounts, Lifestyle Offers based on spend, engagement, and reward behavior.",Moderate uplift in engagement and repeat purchase intent with a clear ROI path.,-1,Unknown
C0127,Low,Critical,retention_offer,We are prioritizing a tailored retention offer to protect engagement.,"[{'reward_name': 'Airport Lounge Access', 'score': 77.37, 'reason': 'Unknown customers respond well to airport lounge access because the offer is aligned to their audio preference and reward behavior.', 'business_benefit': 'Improves loyalty performance and encourages repeat purchases.', 'customer_benefit': 'Helps the customer receive more value from their purchases through airport lounge access.'}, {'reward_name': 'Hotel Discounts', 'score': 75.67, 'reason': 'Unknown customers respond well to hotel discounts because the offer is aligned to their audio preference and reward behavior.', 'business_benefit': 'Improves loyalty performance and encourages repeat purchases.', 'customer_benefit': 'Helps the customer receive more value from their purchases through hotel discounts.'}, {'reward_name': 'Lifestyle Offers', 'score': 75.67, 'reason': 'Unknown customers respond well to lifestyle offers because the offer is aligned to their audio preference and reward behavior.', 'business_benefit': 'Improves loyalty performance and encourages repeat purchases.', 'customer_benefit': 'Helps the customer receive more value from their purchases through lifestyle offers.'}]","[77.37, 75.67, 75.67]","Unknown customers in cluster -1 show a strong fit for Airport Lounge Access, Hotel Discounts, Lifestyle Offers based on spend, engagement, and reward behavior.",Moderate uplift in engagement and repeat purchase intent with a clear ROI path.,-1,Unknown
C0128,Low,Needs Attention,loyalty_nudge,We are nudging the customer with a personalized loyalty experience.,"[{'reward_name': 'Airport Lounge Access', 'score': 75.43, 'reason': 'Unknown customers respond well to airport lounge access because the offer is aligned to their watch preference and reward behavior.', 'business_benefit': 'Improves loyalty performance and encourages repeat purchases.', 'customer_benefit': 'Helps the customer receive more value from their purchases through airport lounge access.'}, {'reward_name': 'Hotel Discounts', 'score': 73.73, 'reason': 'Unknown customers respond well to hotel discounts because the offer is aligned to their watch preference and reward behavior.', 'business_benefit': 'Improves loyalty performance and encourages repeat purchases.', 'customer_benefit': 'Helps the customer receive more value from their purchases through hotel discounts.'}, {'reward_name': 'Lifestyle Offers', 'score': 73.73, 'reason': 'Unknown customers respond well to lifestyle offers because the offer is aligned to their watch preference and reward behavior.', 'business_benefit': 'Improves loyalty performance and encourages repeat purchases.', 'customer_benefit': 'Helps the customer receive more value from their purchases through lifestyle offers.'}]","[75.43, 73.73, 73.73]","Unknown customers in cluster -1 show a strong fit for Airport Lounge Access, Hotel Discounts, Lifestyle Offers based on spend, engagement, and reward behavior.",Moderate uplift in engagement and repeat purchase intent with a clear ROI path.,-1,Unknown
C0129,Low,Critical,retention_offer,We are prioritizing a tailored retention offer to protect engagement.,"[{'reward_name': 'Airport Lounge Access', 'score': 73.9, 'reason': 'Unknown customers respond well to airport lounge access because the offer is aligned to their gaming preference and reward behavior.', 'business_benefit': 'Improves loyalty performance and encourages repeat purchases.', 'customer_benefit': 'Helps the customer receive more value from their purchases through airport lounge access.'}, {'reward_name': 'Hotel Discounts', 'score': 72.2, 'reason': 'Unknown customers respond well to hotel discounts because the offer is aligned to their gaming preference and reward behavior.', 'business_benefit': 'Improves loyalty performance and encourages repeat purchases.', 'customer_benefit': 'Helps the customer receive more value from their purchases through hotel discounts.'}, {'reward_name': 'Lifestyle Offers', 'score': 72.2, 'reason': 'Unknown customers respond well to lifestyle offers because the offer is aligned to their gaming preference and reward behavior.', 'business_benefit': 'Improves loyalty performance and encourages repeat purchases.', 'customer_benefit': 'Helps the customer receive more value from their purchases through lifestyle offers.'}]","[73.9, 72.2, 72.2]","Unknown customers in cluster -1 show a strong fit for Airport Lounge Access, Hotel Discounts, Lifestyle Offers based on spend, engagement, and reward behavior.",Moderate uplift in engagement and repeat purchase intent with a clear ROI path.,-1,Unknown
C0130,Low,Critical,retention_offer,We are prioritizing a tailored retention offer to protect engagement.,"[{'reward_name': 'Airport Lounge Access', 'score': 78.04, 'reason': 'Unknown customers respond well to airport lounge access because the offer is aligned to their audio preference and reward behavior.', 'business_benefit': 'Improves loyalty performance and encourages repeat purchases.', 'customer_benefit': 'Helps the customer receive more value from their purchases through airport lounge access.'}, {'reward_name': 'Hotel Discounts', 'score': 76.34, 'reason': 'Unknown customers respond well to hotel discounts because the offer is aligned to their audio preference and reward behavior.', 'business_benefit': 'Improves loyalty performance and encourages repeat purchases.', 'customer_benefit': 'Helps the customer receive more value from their purchases through hotel discounts.'}, {'reward_name': 'Lifestyle Offers', 'score': 76.34, 'reason': 'Unknown customers respond well to lifestyle offers because the offer is aligned to their audio preference and reward behavior.', 'business_benefit': 'Improves loyalty performance and encourages repeat purchases.', 'customer_benefit': 'Helps the customer receive more value from their purchases through lifestyle offers.'}]","[78.04, 76.34, 76.34]","Unknown customers in cluster -1 show a strong fit for Airport Lounge Access, Hotel Discounts, Lifestyle Offers based on spend, engagement, and reward behavior.",Moderate uplift in engagement and repeat purchase intent with a clear ROI path.,-1,Unknown
C0131,Low,Needs Attention,loyalty_nudge,We are nudging the customer with a personalized loyalty experience.,"[{'reward_name': 'Airport Lounge Access', 'score': 74.93, 'reason': 'Unknown customers respond well to airport lounge access because the offer is aligned to their watch preference and reward behavior.', 'business_benefit': 'Improves loyalty performance and encourages repeat purchases.', 'customer_benefit': 'Helps the customer receive more value from their purchases through airport lounge access.'}, {'reward_name': 'Hotel Discounts', 'score': 73.23, 'reason': 'Unknown customers respond well to hotel discounts because the offer is aligned to their watch preference and reward behavior.', 'business_benefit': 'Improves loyalty performance and encourages repeat purchases.', 'customer_benefit': 'Helps the customer receive more value from their purchases through hotel discounts.'}, {'reward_name': 'Lifestyle Offers', 'score': 73.23, 'reason': 'Unknown customers respond well to lifestyle offers because the offer is aligned to their watch preference and reward behavior.', 'business_benefit': 'Improves loyalty performance and encourages repeat purchases.', 'customer_benefit': 'Helps the customer receive more value from their purchases through lifestyle offers.'}]","[74.93, 73.23, 73.23]","Unknown customers in cluster -1 show a strong fit for Airport Lounge Access, Hotel Discounts, Lifestyle Offers based on spend, engagement, and reward behavior.",Moderate uplift in engagement and repeat purchase intent with a clear ROI path.,-1,Unknown
C0132,Low,Needs Attention,loyalty_nudge,We are nudging the customer with a personalized loyalty experience.,"[{'reward_name': 'Airport Lounge Access', 'score': 75.89, 'reason': 'Unknown customers respond well to airport lounge access because the offer is aligned to their audio preference and reward behavior.', 'business_benefit': 'Improves loyalty performance and encourages repeat purchases.', 'customer_benefit': 'Helps the customer receive more value from their purchases through airport lounge access.'}, {'reward_name': 'Hotel Discounts', 'score': 74.19, 'reason': 'Unknown customers respond well to hotel discounts because the offer is aligned to their audio preference and reward behavior.', 'business_benefit': 'Improves loyalty performance and encourages repeat purchases.', 'customer_benefit': 'Helps the customer receive more value from their purchases through hotel discounts.'}, {'reward_name': 'Lifestyle Offers', 'score': 74.19, 'reason': 'Unknown customers respond well to lifestyle offers because the offer is aligned to their audio preference and reward behavior.', 'business_benefit': 'Improves loyalty performance and encourages repeat purchases.', 'customer_benefit': 'Helps the customer receive more value from their purchases through lifestyle offers.'}]","[75.89, 74.19, 74.19]","Unknown customers in cluster -1 show a strong fit for Airport Lounge Access, Hotel Discounts, Lifestyle Offers based on spend, engagement, and reward behavior.",Moderate uplift in engagement and repeat purchase intent with a clear ROI path.,-1,Unknown
C0133,Low,Critical,retention_offer,We are prioritizing a tailored retention offer to protect engagement.,"[{'reward_name': 'Airport Lounge Access', 'score': 72.87, 'reason': 'Unknown customers respond well to airport lounge access because the offer is aligned to their audio preference and reward behavior.', 'business_benefit': 'Improves loyalty performance and encourages repeat purchases.', 'customer_benefit': 'Helps the customer receive more value from their purchases through airport lounge access.'}, {'reward_name': 'Hotel Discounts', 'score': 71.17, 'reason': 'Unknown customers respond well to hotel discounts because the offer is aligned to their audio preference and reward behavior.', 'business_benefit': 'Improves loyalty performance and encourages repeat purchases.', 'customer_benefit': 'Helps the customer receive more value from their purchases through hotel discounts.'}, {'reward_name': 'Lifestyle Offers', 'score': 71.17, 'reason': 'Unknown customers respond well to lifestyle offers because the offer is aligned to their audio preference and reward behavior.', 'business_benefit': 'Improves loyalty performance and encourages repeat purchases.', 'customer_benefit': 'Helps the customer receive more value from their purchases through lifestyle offers.'}]","[72.87, 71.17, 71.17]","Unknown customers in cluster -1 show a strong fit for Airport Lounge Access, Hotel Discounts, Lifestyle Offers based on spend, engagement, and reward behavior.",Moderate uplift in engagement and repeat purchase intent with a clear ROI path.,-1,Unknown
C0134,Low,Critical,retention_offer,We are prioritizing a tailored retention offer to protect engagement.,"[{'reward_name': 'Airport Lounge Access', 'score': 74.34, 'reason': 'Unknown customers respond well to airport lounge access because the offer is aligned to their smartphone preference and reward behavior.', 'business_benefit': 'Improves loyalty performance and encourages repeat purchases.', 'customer_benefit': 'Helps the customer receive more value from their purchases through airport lounge access.'}, {'reward_name': 'Hotel Discounts', 'score': 72.64, 'reason': 'Unknown customers respond well to hotel discounts because the offer is aligned to their smartphone preference and reward behavior.', 'business_benefit': 'Improves loyalty performance and encourages repeat purchases.', 'customer_benefit': 'Helps the customer receive more value from their purchases through hotel discounts.'}, {'reward_name': 'Lifestyle Offers', 'score': 72.64, 'reason': 'Unknown customers respond well to lifestyle offers because the offer is aligned to their smartphone preference and reward behavior.', 'business_benefit': 'Improves loyalty performance and encourages repeat purchases.', 'customer_benefit': 'Helps the customer receive more value from their purchases through lifestyle offers.'}]","[74.34, 72.64, 72.64]","Unknown customers in cluster -1 show a strong fit for Airport Lounge Access, Hotel Discounts, Lifestyle Offers based on spend, engagement, and reward behavior.",Moderate uplift in engagement and repeat purchase intent with a clear ROI path.,-1,Unknown
C0135,Low,Critical,retention_offer,We are prioritizing a tailored retention offer to protect engagement.,"[{'reward_name': 'Airport Lounge Access', 'score': 73.58, 'reason': 'Unknown customers respond well to airport lounge access because the offer is aligned to their smartphone preference and reward behavior.', 'business_benefit': 'Improves loyalty performance and encourages repeat purchases.', 'customer_benefit': 'Helps the customer receive more value from their purchases through airport lounge access.'}, {'reward_name': 'Hotel Discounts', 'score': 71.88, 'reason': 'Unknown customers respond well to hotel discounts because the offer is aligned to their smartphone preference and reward behavior.', 'business_benefit': 'Improves loyalty performance and encourages repeat purchases.', 'customer_benefit': 'Helps the customer receive more value from their purchases through hotel discounts.'}, {'reward_name': 'Lifestyle Offers', 'score': 71.88, 'reason': 'Unknown customers respond well to lifestyle offers because the offer is aligned to their smartphone preference and reward behavior.', 'business_benefit': 'Improves loyalty performance and encourages repeat purchases.', 'customer_benefit': 'Helps the customer receive more value from their purchases through lifestyle offers.'}]","[73.58, 71.88, 71.88]","Unknown customers in cluster -1 show a strong fit for Airport Lounge Access, Hotel Discounts, Lifestyle Offers based on spend, engagement, and reward behavior.",Moderate uplift in engagement and repeat purchase intent with a clear ROI path.,-1,Unknown
C0136,Low,Needs Attention,loyalty_nudge,We are nudging the customer with a personalized loyalty experience.,"[{'reward_name': 'Airport Lounge Access', 'score': 76.95, 'reason': 'Unknown customers respond well to airport lounge access because the offer is aligned to their security preference and reward behavior.', 'business_benefit': 'Improves loyalty performance and encourages repeat purchases.', 'customer_benefit': 'Helps the customer receive more value from their purchases through airport lounge access.'}, {'reward_name': 'Hotel Discounts', 'score': 75.25, 'reason': 'Unknown customers respond well to hotel discounts because the offer is aligned to their security preference and reward behavior.', 'business_benefit': 'Improves loyalty performance and encourages repeat purchases.', 'customer_benefit': 'Helps the customer receive more value from their purchases through hotel discounts.'}, {'reward_name': 'Lifestyle Offers', 'score': 75.25, 'reason': 'Unknown customers respond well to lifestyle offers because the offer is aligned to their security preference and reward behavior.', 'business_benefit': 'Improves loyalty performance and encourages repeat purchases.', 'customer_benefit': 'Helps the customer receive more value from their purchases through lifestyle offers.'}]","[76.95, 75.25, 75.25]","Unknown customers in cluster -1 show a strong fit for Airport Lounge Access, Hotel Discounts, Lifestyle Offers based on spend, engagement, and reward behavior.",Moderate uplift in engagement and repeat purchase intent with a clear ROI path.,-1,Unknown
C0137,Low,Needs Attention,loyalty_nudge,We are nudging the customer with a personalized loyalty experience.,"[{'reward_name': 'Airport Lounge Access', 'score': 77.71, 'reason': 'Unknown customers respond well to airport lounge access because the offer is aligned to their tv preference and reward behavior.', 'business_benefit': 'Improves loyalty performance and encourages repeat purchases.', 'customer_benefit': 'Helps the customer receive more value from their purchases through airport lounge access.'}, {'reward_name': 'Hotel Discounts', 'score': 76.01, 'reason': 'Unknown customers respond well to hotel discounts because the offer is aligned to their tv preference and reward behavior.', 'business_benefit': 'Improves loyalty performance and encourages repeat purchases.', 'customer_benefit': 'Helps the customer receive more value from their purchases through hotel discounts.'}, {'reward_name': 'Lifestyle Offers', 'score': 76.01, 'reason': 'Unknown customers respond well to lifestyle offers because the offer is aligned to their tv preference and reward behavior.', 'business_benefit': 'Improves loyalty performance and encourages repeat purchases.', 'customer_benefit': 'Helps the customer receive more value from their purchases through lifestyle offers.'}]","[77.71, 76.01, 76.01]","Unknown customers in cluster -1 show a strong fit for Airport Lounge Access, Hotel Discounts, Lifestyle Offers based on spend, engagement, and reward behavior.",Moderate uplift in engagement and repeat purchase intent with a clear ROI path.,-1,Unknown
C0138,Low,Needs Attention,loyalty_nudge,We are nudging the customer with a personalized loyalty experience.,"[{'reward_name': 'Airport Lounge Access', 'score': 77.89, 'reason': 'Unknown customers respond well to airport lounge access because the offer is aligned to their smart home preference and reward behavior.', 'business_benefit': 'Improves loyalty performance and encourages repeat purchases.', 'customer_benefit': 'Helps the customer receive more value from their purchases through airport lounge access.'}, {'reward_name': 'Hotel Discounts', 'score': 76.19, 'reason': 'Unknown customers respond well to hotel discounts because the offer is aligned to their smart home preference and reward behavior.', 'business_benefit': 'Improves loyalty performance and encourages repeat purchases.', 'customer_benefit': 'Helps the customer receive more value from their purchases through hotel discounts.'}, {'reward_name': 'Lifestyle Offers', 'score': 76.19, 'reason': 'Unknown customers respond well to lifestyle offers because the offer is aligned to their smart home preference and reward behavior.', 'business_benefit': 'Improves loyalty performance and encourages repeat purchases.', 'customer_benefit': 'Helps the customer receive more value from their purchases through lifestyle offers.'}]","[77.89, 76.19, 76.19]","Unknown customers in cluster -1 show a strong fit for Airport Lounge Access, Hotel Discounts, Lifestyle Offers based on spend, engagement, and reward behavior.",Moderate uplift in engagement and repeat purchase intent with a clear ROI path.,-1,Unknown
C0139,Low,Critical,retention_offer,We are prioritizing a tailored retention offer to protect engagement.,"[{'reward_name': 'Airport Lounge Access', 'score': 73.49, 'reason': 'Unknown customers respond well to airport lounge access because the offer is aligned to their audio preference and reward behavior.', 'business_benefit': 'Improves loyalty performance and encourages repeat purchases.', 'customer_benefit': 'Helps the customer receive more value from their purchases through airport lounge access.'}, {'reward_name': 'Hotel Discounts', 'score': 71.79, 'reason': 'Unknown customers respond well to hotel discounts because the offer is aligned to their audio preference and reward behavior.', 'business_benefit': 'Improves loyalty performance and encourages repeat purchases.', 'customer_benefit': 'Helps the customer receive more value from their purchases through hotel discounts.'}, {'reward_name': 'Lifestyle Offers', 'score': 71.79, 'reason': 'Unknown customers respond well to lifestyle offers because the offer is aligned to their audio preference and reward behavior.', 'business_benefit': 'Improves loyalty performance and encourages repeat purchases.', 'customer_benefit': 'Helps the customer receive more value from their purchases through lifestyle offers.'}]","[73.49, 71.79, 71.79]","Unknown customers in cluster -1 show a strong fit for Airport Lounge Access, Hotel Discounts, Lifestyle Offers based on spend, engagement, and reward behavior.",Moderate uplift in engagement and repeat purchase intent with a clear ROI path.,-1,Unknown
C0140,Low,Needs Attention,loyalty_nudge,We are nudging the customer with a personalized loyalty experience.,"[{'reward_name': 'Airport Lounge Access', 'score': 79.7, 'reason': 'Unknown customers respond well to airport lounge access because the offer is aligned to their smart home preference and reward behavior.', 'business_benefit': 'Improves loyalty performance and encourages repeat purchases.', 'customer_benefit': 'Helps the customer receive more value from their purchases through airport lounge access.'}, {'reward_name': 'Hotel Discounts', 'score': 78.0, 'reason': 'Unknown customers respond well to hotel discounts because the offer is aligned to their smart home preference and reward behavior.', 'business_benefit': 'Improves loyalty performance and encourages repeat purchases.', 'customer_benefit': 'Helps the customer receive more value from their purchases through hotel discounts.'}, {'reward_name': 'Lifestyle Offers', 'score': 78.0, 'reason': 'Unknown customers respond well to lifestyle offers because the offer is aligned to their smart home preference and reward behavior.', 'business_benefit': 'Improves loyalty performance and encourages repeat purchases.', 'customer_benefit': 'Helps the customer receive more value from their purchases through lifestyle offers.'}]","[79.7, 78.0, 78.0]","Unknown customers in cluster -1 show a strong fit for Airport Lounge Access, Hotel Discounts, Lifestyle Offers based on spend, engagement, and reward behavior.",Moderate uplift in engagement and repeat purchase intent with a clear ROI path.,-1,Unknown
C0141,Low,Needs Attention,loyalty_nudge,We are nudging the customer with a personalized loyalty experience.,"[{'reward_name': 'Airport Lounge Access', 'score': 79.32, 'reason': 'Unknown customers respond well to airport lounge access because the offer is aligned to their speaker preference and reward behavior.', 'business_benefit': 'Improves loyalty performance and encourages repeat purchases.', 'customer_benefit': 'Helps the customer receive more value from their purchases through airport lounge access.'}, {'reward_name': 'Hotel Discounts', 'score': 77.62, 'reason': 'Unknown customers respond well to hotel discounts because the offer is aligned to their speaker preference and reward behavior.', 'business_benefit': 'Improves loyalty performance and encourages repeat purchases.', 'customer_benefit': 'Helps the customer receive more value from their purchases through hotel discounts.'}, {'reward_name': 'Lifestyle Offers', 'score': 77.62, 'reason': 'Unknown customers respond well to lifestyle offers because the offer is aligned to their speaker preference and reward behavior.', 'business_benefit': 'Improves loyalty performance and encourages repeat purchases.', 'customer_benefit': 'Helps the customer receive more value from their purchases through lifestyle offers.'}]","[79.32, 77.62, 77.62]","Unknown customers in cluster -1 show a strong fit for Airport Lounge Access, Hotel Discounts, Lifestyle Offers based on spend, engagement, and reward behavior.",Moderate uplift in engagement and repeat purchase intent with a clear ROI path.,-1,Unknown
C0142,Low,Needs Attention,loyalty_nudge,We are nudging the customer with a personalized loyalty experience.,"[{'reward_name': 'Airport Lounge Access', 'score': 75.48, 'reason': 'Unknown customers respond well to airport lounge access because the offer is aligned to their audio preference and reward behavior.', 'business_benefit': 'Improves loyalty performance and encourages repeat purchases.', 'customer_benefit': 'Helps the customer receive more value from their purchases through airport lounge access.'}, {'reward_name': 'Hotel Discounts', 'score': 73.78, 'reason': 'Unknown customers respond well to hotel discounts because the offer is aligned to their audio preference and reward behavior.', 'business_benefit': 'Improves loyalty performance and encourages repeat purchases.', 'customer_benefit': 'Helps the customer receive more value from their purchases through hotel discounts.'}, {'reward_name': 'Lifestyle Offers', 'score': 73.78, 'reason': 'Unknown customers respond well to lifestyle offers because the offer is aligned to their audio preference and reward behavior.', 'business_benefit': 'Improves loyalty performance and encourages repeat purchases.', 'customer_benefit': 'Helps the customer receive more value from their purchases through lifestyle offers.'}]","[75.48, 73.78, 73.78]","Unknown customers in cluster -1 show a strong fit for Airport Lounge Access, Hotel Discounts, Lifestyle Offers based on spend, engagement, and reward behavior.",Moderate uplift in engagement and repeat purchase intent with a clear ROI path.,-1,Unknown
C0143,Low,Critical,retention_offer,We are prioritizing a tailored retention offer to protect engagement.,"[{'reward_name': 'Airport Lounge Access', 'score': 75.75, 'reason': 'Unknown customers respond well to airport lounge access because the offer is aligned to their audio preference and reward behavior.', 'business_benefit': 'Improves loyalty performance and encourages repeat purchases.', 'customer_benefit': 'Helps the customer receive more value from their purchases through airport lounge access.'}, {'reward_name': 'Hotel Discounts', 'score': 74.05, 'reason': 'Unknown customers respond well to hotel discounts because the offer is aligned to their audio preference and reward behavior.', 'business_benefit': 'Improves loyalty performance and encourages repeat purchases.', 'customer_benefit': 'Helps the customer receive more value from their purchases through hotel discounts.'}, {'reward_name': 'Lifestyle Offers', 'score': 74.05, 'reason': 'Unknown customers respond well to lifestyle offers because the offer is aligned to their audio preference and reward behavior.', 'business_benefit': 'Improves loyalty performance and encourages repeat purchases.', 'customer_benefit': 'Helps the customer receive more value from their purchases through lifestyle offers.'}]","[75.75, 74.05, 74.05]","Unknown customers in cluster -1 show a strong fit for Airport Lounge Access, Hotel Discounts, Lifestyle Offers based on spend, engagement, and reward behavior.",Moderate uplift in engagement and repeat purchase intent with a clear ROI path.,-1,Unknown
C0144,Low,Needs Attention,loyalty_nudge,We are nudging the customer with a personalized loyalty experience.,"[{'reward_name': 'Airport Lounge Access', 'score': 80.2, 'reason': 'Unknown customers respond well to airport lounge access because the offer is aligned to their audio preference and reward behavior.', 'business_benefit': 'Improves loyalty performance and encourages repeat purchases.', 'customer_benefit': 'Helps the customer receive more value from their purchases through airport lounge access.'}, {'reward_name': 'Hotel Discounts', 'score': 78.5, 'reason': 'Unknown customers respond well to hotel discounts because the offer is aligned to their audio preference and reward behavior.', 'business_benefit': 'Improves loyalty performance and encourages repeat purchases.', 'customer_benefit': 'Helps the customer receive more value from their purchases through hotel discounts.'}, {'reward_name': 'Lifestyle Offers', 'score': 78.5, 'reason': 'Unknown customers respond well to lifestyle offers because the offer is aligned to their audio preference and reward behavior.', 'business_benefit': 'Improves loyalty performance and encourages repeat purchases.', 'customer_benefit': 'Helps the customer receive more value from their purchases through lifestyle offers.'}]","[80.2, 78.5, 78.5]","Unknown customers in cluster -1 show a strong fit for Airport Lounge Access, Hotel Discounts, Lifestyle Offers based on spend, engagement, and reward behavior.",Moderate uplift in engagement and repeat purchase intent with a clear ROI path.,-1,Unknown
C0145,Low,Critical,retention_offer,We are prioritizing a tailored retention offer to protect engagement.,"[{'reward_name': 'Airport Lounge Access', 'score': 75.38, 'reason': 'Unknown customers respond well to airport lounge access because the offer is aligned to their smart home preference and reward behavior.', 'business_benefit': 'Improves loyalty performance and encourages repeat purchases.', 'customer_benefit': 'Helps the customer receive more value from their purchases through airport lounge access.'}, {'reward_name': 'Hotel Discounts', 'score': 73.68, 'reason': 'Unknown customers respond well to hotel discounts because the offer is aligned to their smart home preference and reward behavior.', 'business_benefit': 'Improves loyalty performance and encourages repeat purchases.', 'customer_benefit': 'Helps the customer receive more value from their purchases through hotel discounts.'}, {'reward_name': 'Lifestyle Offers', 'score': 73.68, 'reason': 'Unknown customers respond well to lifestyle offers because the offer is aligned to their smart home preference and reward behavior.', 'business_benefit': 'Improves loyalty performance and encourages repeat purchases.', 'customer_benefit': 'Helps the customer receive more value from their purchases through lifestyle offers.'}]","[75.38, 73.68, 73.68]","Unknown customers in cluster -1 show a strong fit for Airport Lounge Access, Hotel Discounts, Lifestyle Offers based on spend, engagement, and reward behavior.",Moderate uplift in engagement and repeat purchase intent with a clear ROI path.,-1,Unknown
C0146,Low,Needs Attention,loyalty_nudge,We are nudging the customer with a personalized loyalty experience.,"[{'reward_name': 'Airport Lounge Access', 'score': 78.79, 'reason': 'Unknown customers respond well to airport lounge access because the offer is aligned to their watch preference and reward behavior.', 'business_benefit': 'Improves loyalty performance and encourages repeat purchases.', 'customer_benefit': 'Helps the customer receive more value from their purchases through airport lounge access.'}, {'reward_name': 'Hotel Discounts', 'score': 77.09, 'reason': 'Unknown customers respond well to hotel discounts because the offer is aligned to their watch preference and reward behavior.', 'business_benefit': 'Improves loyalty performance and encourages repeat purchases.', 'customer_benefit': 'Helps the customer receive more value from their purchases through hotel discounts.'}, {'reward_name': 'Lifestyle Offers', 'score': 77.09, 'reason': 'Unknown customers respond well to lifestyle offers because the offer is aligned to their watch preference and reward behavior.', 'business_benefit': 'Improves loyalty performance and encourages repeat purchases.', 'customer_benefit': 'Helps the customer receive more value from their purchases through lifestyle offers.'}]","[78.79, 77.09, 77.09]","Unknown customers in cluster -1 show a strong fit for Airport Lounge Access, Hotel Discounts, Lifestyle Offers based on spend, engagement, and reward behavior.",Moderate uplift in engagement and repeat purchase intent with a clear ROI path.,-1,Unknown
C0147,Low,Critical,retention_offer,We are prioritizing a tailored retention offer to protect engagement.,"[{'reward_name': 'Airport Lounge Access', 'score': 78.52, 'reason': 'Unknown customers respond well to airport lounge access because the offer is aligned to their audio preference and reward behavior.', 'business_benefit': 'Improves loyalty performance and encourages repeat purchases.', 'customer_benefit': 'Helps the customer receive more value from their purchases through airport lounge access.'}, {'reward_name': 'Hotel Discounts', 'score': 76.82, 'reason': 'Unknown customers respond well to hotel discounts because the offer is aligned to their audio preference and reward behavior.', 'business_benefit': 'Improves loyalty performance and encourages repeat purchases.', 'customer_benefit': 'Helps the customer receive more value from their purchases through hotel discounts.'}, {'reward_name': 'Lifestyle Offers', 'score': 76.82, 'reason': 'Unknown customers respond well to lifestyle offers because the offer is aligned to their audio preference and reward behavior.', 'business_benefit': 'Improves loyalty performance and encourages repeat purchases.', 'customer_benefit': 'Helps the customer receive more value from their purchases through lifestyle offers.'}]","[78.52, 76.82, 76.82]","Unknown customers in cluster -1 show a strong fit for Airport Lounge Access, Hotel Discounts, Lifestyle Offers based on spend, engagement, and reward behavior.",Moderate uplift in engagement and repeat purchase intent with a clear ROI path.,-1,Unknown
C0148,Low,Needs Attention,loyalty_nudge,We are nudging the customer with a personalized loyalty experience.,"[{'reward_name': 'Airport Lounge Access', 'score': 78.15, 'reason': 'Unknown customers respond well to airport lounge access because the offer is aligned to their audio preference and reward behavior.', 'business_benefit': 'Improves loyalty performance and encourages repeat purchases.', 'customer_benefit': 'Helps the customer receive more value from their purchases through airport lounge access.'}, {'reward_name': 'Hotel Discounts', 'score': 76.45, 'reason': 'Unknown customers respond well to hotel discounts because the offer is aligned to their audio preference and reward behavior.', 'business_benefit': 'Improves loyalty performance and encourages repeat purchases.', 'customer_benefit': 'Helps the customer receive more value from their purchases through hotel discounts.'}, {'reward_name': 'Lifestyle Offers', 'score': 76.45, 'reason': 'Unknown customers respond well to lifestyle offers because the offer is aligned to their audio preference and reward behavior.', 'business_benefit': 'Improves loyalty performance and encourages repeat purchases.', 'customer_benefit': 'Helps the customer receive more value from their purchases through lifestyle offers.'}]","[78.15, 76.45, 76.45]","Unknown customers in cluster -1 show a strong fit for Airport Lounge Access, Hotel Discounts, Lifestyle Offers based on spend, engagement, and reward behavior.",Moderate uplift in engagement and repeat purchase intent with a clear ROI path.,-1,Unknown
C0149,Low,Needs Attention,loyalty_nudge,We are nudging the customer with a personalized loyalty experience.,"[{'reward_name': 'Airport Lounge Access', 'score': 76.47, 'reason': 'Unknown customers respond well to airport lounge access because the offer is aligned to their audio preference and reward behavior.', 'business_benefit': 'Improves loyalty performance and encourages repeat purchases.', 'customer_benefit': 'Helps the customer receive more value from their purchases through airport lounge access.'}, {'reward_name': 'Hotel Discounts', 'score': 74.77, 'reason': 'Unknown customers respond well to hotel discounts because the offer is aligned to their audio preference and reward behavior.', 'business_benefit': 'Improves loyalty performance and encourages repeat purchases.', 'customer_benefit': 'Helps the customer receive more value from their purchases through hotel discounts.'}, {'reward_name': 'Lifestyle Offers', 'score': 74.77, 'reason': 'Unknown customers respond well to lifestyle offers because the offer is aligned to their audio preference and reward behavior.', 'business_benefit': 'Improves loyalty performance and encourages repeat purchases.', 'customer_benefit': 'Helps the customer receive more value from their purchases through lifestyle offers.'}]","[76.47, 74.77, 74.77]","Unknown customers in cluster -1 show a strong fit for Airport Lounge Access, Hotel Discounts, Lifestyle Offers based on spend, engagement, and reward behavior.",Moderate uplift in engagement and repeat purchase intent with a clear ROI path.,-1,Unknown
C0150,Low,Needs Attention,loyalty_nudge,We are nudging the customer with a personalized loyalty experience.,"[{'reward_name': 'Airport Lounge Access', 'score': 75.97, 'reason': 'Unknown customers respond well to airport lounge access because the offer is aligned to their security preference and reward behavior.', 'business_benefit': 'Improves loyalty performance and encourages repeat purchases.', 'customer_benefit': 'Helps the customer receive more value from their purchases through airport lounge access.'}, {'reward_name': 'Hotel Discounts', 'score': 74.27, 'reason': 'Unknown customers respond well to hotel discounts because the offer is aligned to their security preference and reward behavior.', 'business_benefit': 'Improves loyalty performance and encourages repeat purchases.', 'customer_benefit': 'Helps the customer receive more value from their purchases through hotel discounts.'}, {'reward_name': 'Lifestyle Offers', 'score': 74.27, 'reason': 'Unknown customers respond well to lifestyle offers because the offer is aligned to their security preference and reward behavior.', 'business_benefit': 'Improves loyalty performance and encourages repeat purchases.', 'customer_benefit': 'Helps the customer receive more value from their purchases through lifestyle offers.'}]","[75.97, 74.27, 74.27]","Unknown customers in cluster -1 show a strong fit for Airport Lounge Access, Hotel Discounts, Lifestyle Offers based on spend, engagement, and reward behavior.",Moderate uplift in engagement and repeat purchase intent with a clear ROI path.,-1,Unknown
C0151,Low,Critical,retention_offer,We are prioritizing a tailored retention offer to protect engagement.,"[{'reward_name': 'Airport Lounge Access', 'score': 74.31, 'reason': 'Unknown customers respond well to airport lounge access because the offer is aligned to their tv preference and reward behavior.', 'business_benefit': 'Improves loyalty performance and encourages repeat purchases.', 'customer_benefit': 'Helps the customer receive more value from their purchases through airport lounge access.'}, {'reward_name': 'Hotel Discounts', 'score': 72.61, 'reason': 'Unknown customers respond well to hotel discounts because the offer is aligned to their tv preference and reward behavior.', 'business_benefit': 'Improves loyalty performance and encourages repeat purchases.', 'customer_benefit': 'Helps the customer receive more value from their purchases through hotel discounts.'}, {'reward_name': 'Lifestyle Offers', 'score': 72.61, 'reason': 'Unknown customers respond well to lifestyle offers because the offer is aligned to their tv preference and reward behavior.', 'business_benefit': 'Improves loyalty performance and encourages repeat purchases.', 'customer_benefit': 'Helps the customer receive more value from their purchases through lifestyle offers.'}]","[74.31, 72.61, 72.61]","Unknown customers in cluster -1 show a strong fit for Airport Lounge Access, Hotel Discounts, Lifestyle Offers based on spend, engagement, and reward behavior.",Moderate uplift in engagement and repeat purchase intent with a clear ROI path.,-1,Unknown
C0152,Low,Needs Attention,loyalty_nudge,We are nudging the customer with a personalized loyalty experience.,"[{'reward_name': 'Airport Lounge Access', 'score': 79.42, 'reason': 'Unknown customers respond well to airport lounge access because the offer is aligned to their audio preference and reward behavior.', 'business_benefit': 'Improves loyalty performance and encourages repeat purchases.', 'customer_benefit': 'Helps the customer receive more value from their purchases through airport lounge access.'}, {'reward_name': 'Hotel Discounts', 'score': 77.72, 'reason': 'Unknown customers respond well to hotel discounts because the offer is aligned to their audio preference and reward behavior.', 'business_benefit': 'Improves loyalty performance and encourages repeat purchases.', 'customer_benefit': 'Helps the customer receive more value from their purchases through hotel discounts.'}, {'reward_name': 'Lifestyle Offers', 'score': 77.72, 'reason': 'Unknown customers respond well to lifestyle offers because the offer is aligned to their audio preference and reward behavior.', 'business_benefit': 'Improves loyalty performance and encourages repeat purchases.', 'customer_benefit': 'Helps the customer receive more value from their purchases through lifestyle offers.'}]","[79.42, 77.72, 77.72]","Unknown customers in cluster -1 show a strong fit for Airport Lounge Access, Hotel Discounts, Lifestyle Offers based on spend, engagement, and reward behavior.",Moderate uplift in engagement and repeat purchase intent with a clear ROI path.,-1,Unknown
C0153,Low,Needs Attention,loyalty_nudge,We are nudging the customer with a personalized loyalty experience.,"[{'reward_name': 'Airport Lounge Access', 'score': 78.51, 'reason': 'Unknown customers respond well to airport lounge access because the offer is aligned to their smart home preference and reward behavior.', 'business_benefit': 'Improves loyalty performance and encourages repeat purchases.', 'customer_benefit': 'Helps the customer receive more value from their purchases through airport lounge access.'}, {'reward_name': 'Hotel Discounts', 'score': 76.81, 'reason': 'Unknown customers respond well to hotel discounts because the offer is aligned to their smart home preference and reward behavior.', 'business_benefit': 'Improves loyalty performance and encourages repeat purchases.', 'customer_benefit': 'Helps the customer receive more value from their purchases through hotel discounts.'}, {'reward_name': 'Lifestyle Offers', 'score': 76.81, 'reason': 'Unknown customers respond well to lifestyle offers because the offer is aligned to their smart home preference and reward behavior.', 'business_benefit': 'Improves loyalty performance and encourages repeat purchases.', 'customer_benefit': 'Helps the customer receive more value from their purchases through lifestyle offers.'}]","[78.51, 76.81, 76.81]","Unknown customers in cluster -1 show a strong fit for Airport Lounge Access, Hotel Discounts, Lifestyle Offers based on spend, engagement, and reward behavior.",Moderate uplift in engagement and repeat purchase intent with a clear ROI path.,-1,Unknown
C0154,Low,Critical,retention_offer,We are prioritizing a tailored retention offer to protect engagement.,"[{'reward_name': 'Cashback', 'score': 71.65, 'reason': 'Unknown customers respond well to cashback because the offer is aligned to their tv preference and reward behavior.', 'business_benefit': 'Improves loyalty performance and encourages repeat purchases.', 'customer_benefit': 'Helps the customer receive more value from their purchases through cashback.'}, {'reward_name': 'Shopping Vouchers', 'score': 69.95, 'reason': 'Unknown customers respond well to shopping vouchers because the offer is aligned to their tv preference and reward behavior.', 'business_benefit': 'Improves loyalty performance and encourages repeat purchases.', 'customer_benefit': 'Helps the customer receive more value from their purchases through shopping vouchers.'}, {'reward_name': 'Reward Points', 'score': 69.45, 'reason': 'Unknown customers respond well to reward points because the offer is aligned to their tv preference and reward behavior.', 'business_benefit': 'Improves loyalty performance and encourages repeat purchases.', 'customer_benefit': 'Helps the customer receive more value from their purchases through reward points.'}]","[71.65, 69.95, 69.45]","Unknown customers in cluster -1 show a strong fit for Cashback, Shopping Vouchers, Reward Points based on spend, engagement, and reward behavior.",Moderate uplift in engagement and repeat purchase intent with a clear ROI path.,-1,Unknown
C0155,Low,Needs Attention,loyalty_nudge,We are nudging the customer with a personalized loyalty experience.,"[{'reward_name': 'Airport Lounge Access', 'score': 79.7, 'reason': 'Unknown customers respond well to airport lounge access because the offer is aligned to their audio preference and reward behavior.', 'business_benefit': 'Improves loyalty performance and encourages repeat purchases.', 'customer_benefit': 'Helps the customer receive more value from their purchases through airport lounge access.'}, {'reward_name': 'Hotel Discounts', 'score': 78.0, 'reason': 'Unknown customers respond well to hotel discounts because the offer is aligned to their audio preference and reward behavior.', 'business_benefit': 'Improves loyalty performance and encourages repeat purchases.', 'customer_benefit': 'Helps the customer receive more value from their purchases through hotel discounts.'}, {'reward_name': 'Lifestyle Offers', 'score': 78.0, 'reason': 'Unknown customers respond well to lifestyle offers because the offer is aligned to their audio preference and reward behavior.', 'business_benefit': 'Improves loyalty performance and encourages repeat purchases.', 'customer_benefit': 'Helps the customer receive more value from their purchases through lifestyle offers.'}]","[79.7, 78.0, 78.0]","Unknown customers in cluster -1 show a strong fit for Airport Lounge Access, Hotel Discounts, Lifestyle Offers based on spend, engagement, and reward behavior.",Moderate uplift in engagement and repeat purchase intent with a clear ROI path.,-1,Unknown
C0156,Low,Needs Attention,loyalty_nudge,We are nudging the customer with a personalized loyalty experience.,"[{'reward_name': 'Airport Lounge Access', 'score': 77.1, 'reason': 'Unknown customers respond well to airport lounge access because the offer is aligned to their audio preference and reward behavior.', 'business_benefit': 'Improves loyalty performance and encourages repeat purchases.', 'customer_benefit': 'Helps the customer receive more value from their purchases through airport lounge access.'}, {'reward_name': 'Hotel Discounts', 'score': 75.4, 'reason': 'Unknown customers respond well to hotel discounts because the offer is aligned to their audio preference and reward behavior.', 'business_benefit': 'Improves loyalty performance and encourages repeat purchases.', 'customer_benefit': 'Helps the customer receive more value from their purchases through hotel discounts.'}, {'reward_name': 'Lifestyle Offers', 'score': 75.4, 'reason': 'Unknown customers respond well to lifestyle offers because the offer is aligned to their audio preference and reward behavior.', 'business_benefit': 'Improves loyalty performance and encourages repeat purchases.', 'customer_benefit': 'Helps the customer receive more value from their purchases through lifestyle offers.'}]","[77.1, 75.4, 75.4]","Unknown customers in cluster -1 show a strong fit for Airport Lounge Access, Hotel Discounts, Lifestyle Offers based on spend, engagement, and reward behavior.",Moderate uplift in engagement and repeat purchase intent with a clear ROI path.,-1,Unknown
C0157,Low,Needs Attention,loyalty_nudge,We are nudging the customer with a personalized loyalty experience.,"[{'reward_name': 'Airport Lounge Access', 'score': 75.96, 'reason': 'Unknown customers respond well to airport lounge access because the offer is aligned to their audio preference and reward behavior.', 'business_benefit': 'Improves loyalty performance and encourages repeat purchases.', 'customer_benefit': 'Helps the customer receive more value from their purchases through airport lounge access.'}, {'reward_name': 'Hotel Discounts', 'score': 74.26, 'reason': 'Unknown customers respond well to hotel discounts because the offer is aligned to their audio preference and reward behavior.', 'business_benefit': 'Improves loyalty performance and encourages repeat purchases.', 'customer_benefit': 'Helps the customer receive more value from their purchases through hotel discounts.'}, {'reward_name': 'Lifestyle Offers', 'score': 74.26, 'reason': 'Unknown customers respond well to lifestyle offers because the offer is aligned to their audio preference and reward behavior.', 'business_benefit': 'Improves loyalty performance and encourages repeat purchases.', 'customer_benefit': 'Helps the customer receive more value from their purchases through lifestyle offers.'}]","[75.96, 74.26, 74.26]","Unknown customers in cluster -1 show a strong fit for Airport Lounge Access, Hotel Discounts, Lifestyle Offers based on spend, engagement, and reward behavior.",Moderate uplift in engagement and repeat purchase intent with a clear ROI path.,-1,Unknown
C0158,Low,Needs Attention,loyalty_nudge,We are nudging the customer with a personalized loyalty experience.,"[{'reward_name': 'Airport Lounge Access', 'score': 78.46, 'reason': 'Unknown customers respond well to airport lounge access because the offer is aligned to their audio preference and reward behavior.', 'business_benefit': 'Improves loyalty performance and encourages repeat purchases.', 'customer_benefit': 'Helps the customer receive more value from their purchases through airport lounge access.'}, {'reward_name': 'Hotel Discounts', 'score': 76.76, 'reason': 'Unknown customers respond well to hotel discounts because the offer is aligned to their audio preference and reward behavior.', 'business_benefit': 'Improves loyalty performance and encourages repeat purchases.', 'customer_benefit': 'Helps the customer receive more value from their purchases through hotel discounts.'}, {'reward_name': 'Lifestyle Offers', 'score': 76.76, 'reason': 'Unknown customers respond well to lifestyle offers because the offer is aligned to their audio preference and reward behavior.', 'business_benefit': 'Improves loyalty performance and encourages repeat purchases.', 'customer_benefit': 'Helps the customer receive more value from their purchases through lifestyle offers.'}]","[78.46, 76.76, 76.76]","Unknown customers in cluster -1 show a strong fit for Airport Lounge Access, Hotel Discounts, Lifestyle Offers based on spend, engagement, and reward behavior.",Moderate uplift in engagement and repeat purchase intent with a clear ROI path.,-1,Unknown
C0159,Low,Needs Attention,loyalty_nudge,We are nudging the customer with a personalized loyalty experience.,"[{'reward_name': 'Airport Lounge Access', 'score': 77.2, 'reason': 'Unknown customers respond well to airport lounge access because the offer is aligned to their audio preference and reward behavior.', 'business_benefit': 'Improves loyalty performance and encourages repeat purchases.', 'customer_benefit': 'Helps the customer receive more value from their purchases through airport lounge access.'}, {'reward_name': 'Hotel Discounts', 'score': 75.5, 'reason': 'Unknown customers respond well to hotel discounts because the offer is aligned to their audio preference and reward behavior.', 'business_benefit': 'Improves loyalty performance and encourages repeat purchases.', 'customer_benefit': 'Helps the customer receive more value from their purchases through hotel discounts.'}, {'reward_name': 'Lifestyle Offers', 'score': 75.5, 'reason': 'Unknown customers respond well to lifestyle offers because the offer is aligned to their audio preference and reward behavior.', 'business_benefit': 'Improves loyalty performance and encourages repeat purchases.', 'customer_benefit': 'Helps the customer receive more value from their purchases through lifestyle offers.'}]","[77.2, 75.5, 75.5]","Unknown customers in cluster -1 show a strong fit for Airport Lounge Access, Hotel Discounts, Lifestyle Offers based on spend, engagement, and reward behavior.",Moderate uplift in engagement and repeat purchase intent with a clear ROI path.,-1,Unknown
C0160,Low,Critical,retention_offer,We are prioritizing a tailored retention offer to protect engagement.,"[{'reward_name': 'Airport Lounge Access', 'score': 77.4, 'reason': 'Unknown customers respond well to airport lounge access because the offer is aligned to their audio preference and reward behavior.', 'business_benefit': 'Improves loyalty performance and encourages repeat purchases.', 'customer_benefit': 'Helps the customer receive more value from their purchases through airport lounge access.'}, {'reward_name': 'Hotel Discounts', 'score': 75.7, 'reason': 'Unknown customers respond well to hotel discounts because the offer is aligned to their audio preference and reward behavior.', 'business_benefit': 'Improves loyalty performance and encourages repeat purchases.', 'customer_benefit': 'Helps the customer receive more value from their purchases through hotel discounts.'}, {'reward_name': 'Lifestyle Offers', 'score': 75.7, 'reason': 'Unknown customers respond well to lifestyle offers because the offer is aligned to their audio preference and reward behavior.', 'business_benefit': 'Improves loyalty performance and encourages repeat purchases.', 'customer_benefit': 'Helps the customer receive more value from their purchases through lifestyle offers.'}]","[77.4, 75.7, 75.7]","Unknown customers in cluster -1 show a strong fit for Airport Lounge Access, Hotel Discounts, Lifestyle Offers based on spend, engagement, and reward behavior.",Moderate uplift in engagement and repeat purchase intent with a clear ROI path.,-1,Unknown
C0161,Low,Critical,retention_offer,We are prioritizing a tailored retention offer to protect engagement.,"[{'reward_name': 'Airport Lounge Access', 'score': 77.35, 'reason': 'Unknown customers respond well to airport lounge access because the offer is aligned to their security preference and reward behavior.', 'business_benefit': 'Improves loyalty performance and encourages repeat purchases.', 'customer_benefit': 'Helps the customer receive more value from their purchases through airport lounge access.'}, {'reward_name': 'Hotel Discounts', 'score': 75.65, 'reason': 'Unknown customers respond well to hotel discounts because the offer is aligned to their security preference and reward behavior.', 'business_benefit': 'Improves loyalty performance and encourages repeat purchases.', 'customer_benefit': 'Helps the customer receive more value from their purchases through hotel discounts.'}, {'reward_name': 'Lifestyle Offers', 'score': 75.65, 'reason': 'Unknown customers respond well to lifestyle offers because the offer is aligned to their security preference and reward behavior.', 'business_benefit': 'Improves loyalty performance and encourages repeat purchases.', 'customer_benefit': 'Helps the customer receive more value from their purchases through lifestyle offers.'}]","[77.35, 75.65, 75.65]","Unknown customers in cluster -1 show a strong fit for Airport Lounge Access, Hotel Discounts, Lifestyle Offers based on spend, engagement, and reward behavior.",Moderate uplift in engagement and repeat purchase intent with a clear ROI path.,-1,Unknown
C0162,Low,Needs Attention,loyalty_nudge,We are nudging the customer with a personalized loyalty experience.,"[{'reward_name': 'Airport Lounge Access', 'score': 79.16, 'reason': 'Unknown customers respond well to airport lounge access because the offer is aligned to their smartphone preference and reward behavior.', 'business_benefit': 'Improves loyalty performance and encourages repeat purchases.', 'customer_benefit': 'Helps the customer receive more value from their purchases through airport lounge access.'}, {'reward_name': 'Hotel Discounts', 'score': 77.46, 'reason': 'Unknown customers respond well to hotel discounts because the offer is aligned to their smartphone preference and reward behavior.', 'business_benefit': 'Improves loyalty performance and encourages repeat purchases.', 'customer_benefit': 'Helps the customer receive more value from their purchases through hotel discounts.'}, {'reward_name': 'Lifestyle Offers', 'score': 77.46, 'reason': 'Unknown customers respond well to lifestyle offers because the offer is aligned to their smartphone preference and reward behavior.', 'business_benefit': 'Improves loyalty performance and encourages repeat purchases.', 'customer_benefit': 'Helps the customer receive more value from their purchases through lifestyle offers.'}]","[79.16, 77.46, 77.46]","Unknown customers in cluster -1 show a strong fit for Airport Lounge Access, Hotel Discounts, Lifestyle Offers based on spend, engagement, and reward behavior.",Moderate uplift in engagement and repeat purchase intent with a clear ROI path.,-1,Unknown
C0163,Low,Critical,retention_offer,We are prioritizing a tailored retention offer to protect engagement.,"[{'reward_name': 'Shopping Vouchers', 'score': 67.58, 'reason': 'Unknown customers respond well to shopping vouchers because the offer is aligned to their audio preference and reward behavior.', 'business_benefit': 'Improves loyalty performance and encourages repeat purchases.', 'customer_benefit': 'Helps the customer receive more value from their purchases through shopping vouchers.'}, {'reward_name': 'Dining Offers', 'score': 64.38, 'reason': 'Unknown customers respond well to dining offers because the offer is aligned to their audio preference and reward behavior.', 'business_benefit': 'Improves loyalty performance and encourages repeat purchases.', 'customer_benefit': 'Helps the customer receive more value from their purchases through dining offers.'}]","[67.58, 64.38]","Unknown customers in cluster -1 show a strong fit for Shopping Vouchers, Dining Offers based on spend, engagement, and reward behavior.",Moderate uplift in engagement and repeat purchase intent with a clear ROI path.,-1,Unknown
C0164,Low,Critical,retention_offer,We are prioritizing a tailored retention offer to protect engagement.,"[{'reward_name': 'Airport Lounge Access', 'score': 73.16, 'reason': 'Unknown customers respond well to airport lounge access because the offer is aligned to their smart home preference and reward behavior.', 'business_benefit': 'Improves loyalty performance and encourages repeat purchases.', 'customer_benefit': 'Helps the customer receive more value from their purchases through airport lounge access.'}, {'reward_name': 'Hotel Discounts', 'score': 71.46, 'reason': 'Unknown customers respond well to hotel discounts because the offer is aligned to their smart home preference and reward behavior.', 'business_benefit': 'Improves loyalty performance and encourages repeat purchases.', 'customer_benefit': 'Helps the customer receive more value from their purchases through hotel discounts.'}, {'reward_name': 'Lifestyle Offers', 'score': 71.46, 'reason': 'Unknown customers respond well to lifestyle offers because the offer is aligned to their smart home preference and reward behavior.', 'business_benefit': 'Improves loyalty performance and encourages repeat purchases.', 'customer_benefit': 'Helps the customer receive more value from their purchases through lifestyle offers.'}]","[73.16, 71.46, 71.46]","Unknown customers in cluster -1 show a strong fit for Airport Lounge Access, Hotel Discounts, Lifestyle Offers based on spend, engagement, and reward behavior.",Moderate uplift in engagement and repeat purchase intent with a clear ROI path.,-1,Unknown
C0165,Low,Needs Attention,loyalty_nudge,We are nudging the customer with a personalized loyalty experience.,"[{'reward_name': 'Airport Lounge Access', 'score': 78.22, 'reason': 'Unknown customers respond well to airport lounge access because the offer is aligned to their audio preference and reward behavior.', 'business_benefit': 'Improves loyalty performance and encourages repeat purchases.', 'customer_benefit': 'Helps the customer receive more value from their purchases through airport lounge access.'}, {'reward_name': 'Hotel Discounts', 'score': 76.52, 'reason': 'Unknown customers respond well to hotel discounts because the offer is aligned to their audio preference and reward behavior.', 'business_benefit': 'Improves loyalty performance and encourages repeat purchases.', 'customer_benefit': 'Helps the customer receive more value from their purchases through hotel discounts.'}, {'reward_name': 'Lifestyle Offers', 'score': 76.52, 'reason': 'Unknown customers respond well to lifestyle offers because the offer is aligned to their audio preference and reward behavior.', 'business_benefit': 'Improves loyalty performance and encourages repeat purchases.', 'customer_benefit': 'Helps the customer receive more value from their purchases through lifestyle offers.'}]","[78.22, 76.52, 76.52]","Unknown customers in cluster -1 show a strong fit for Airport Lounge Access, Hotel Discounts, Lifestyle Offers based on spend, engagement, and reward behavior.",Moderate uplift in engagement and repeat purchase intent with a clear ROI path.,-1,Unknown
C0166,Low,Needs Attention,loyalty_nudge,We are nudging the customer with a personalized loyalty experience.,"[{'reward_name': 'Airport Lounge Access', 'score': 74.84, 'reason': 'Unknown customers respond well to airport lounge access because the offer is aligned to their audio preference and reward behavior.', 'business_benefit': 'Improves loyalty performance and encourages repeat purchases.', 'customer_benefit': 'Helps the customer receive more value from their purchases through airport lounge access.'}, {'reward_name': 'Hotel Discounts', 'score': 73.14, 'reason': 'Unknown customers respond well to hotel discounts because the offer is aligned to their audio preference and reward behavior.', 'business_benefit': 'Improves loyalty performance and encourages repeat purchases.', 'customer_benefit': 'Helps the customer receive more value from their purchases through hotel discounts.'}, {'reward_name': 'Lifestyle Offers', 'score': 73.14, 'reason': 'Unknown customers respond well to lifestyle offers because the offer is aligned to their audio preference and reward behavior.', 'business_benefit': 'Improves loyalty performance and encourages repeat purchases.', 'customer_benefit': 'Helps the customer receive more value from their purchases through lifestyle offers.'}]","[74.84, 73.14, 73.14]","Unknown customers in cluster -1 show a strong fit for Airport Lounge Access, Hotel Discounts, Lifestyle Offers based on spend, engagement, and reward behavior.",Moderate uplift in engagement and repeat purchase intent with a clear ROI path.,-1,Unknown
C0167,Low,Critical,retention_offer,We are prioritizing a tailored retention offer to protect engagement.,"[{'reward_name': 'Airport Lounge Access', 'score': 76.32, 'reason': 'Unknown customers respond well to airport lounge access because the offer is aligned to their tv preference and reward behavior.', 'business_benefit': 'Improves loyalty performance and encourages repeat purchases.', 'customer_benefit': 'Helps the customer receive more value from their purchases through airport lounge access.'}, {'reward_name': 'Hotel Discounts', 'score': 74.62, 'reason': 'Unknown customers respond well to hotel discounts because the offer is aligned to their tv preference and reward behavior.', 'business_benefit': 'Improves loyalty performance and encourages repeat purchases.', 'customer_benefit': 'Helps the customer receive more value from their purchases through hotel discounts.'}, {'reward_name': 'Lifestyle Offers', 'score': 74.62, 'reason': 'Unknown customers respond well to lifestyle offers because the offer is aligned to their tv preference and reward behavior.', 'business_benefit': 'Improves loyalty performance and encourages repeat purchases.', 'customer_benefit': 'Helps the customer receive more value from their purchases through lifestyle offers.'}]","[76.32, 74.62, 74.62]","Unknown customers in cluster -1 show a strong fit for Airport Lounge Access, Hotel Discounts, Lifestyle Offers based on spend, engagement, and reward behavior.",Moderate uplift in engagement and repeat purchase intent with a clear ROI path.,-1,Unknown
C0168,Low,Critical,retention_offer,We are prioritizing a tailored retention offer to protect engagement.,"[{'reward_name': 'Airport Lounge Access', 'score': 74.56, 'reason': 'Unknown customers respond well to airport lounge access because the offer is aligned to their tv preference and reward behavior.', 'business_benefit': 'Improves loyalty performance and encourages repeat purchases.', 'customer_benefit': 'Helps the customer receive more value from their purchases through airport lounge access.'}, {'reward_name': 'Hotel Discounts', 'score': 72.86, 'reason': 'Unknown customers respond well to hotel discounts because the offer is aligned to their tv preference and reward behavior.', 'business_benefit': 'Improves loyalty performance and encourages repeat purchases.', 'customer_benefit': 'Helps the customer receive more value from their purchases through hotel discounts.'}, {'reward_name': 'Lifestyle Offers', 'score': 72.86, 'reason': 'Unknown customers respond well to lifestyle offers because the offer is aligned to their tv preference and reward behavior.', 'business_benefit': 'Improves loyalty performance and encourages repeat purchases.', 'customer_benefit': 'Helps the customer receive more value from their purchases through lifestyle offers.'}]","[74.56, 72.86, 72.86]","Unknown customers in cluster -1 show a strong fit for Airport Lounge Access, Hotel Discounts, Lifestyle Offers based on spend, engagement, and reward behavior.",Moderate uplift in engagement and repeat purchase intent with a clear ROI path.,-1,Unknown
C0169,Low,Needs Attention,loyalty_nudge,We are nudging the customer with a personalized loyalty experience.,"[{'reward_name': 'Airport Lounge Access', 'score': 75.99, 'reason': 'Unknown customers respond well to airport lounge access because the offer is aligned to their security preference and reward behavior.', 'business_benefit': 'Improves loyalty performance and encourages repeat purchases.', 'customer_benefit': 'Helps the customer receive more value from their purchases through airport lounge access.'}, {'reward_name': 'Hotel Discounts', 'score': 74.29, 'reason': 'Unknown customers respond well to hotel discounts because the offer is aligned to their security preference and reward behavior.', 'business_benefit': 'Improves loyalty performance and encourages repeat purchases.', 'customer_benefit': 'Helps the customer receive more value from their purchases through hotel discounts.'}, {'reward_name': 'Lifestyle Offers', 'score': 74.29, 'reason': 'Unknown customers respond well to lifestyle offers because the offer is aligned to their security preference and reward behavior.', 'business_benefit': 'Improves loyalty performance and encourages repeat purchases.', 'customer_benefit': 'Helps the customer receive more value from their purchases through lifestyle offers.'}]","[75.99, 74.29, 74.29]","Unknown customers in cluster -1 show a strong fit for Airport Lounge Access, Hotel Discounts, Lifestyle Offers based on spend, engagement, and reward behavior.",Moderate uplift in engagement and repeat purchase intent with a clear ROI path.,-1,Unknown
C0170,Low,Critical,retention_offer,We are prioritizing a tailored retention offer to protect engagement.,"[{'reward_name': 'Cashback', 'score': 71.36, 'reason': 'Unknown customers respond well to cashback because the offer is aligned to their audio preference and reward behavior.', 'business_benefit': 'Improves loyalty performance and encourages repeat purchases.', 'customer_benefit': 'Helps the customer receive more value from their purchases through cashback.'}, {'reward_name': 'Shopping Vouchers', 'score': 69.66, 'reason': 'Unknown customers respond well to shopping vouchers because the offer is aligned to their audio preference and reward behavior.', 'business_benefit': 'Improves loyalty performance and encourages repeat purchases.', 'customer_benefit': 'Helps the customer receive more value from their purchases through shopping vouchers.'}, {'reward_name': 'Reward Points', 'score': 69.16, 'reason': 'Unknown customers respond well to reward points because the offer is aligned to their audio preference and reward behavior.', 'business_benefit': 'Improves loyalty performance and encourages repeat purchases.', 'customer_benefit': 'Helps the customer receive more value from their purchases through reward points.'}]","[71.36, 69.66, 69.16]","Unknown customers in cluster -1 show a strong fit for Cashback, Shopping Vouchers, Reward Points based on spend, engagement, and reward behavior.",Moderate uplift in engagement and repeat purchase intent with a clear ROI path.,-1,Unknown
C0171,Low,Critical,retention_offer,We are prioritizing a tailored retention offer to protect engagement.,"[{'reward_name': 'Airport Lounge Access', 'score': 72.84, 'reason': 'Unknown customers respond well to airport lounge access because the offer is aligned to their tv preference and reward behavior.', 'business_benefit': 'Improves loyalty performance and encourages repeat purchases.', 'customer_benefit': 'Helps the customer receive more value from their purchases through airport lounge access.'}, {'reward_name': 'Hotel Discounts', 'score': 71.14, 'reason': 'Unknown customers respond well to hotel discounts because the offer is aligned to their tv preference and reward behavior.', 'business_benefit': 'Improves loyalty performance and encourages repeat purchases.', 'customer_benefit': 'Helps the customer receive more value from their purchases through hotel discounts.'}, {'reward_name': 'Lifestyle Offers', 'score': 71.14, 'reason': 'Unknown customers respond well to lifestyle offers because the offer is aligned to their tv preference and reward behavior.', 'business_benefit': 'Improves loyalty performance and encourages repeat purchases.', 'customer_benefit': 'Helps the customer receive more value from their purchases through lifestyle offers.'}]","[72.84, 71.14, 71.14]","Unknown customers in cluster -1 show a strong fit for Airport Lounge Access, Hotel Discounts, Lifestyle Offers based on spend, engagement, and reward behavior.",Moderate uplift in engagement and repeat purchase intent with a clear ROI path.,-1,Unknown
C0172,Low,Needs Attention,loyalty_nudge,We are nudging the customer with a personalized loyalty experience.,"[{'reward_name': 'Airport Lounge Access', 'score': 80.0, 'reason': 'Unknown customers respond well to airport lounge access because the offer is aligned to their audio preference and reward behavior.', 'business_benefit': 'Improves loyalty performance and encourages repeat purchases.', 'customer_benefit': 'Helps the customer receive more value from their purchases through airport lounge access.'}, {'reward_name': 'Hotel Discounts', 'score': 78.3, 'reason': 'Unknown customers respond well to hotel discounts because the offer is aligned to their audio preference and reward behavior.', 'business_benefit': 'Improves loyalty performance and encourages repeat purchases.', 'customer_benefit': 'Helps the customer receive more value from their purchases through hotel discounts.'}, {'reward_name': 'Lifestyle Offers', 'score': 78.3, 'reason': 'Unknown customers respond well to lifestyle offers because the offer is aligned to their audio preference and reward behavior.', 'business_benefit': 'Improves loyalty performance and encourages repeat purchases.', 'customer_benefit': 'Helps the customer receive more value from their purchases through lifestyle offers.'}]","[80.0, 78.3, 78.3]","Unknown customers in cluster -1 show a strong fit for Airport Lounge Access, Hotel Discounts, Lifestyle Offers based on spend, engagement, and reward behavior.",Moderate uplift in engagement and repeat purchase intent with a clear ROI path.,-1,Unknown
C0173,Low,Needs Attention,loyalty_nudge,We are nudging the customer with a personalized loyalty experience.,"[{'reward_name': 'Airport Lounge Access', 'score': 77.82, 'reason': 'Unknown customers respond well to airport lounge access because the offer is aligned to their audio preference and reward behavior.', 'business_benefit': 'Improves loyalty performance and encourages repeat purchases.', 'customer_benefit': 'Helps the customer receive more value from their purchases through airport lounge access.'}, {'reward_name': 'Hotel Discounts', 'score': 76.12, 'reason': 'Unknown customers respond well to hotel discounts because the offer is aligned to their audio preference and reward behavior.', 'business_benefit': 'Improves loyalty performance and encourages repeat purchases.', 'customer_benefit': 'Helps the customer receive more value from their purchases through hotel discounts.'}, {'reward_name': 'Lifestyle Offers', 'score': 76.12, 'reason': 'Unknown customers respond well to lifestyle offers because the offer is aligned to their audio preference and reward behavior.', 'business_benefit': 'Improves loyalty performance and encourages repeat purchases.', 'customer_benefit': 'Helps the customer receive more value from their purchases through lifestyle offers.'}]","[77.82, 76.12, 76.12]","Unknown customers in cluster -1 show a strong fit for Airport Lounge Access, Hotel Discounts, Lifestyle Offers based on spend, engagement, and reward behavior.",Moderate uplift in engagement and repeat purchase intent with a clear ROI path.,-1,Unknown
C0174,Low,Needs Attention,loyalty_nudge,We are nudging the customer with a personalized loyalty experience.,"[{'reward_name': 'Airport Lounge Access', 'score': 77.69, 'reason': 'Unknown customers respond well to airport lounge access because the offer is aligned to their audio preference and reward behavior.', 'business_benefit': 'Improves loyalty performance and encourages repeat purchases.', 'customer_benefit': 'Helps the customer receive more value from their purchases through airport lounge access.'}, {'reward_name': 'Hotel Discounts', 'score': 75.99, 'reason': 'Unknown customers respond well to hotel discounts because the offer is aligned to their audio preference and reward behavior.', 'business_benefit': 'Improves loyalty performance and encourages repeat purchases.', 'customer_benefit': 'Helps the customer receive more value from their purchases through hotel discounts.'}, {'reward_name': 'Lifestyle Offers', 'score': 75.99, 'reason': 'Unknown customers respond well to lifestyle offers because the offer is aligned to their audio preference and reward behavior.', 'business_benefit': 'Improves loyalty performance and encourages repeat purchases.', 'customer_benefit': 'Helps the customer receive more value from their purchases through lifestyle offers.'}]","[77.69, 75.99, 75.99]","Unknown customers in cluster -1 show a strong fit for Airport Lounge Access, Hotel Discounts, Lifestyle Offers based on spend, engagement, and reward behavior.",Moderate uplift in engagement and repeat purchase intent with a clear ROI path.,-1,Unknown
C0175,Low,Needs Attention,loyalty_nudge,We are nudging the customer with a personalized loyalty experience.,"[{'reward_name': 'Airport Lounge Access', 'score': 79.52, 'reason': 'Unknown customers respond well to airport lounge access because the offer is aligned to their audio preference and reward behavior.', 'business_benefit': 'Improves loyalty performance and encourages repeat purchases.', 'customer_benefit': 'Helps the customer receive more value from their purchases through airport lounge access.'}, {'reward_name': 'Hotel Discounts', 'score': 77.82, 'reason': 'Unknown customers respond well to hotel discounts because the offer is aligned to their audio preference and reward behavior.', 'business_benefit': 'Improves loyalty performance and encourages repeat purchases.', 'customer_benefit': 'Helps the customer receive more value from their purchases through hotel discounts.'}, {'reward_name': 'Lifestyle Offers', 'score': 77.82, 'reason': 'Unknown customers respond well to lifestyle offers because the offer is aligned to their audio preference and reward behavior.', 'business_benefit': 'Improves loyalty performance and encourages repeat purchases.', 'customer_benefit': 'Helps the customer receive more value from their purchases through lifestyle offers.'}]","[79.52, 77.82, 77.82]","Unknown customers in cluster -1 show a strong fit for Airport Lounge Access, Hotel Discounts, Lifestyle Offers based on spend, engagement, and reward behavior.",Moderate uplift in engagement and repeat purchase intent with a clear ROI path.,-1,Unknown
C0176,Low,Needs Attention,loyalty_nudge,We are nudging the customer with a personalized loyalty experience.,"[{'reward_name': 'Airport Lounge Access', 'score': 80.01, 'reason': 'Unknown customers respond well to airport lounge access because the offer is aligned to their tv preference and reward behavior.', 'business_benefit': 'Improves loyalty performance and encourages repeat purchases.', 'customer_benefit': 'Helps the customer receive more value from their purchases through airport lounge access.'}, {'reward_name': 'Hotel Discounts', 'score': 78.31, 'reason': 'Unknown customers respond well to hotel discounts because the offer is aligned to their tv preference and reward behavior.', 'business_benefit': 'Improves loyalty performance and encourages repeat purchases.', 'customer_benefit': 'Helps the customer receive more value from their purchases through hotel discounts.'}, {'reward_name': 'Lifestyle Offers', 'score': 78.31, 'reason': 'Unknown customers respond well to lifestyle offers because the offer is aligned to their tv preference and reward behavior.', 'business_benefit': 'Improves loyalty performance and encourages repeat purchases.', 'customer_benefit': 'Helps the customer receive more value from their purchases through lifestyle offers.'}]","[80.01, 78.31, 78.31]","Unknown customers in cluster -1 show a strong fit for Airport Lounge Access, Hotel Discounts, Lifestyle Offers based on spend, engagement, and reward behavior.",Moderate uplift in engagement and repeat purchase intent with a clear ROI path.,-1,Unknown
C0177,Low,Needs Attention,loyalty_nudge,We are nudging the customer with a personalized loyalty experience.,"[{'reward_name': 'Airport Lounge Access', 'score': 77.59, 'reason': 'Unknown customers respond well to airport lounge access because the offer is aligned to their smart home preference and reward behavior.', 'business_benefit': 'Improves loyalty performance and encourages repeat purchases.', 'customer_benefit': 'Helps the customer receive more value from their purchases through airport lounge access.'}, {'reward_name': 'Hotel Discounts', 'score': 75.89, 'reason': 'Unknown customers respond well to hotel discounts because the offer is aligned to their smart home preference and reward behavior.', 'business_benefit': 'Improves loyalty performance and encourages repeat purchases.', 'customer_benefit': 'Helps the customer receive more value from their purchases through hotel discounts.'}, {'reward_name': 'Lifestyle Offers', 'score': 75.89, 'reason': 'Unknown customers respond well to lifestyle offers because the offer is aligned to their smart home preference and reward behavior.', 'business_benefit': 'Improves loyalty performance and encourages repeat purchases.', 'customer_benefit': 'Helps the customer receive more value from their purchases through lifestyle offers.'}]","[77.59, 75.89, 75.89]","Unknown customers in cluster -1 show a strong fit for Airport Lounge Access, Hotel Discounts, Lifestyle Offers based on spend, engagement, and reward behavior.",Moderate uplift in engagement and repeat purchase intent with a clear ROI path.,-1,Unknown
C0178,Low,Critical,retention_offer,We are prioritizing a tailored retention offer to protect engagement.,"[{'reward_name': 'Airport Lounge Access', 'score': 77.81, 'reason': 'Unknown customers respond well to airport lounge access because the offer is aligned to their audio preference and reward behavior.', 'business_benefit': 'Improves loyalty performance and encourages repeat purchases.', 'customer_benefit': 'Helps the customer receive more value from their purchases through airport lounge access.'}, {'reward_name': 'Hotel Discounts', 'score': 76.11, 'reason': 'Unknown customers respond well to hotel discounts because the offer is aligned to their audio preference and reward behavior.', 'business_benefit': 'Improves loyalty performance and encourages repeat purchases.', 'customer_benefit': 'Helps the customer receive more value from their purchases through hotel discounts.'}, {'reward_name': 'Lifestyle Offers', 'score': 76.11, 'reason': 'Unknown customers respond well to lifestyle offers because the offer is aligned to their audio preference and reward behavior.', 'business_benefit': 'Improves loyalty performance and encourages repeat purchases.', 'customer_benefit': 'Helps the customer receive more value from their purchases through lifestyle offers.'}]","[77.81, 76.11, 76.11]","Unknown customers in cluster -1 show a strong fit for Airport Lounge Access, Hotel Discounts, Lifestyle Offers based on spend, engagement, and reward behavior.",Moderate uplift in engagement and repeat purchase intent with a clear ROI path.,-1,Unknown
C0179,Low,Critical,retention_offer,We are prioritizing a tailored retention offer to protect engagement.,"[{'reward_name': 'Airport Lounge Access', 'score': 72.64, 'reason': 'Unknown customers respond well to airport lounge access because the offer is aligned to their tv preference and reward behavior.', 'business_benefit': 'Improves loyalty performance and encourages repeat purchases.', 'customer_benefit': 'Helps the customer receive more value from their purchases through airport lounge access.'}, {'reward_name': 'Hotel Discounts', 'score': 70.94, 'reason': 'Unknown customers respond well to hotel discounts because the offer is aligned to their tv preference and reward behavior.', 'business_benefit': 'Improves loyalty performance and encourages repeat purchases.', 'customer_benefit': 'Helps the customer receive more value from their purchases through hotel discounts.'}, {'reward_name': 'Lifestyle Offers', 'score': 70.94, 'reason': 'Unknown customers respond well to lifestyle offers because the offer is aligned to their tv preference and reward behavior.', 'business_benefit': 'Improves loyalty performance and encourages repeat purchases.', 'customer_benefit': 'Helps the customer receive more value from their purchases through lifestyle offers.'}]","[72.64, 70.94, 70.94]","Unknown customers in cluster -1 show a strong fit for Airport Lounge Access, Hotel Discounts, Lifestyle Offers based on spend, engagement, and reward behavior.",Moderate uplift in engagement and repeat purchase intent with a clear ROI path.,-1,Unknown
C0180,Low,Critical,retention_offer,We are prioritizing a tailored retention offer to protect engagement.,"[{'reward_name': 'Airport Lounge Access', 'score': 75.95, 'reason': 'Unknown customers respond well to airport lounge access because the offer is aligned to their audio preference and reward behavior.', 'business_benefit': 'Improves loyalty performance and encourages repeat purchases.', 'customer_benefit': 'Helps the customer receive more value from their purchases through airport lounge access.'}, {'reward_name': 'Hotel Discounts', 'score': 74.25, 'reason': 'Unknown customers respond well to hotel discounts because the offer is aligned to their audio preference and reward behavior.', 'business_benefit': 'Improves loyalty performance and encourages repeat purchases.', 'customer_benefit': 'Helps the customer receive more value from their purchases through hotel discounts.'}, {'reward_name': 'Lifestyle Offers', 'score': 74.25, 'reason': 'Unknown customers respond well to lifestyle offers because the offer is aligned to their audio preference and reward behavior.', 'business_benefit': 'Improves loyalty performance and encourages repeat purchases.', 'customer_benefit': 'Helps the customer receive more value from their purchases through lifestyle offers.'}]","[75.95, 74.25, 74.25]","Unknown customers in cluster -1 show a strong fit for Airport Lounge Access, Hotel Discounts, Lifestyle Offers based on spend, engagement, and reward behavior.",Moderate uplift in engagement and repeat purchase intent with a clear ROI path.,-1,Unknown
C0181,Low,Needs Attention,loyalty_nudge,We are nudging the customer with a personalized loyalty experience.,"[{'reward_name': 'Airport Lounge Access', 'score': 78.89, 'reason': 'Unknown customers respond well to airport lounge access because the offer is aligned to their smart home preference and reward behavior.', 'business_benefit': 'Improves loyalty performance and encourages repeat purchases.', 'customer_benefit': 'Helps the customer receive more value from their purchases through airport lounge access.'}, {'reward_name': 'Hotel Discounts', 'score': 77.19, 'reason': 'Unknown customers respond well to hotel discounts because the offer is aligned to their smart home preference and reward behavior.', 'business_benefit': 'Improves loyalty performance and encourages repeat purchases.', 'customer_benefit': 'Helps the customer receive more value from their purchases through hotel discounts.'}, {'reward_name': 'Lifestyle Offers', 'score': 77.19, 'reason': 'Unknown customers respond well to lifestyle offers because the offer is aligned to their smart home preference and reward behavior.', 'business_benefit': 'Improves loyalty performance and encourages repeat purchases.', 'customer_benefit': 'Helps the customer receive more value from their purchases through lifestyle offers.'}]","[78.89, 77.19, 77.19]","Unknown customers in cluster -1 show a strong fit for Airport Lounge Access, Hotel Discounts, Lifestyle Offers based on spend, engagement, and reward behavior.",Moderate uplift in engagement and repeat purchase intent with a clear ROI path.,-1,Unknown
C0182,Low,Needs Attention,loyalty_nudge,We are nudging the customer with a personalized loyalty experience.,"[{'reward_name': 'Airport Lounge Access', 'score': 78.42, 'reason': 'Unknown customers respond well to airport lounge access because the offer is aligned to their smartphone preference and reward behavior.', 'business_benefit': 'Improves loyalty performance and encourages repeat purchases.', 'customer_benefit': 'Helps the customer receive more value from their purchases through airport lounge access.'}, {'reward_name': 'Hotel Discounts', 'score': 76.72, 'reason': 'Unknown customers respond well to hotel discounts because the offer is aligned to their smartphone preference and reward behavior.', 'business_benefit': 'Improves loyalty performance and encourages repeat purchases.', 'customer_benefit': 'Helps the customer receive more value from their purchases through hotel discounts.'}, {'reward_name': 'Lifestyle Offers', 'score': 76.72, 'reason': 'Unknown customers respond well to lifestyle offers because the offer is aligned to their smartphone preference and reward behavior.', 'business_benefit': 'Improves loyalty performance and encourages repeat purchases.', 'customer_benefit': 'Helps the customer receive more value from their purchases through lifestyle offers.'}]","[78.42, 76.72, 76.72]","Unknown customers in cluster -1 show a strong fit for Airport Lounge Access, Hotel Discounts, Lifestyle Offers based on spend, engagement, and reward behavior.",Moderate uplift in engagement and repeat purchase intent with a clear ROI path.,-1,Unknown
C0183,Low,Critical,retention_offer,We are prioritizing a tailored retention offer to protect engagement.,"[{'reward_name': 'Airport Lounge Access', 'score': 75.57, 'reason': 'Unknown customers respond well to airport lounge access because the offer is aligned to their gaming preference and reward behavior.', 'business_benefit': 'Improves loyalty performance and encourages repeat purchases.', 'customer_benefit': 'Helps the customer receive more value from their purchases through airport lounge access.'}, {'reward_name': 'Hotel Discounts', 'score': 73.87, 'reason': 'Unknown customers respond well to hotel discounts because the offer is aligned to their gaming preference and reward behavior.', 'business_benefit': 'Improves loyalty performance and encourages repeat purchases.', 'customer_benefit': 'Helps the customer receive more value from their purchases through hotel discounts.'}, {'reward_name': 'Lifestyle Offers', 'score': 73.87, 'reason': 'Unknown customers respond well to lifestyle offers because the offer is aligned to their gaming preference and reward behavior.', 'business_benefit': 'Improves loyalty performance and encourages repeat purchases.', 'customer_benefit': 'Helps the customer receive more value from their purchases through lifestyle offers.'}]","[75.57, 73.87, 73.87]","Unknown customers in cluster -1 show a strong fit for Airport Lounge Access, Hotel Discounts, Lifestyle Offers based on spend, engagement, and reward behavior.",Moderate uplift in engagement and repeat purchase intent with a clear ROI path.,-1,Unknown
C0184,Low,Critical,retention_offer,We are prioritizing a tailored retention offer to protect engagement.,"[{'reward_name': 'Airport Lounge Access', 'score': 73.8, 'reason': 'Unknown customers respond well to airport lounge access because the offer is aligned to their watch preference and reward behavior.', 'business_benefit': 'Improves loyalty performance and encourages repeat purchases.', 'customer_benefit': 'Helps the customer receive more value from their purchases through airport lounge access.'}, {'reward_name': 'Hotel Discounts', 'score': 72.1, 'reason': 'Unknown customers respond well to hotel discounts because the offer is aligned to their watch preference and reward behavior.', 'business_benefit': 'Improves loyalty performance and encourages repeat purchases.', 'customer_benefit': 'Helps the customer receive more value from their purchases through hotel discounts.'}, {'reward_name': 'Lifestyle Offers', 'score': 72.1, 'reason': 'Unknown customers respond well to lifestyle offers because the offer is aligned to their watch preference and reward behavior.', 'business_benefit': 'Improves loyalty performance and encourages repeat purchases.', 'customer_benefit': 'Helps the customer receive more value from their purchases through lifestyle offers.'}]","[73.8, 72.1, 72.1]","Unknown customers in cluster -1 show a strong fit for Airport Lounge Access, Hotel Discounts, Lifestyle Offers based on spend, engagement, and reward behavior.",Moderate uplift in engagement and repeat purchase intent with a clear ROI path.,-1,Unknown
C0185,Low,Needs Attention,loyalty_nudge,We are nudging the customer with a personalized loyalty experience.,"[{'reward_name': 'Airport Lounge Access', 'score': 79.9, 'reason': 'Unknown customers respond well to airport lounge access because the offer is aligned to their audio preference and reward behavior.', 'business_benefit': 'Improves loyalty performance and encourages repeat purchases.', 'customer_benefit': 'Helps the customer receive more value from their purchases through airport lounge access.'}, {'reward_name': 'Hotel Discounts', 'score': 78.2, 'reason': 'Unknown customers respond well to hotel discounts because the offer is aligned to their audio preference and reward behavior.', 'business_benefit': 'Improves loyalty performance and encourages repeat purchases.', 'customer_benefit': 'Helps the customer receive more value from their purchases through hotel discounts.'}, {'reward_name': 'Lifestyle Offers', 'score': 78.2, 'reason': 'Unknown customers respond well to lifestyle offers because the offer is aligned to their audio preference and reward behavior.', 'business_benefit': 'Improves loyalty performance and encourages repeat purchases.', 'customer_benefit': 'Helps the customer receive more value from their purchases through lifestyle offers.'}]","[79.9, 78.2, 78.2]","Unknown customers in cluster -1 show a strong fit for Airport Lounge Access, Hotel Discounts, Lifestyle Offers based on spend, engagement, and reward behavior.",Moderate uplift in engagement and repeat purchase intent with a clear ROI path.,-1,Unknown
C0186,Low,Critical,retention_offer,We are prioritizing a tailored retention offer to protect engagement.,"[{'reward_name': 'Airport Lounge Access', 'score': 76.7, 'reason': 'Unknown customers respond well to airport lounge access because the offer is aligned to their watch preference and reward behavior.', 'business_benefit': 'Improves loyalty performance and encourages repeat purchases.', 'customer_benefit': 'Helps the customer receive more value from their purchases through airport lounge access.'}, {'reward_name': 'Hotel Discounts', 'score': 75.0, 'reason': 'Unknown customers respond well to hotel discounts because the offer is aligned to their watch preference and reward behavior.', 'business_benefit': 'Improves loyalty performance and encourages repeat purchases.', 'customer_benefit': 'Helps the customer receive more value from their purchases through hotel discounts.'}, {'reward_name': 'Lifestyle Offers', 'score': 75.0, 'reason': 'Unknown customers respond well to lifestyle offers because the offer is aligned to their watch preference and reward behavior.', 'business_benefit': 'Improves loyalty performance and encourages repeat purchases.', 'customer_benefit': 'Helps the customer receive more value from their purchases through lifestyle offers.'}]","[76.7, 75.0, 75.0]","Unknown customers in cluster -1 show a strong fit for Airport Lounge Access, Hotel Discounts, Lifestyle Offers based on spend, engagement, and reward behavior.",Moderate uplift in engagement and repeat purchase intent with a clear ROI path.,-1,Unknown
C0187,Low,Needs Attention,loyalty_nudge,We are nudging the customer with a personalized loyalty experience.,"[{'reward_name': 'Airport Lounge Access', 'score': 79.83, 'reason': 'Unknown customers respond well to airport lounge access because the offer is aligned to their audio preference and reward behavior.', 'business_benefit': 'Improves loyalty performance and encourages repeat purchases.', 'customer_benefit': 'Helps the customer receive more value from their purchases through airport lounge access.'}, {'reward_name': 'Hotel Discounts', 'score': 78.13, 'reason': 'Unknown customers respond well to hotel discounts because the offer is aligned to their audio preference and reward behavior.', 'business_benefit': 'Improves loyalty performance and encourages repeat purchases.', 'customer_benefit': 'Helps the customer receive more value from their purchases through hotel discounts.'}, {'reward_name': 'Lifestyle Offers', 'score': 78.13, 'reason': 'Unknown customers respond well to lifestyle offers because the offer is aligned to their audio preference and reward behavior.', 'business_benefit': 'Improves loyalty performance and encourages repeat purchases.', 'customer_benefit': 'Helps the customer receive more value from their purchases through lifestyle offers.'}]","[79.83, 78.13, 78.13]","Unknown customers in cluster -1 show a strong fit for Airport Lounge Access, Hotel Discounts, Lifestyle Offers based on spend, engagement, and reward behavior.",Moderate uplift in engagement and repeat purchase intent with a clear ROI path.,-1,Unknown
C0188,Low,Needs Attention,loyalty_nudge,We are nudging the customer with a personalized loyalty experience.,"[{'reward_name': 'Airport Lounge Access', 'score': 78.45, 'reason': 'Unknown customers respond well to airport lounge access because the offer is aligned to their audio preference and reward behavior.', 'business_benefit': 'Improves loyalty performance and encourages repeat purchases.', 'customer_benefit': 'Helps the customer receive more value from their purchases through airport lounge access.'}, {'reward_name': 'Hotel Discounts', 'score': 76.75, 'reason': 'Unknown customers respond well to hotel discounts because the offer is aligned to their audio preference and reward behavior.', 'business_benefit': 'Improves loyalty performance and encourages repeat purchases.', 'customer_benefit': 'Helps the customer receive more value from their purchases through hotel discounts.'}, {'reward_name': 'Lifestyle Offers', 'score': 76.75, 'reason': 'Unknown customers respond well to lifestyle offers because the offer is aligned to their audio preference and reward behavior.', 'business_benefit': 'Improves loyalty performance and encourages repeat purchases.', 'customer_benefit': 'Helps the customer receive more value from their purchases through lifestyle offers.'}]","[78.45, 76.75, 76.75]","Unknown customers in cluster -1 show a strong fit for Airport Lounge Access, Hotel Discounts, Lifestyle Offers based on spend, engagement, and reward behavior.",Moderate uplift in engagement and repeat purchase intent with a clear ROI path.,-1,Unknown
C0189,Low,Needs Attention,loyalty_nudge,We are nudging the customer with a personalized loyalty experience.,"[{'reward_name': 'Airport Lounge Access', 'score': 74.68, 'reason': 'Unknown customers respond well to airport lounge access because the offer is aligned to their speaker preference and reward behavior.', 'business_benefit': 'Improves loyalty performance and encourages repeat purchases.', 'customer_benefit': 'Helps the customer receive more value from their purchases through airport lounge access.'}, {'reward_name': 'Hotel Discounts', 'score': 72.98, 'reason': 'Unknown customers respond well to hotel discounts because the offer is aligned to their speaker preference and reward behavior.', 'business_benefit': 'Improves loyalty performance and encourages repeat purchases.', 'customer_benefit': 'Helps the customer receive more value from their purchases through hotel discounts.'}, {'reward_name': 'Lifestyle Offers', 'score': 72.98, 'reason': 'Unknown customers respond well to lifestyle offers because the offer is aligned to their speaker preference and reward behavior.', 'business_benefit': 'Improves loyalty performance and encourages repeat purchases.', 'customer_benefit': 'Helps the customer receive more value from their purchases through lifestyle offers.'}]","[74.68, 72.98, 72.98]","Unknown customers in cluster -1 show a strong fit for Airport Lounge Access, Hotel Discounts, Lifestyle Offers based on spend, engagement, and reward behavior.",Moderate uplift in engagement and repeat purchase intent with a clear ROI path.,-1,Unknown
C0190,Low,Critical,retention_offer,We are prioritizing a tailored retention offer to protect engagement.,"[{'reward_name': 'Airport Lounge Access', 'score': 77.02, 'reason': 'Unknown customers respond well to airport lounge access because the offer is aligned to their audio preference and reward behavior.', 'business_benefit': 'Improves loyalty performance and encourages repeat purchases.', 'customer_benefit': 'Helps the customer receive more value from their purchases through airport lounge access.'}, {'reward_name': 'Hotel Discounts', 'score': 75.32, 'reason': 'Unknown customers respond well to hotel discounts because the offer is aligned to their audio preference and reward behavior.', 'business_benefit': 'Improves loyalty performance and encourages repeat purchases.', 'customer_benefit': 'Helps the customer receive more value from their purchases through hotel discounts.'}, {'reward_name': 'Lifestyle Offers', 'score': 75.32, 'reason': 'Unknown customers respond well to lifestyle offers because the offer is aligned to their audio preference and reward behavior.', 'business_benefit': 'Improves loyalty performance and encourages repeat purchases.', 'customer_benefit': 'Helps the customer receive more value from their purchases through lifestyle offers.'}]","[77.02, 75.32, 75.32]","Unknown customers in cluster -1 show a strong fit for Airport Lounge Access, Hotel Discounts, Lifestyle Offers based on spend, engagement, and reward behavior.",Moderate uplift in engagement and repeat purchase intent with a clear ROI path.,-1,Unknown
C0191,Low,Needs Attention,loyalty_nudge,We are nudging the customer with a personalized loyalty experience.,"[{'reward_name': 'Cashback', 'score': 74.06, 'reason': 'Unknown customers respond well to cashback because the offer is aligned to their smartphone preference and reward behavior.', 'business_benefit': 'Improves loyalty performance and encourages repeat purchases.', 'customer_benefit': 'Helps the customer receive more value from their purchases through cashback.'}, {'reward_name': 'Shopping Vouchers', 'score': 72.36, 'reason': 'Unknown customers respond well to shopping vouchers because the offer is aligned to their smartphone preference and reward behavior.', 'business_benefit': 'Improves loyalty performance and encourages repeat purchases.', 'customer_benefit': 'Helps the customer receive more value from their purchases through shopping vouchers.'}, {'reward_name': 'Reward Points', 'score': 71.86, 'reason': 'Unknown customers respond well to reward points because the offer is aligned to their smartphone preference and reward behavior.', 'business_benefit': 'Improves loyalty performance and encourages repeat purchases.', 'customer_benefit': 'Helps the customer receive more value from their purchases through reward points.'}]","[74.06, 72.36, 71.86]","Unknown customers in cluster -1 show a strong fit for Cashback, Shopping Vouchers, Reward Points based on spend, engagement, and reward behavior.",Moderate uplift in engagement and repeat purchase intent with a clear ROI path.,-1,Unknown
C0192,Low,Needs Attention,loyalty_nudge,We are nudging the customer with a personalized loyalty experience.,"[{'reward_name': 'Airport Lounge Access', 'score': 78.83, 'reason': 'Unknown customers respond well to airport lounge access because the offer is aligned to their gaming preference and reward behavior.', 'business_benefit': 'Improves loyalty performance and encourages repeat purchases.', 'customer_benefit': 'Helps the customer receive more value from their purchases through airport lounge access.'}, {'reward_name': 'Hotel Discounts', 'score': 77.13, 'reason': 'Unknown customers respond well to hotel discounts because the offer is aligned to their gaming preference and reward behavior.', 'business_benefit': 'Improves loyalty performance and encourages repeat purchases.', 'customer_benefit': 'Helps the customer receive more value from their purchases through hotel discounts.'}, {'reward_name': 'Lifestyle Offers', 'score': 77.13, 'reason': 'Unknown customers respond well to lifestyle offers because the offer is aligned to their gaming preference and reward behavior.', 'business_benefit': 'Improves loyalty performance and encourages repeat purchases.', 'customer_benefit': 'Helps the customer receive more value from their purchases through lifestyle offers.'}]","[78.83, 77.13, 77.13]","Unknown customers in cluster -1 show a strong fit for Airport Lounge Access, Hotel Discounts, Lifestyle Offers based on spend, engagement, and reward behavior.",Moderate uplift in engagement and repeat purchase intent with a clear ROI path.,-1,Unknown
C0193,Low,Critical,retention_offer,We are prioritizing a tailored retention offer to protect engagement.,"[{'reward_name': 'Airport Lounge Access', 'score': 78.52, 'reason': 'Unknown customers respond well to airport lounge access because the offer is aligned to their audio preference and reward behavior.', 'business_benefit': 'Improves loyalty performance and encourages repeat purchases.', 'customer_benefit': 'Helps the customer receive more value from their purchases through airport lounge access.'}, {'reward_name': 'Hotel Discounts', 'score': 76.82, 'reason': 'Unknown customers respond well to hotel discounts because the offer is aligned to their audio preference and reward behavior.', 'business_benefit': 'Improves loyalty performance and encourages repeat purchases.', 'customer_benefit': 'Helps the customer receive more value from their purchases through hotel discounts.'}, {'reward_name': 'Lifestyle Offers', 'score': 76.82, 'reason': 'Unknown customers respond well to lifestyle offers because the offer is aligned to their audio preference and reward behavior.', 'business_benefit': 'Improves loyalty performance and encourages repeat purchases.', 'customer_benefit': 'Helps the customer receive more value from their purchases through lifestyle offers.'}]","[78.52, 76.82, 76.82]","Unknown customers in cluster -1 show a strong fit for Airport Lounge Access, Hotel Discounts, Lifestyle Offers based on spend, engagement, and reward behavior.",Moderate uplift in engagement and repeat purchase intent with a clear ROI path.,-1,Unknown
C0194,Low,Critical,retention_offer,We are prioritizing a tailored retention offer to protect engagement.,"[{'reward_name': 'Airport Lounge Access', 'score': 76.64, 'reason': 'Unknown customers respond well to airport lounge access because the offer is aligned to their audio preference and reward behavior.', 'business_benefit': 'Improves loyalty performance and encourages repeat purchases.', 'customer_benefit': 'Helps the customer receive more value from their purchases through airport lounge access.'}, {'reward_name': 'Hotel Discounts', 'score': 74.94, 'reason': 'Unknown customers respond well to hotel discounts because the offer is aligned to their audio preference and reward behavior.', 'business_benefit': 'Improves loyalty performance and encourages repeat purchases.', 'customer_benefit': 'Helps the customer receive more value from their purchases through hotel discounts.'}, {'reward_name': 'Lifestyle Offers', 'score': 74.94, 'reason': 'Unknown customers respond well to lifestyle offers because the offer is aligned to their audio preference and reward behavior.', 'business_benefit': 'Improves loyalty performance and encourages repeat purchases.', 'customer_benefit': 'Helps the customer receive more value from their purchases through lifestyle offers.'}]","[76.64, 74.94, 74.94]","Unknown customers in cluster -1 show a strong fit for Airport Lounge Access, Hotel Discounts, Lifestyle Offers based on spend, engagement, and reward behavior.",Moderate uplift in engagement and repeat purchase intent with a clear ROI path.,-1,Unknown
C0195,Low,Critical,retention_offer,We are prioritizing a tailored retention offer to protect engagement.,"[{'reward_name': 'Airport Lounge Access', 'score': 72.24, 'reason': 'Unknown customers respond well to airport lounge access because the offer is aligned to their smartphone preference and reward behavior.', 'business_benefit': 'Improves loyalty performance and encourages repeat purchases.', 'customer_benefit': 'Helps the customer receive more value from their purchases through airport lounge access.'}, {'reward_name': 'Hotel Discounts', 'score': 70.54, 'reason': 'Unknown customers respond well to hotel discounts because the offer is aligned to their smartphone preference and reward behavior.', 'business_benefit': 'Improves loyalty performance and encourages repeat purchases.', 'customer_benefit': 'Helps the customer receive more value from their purchases through hotel discounts.'}, {'reward_name': 'Lifestyle Offers', 'score': 70.54, 'reason': 'Unknown customers respond well to lifestyle offers because the offer is aligned to their smartphone preference and reward behavior.', 'business_benefit': 'Improves loyalty performance and encourages repeat purchases.', 'customer_benefit': 'Helps the customer receive more value from their purchases through lifestyle offers.'}]","[72.24, 70.54, 70.54]","Unknown customers in cluster -1 show a strong fit for Airport Lounge Access, Hotel Discounts, Lifestyle Offers based on spend, engagement, and reward behavior.",Moderate uplift in engagement and repeat purchase intent with a clear ROI path.,-1,Unknown
C0196,Low,Critical,retention_offer,We are prioritizing a tailored retention offer to protect engagement.,"[{'reward_name': 'Airport Lounge Access', 'score': 78.41, 'reason': 'Unknown customers respond well to airport lounge access because the offer is aligned to their speaker preference and reward behavior.', 'business_benefit': 'Improves loyalty performance and encourages repeat purchases.', 'customer_benefit': 'Helps the customer receive more value from their purchases through airport lounge access.'}, {'reward_name': 'Hotel Discounts', 'score': 76.71, 'reason': 'Unknown customers respond well to hotel discounts because the offer is aligned to their speaker preference and reward behavior.', 'business_benefit': 'Improves loyalty performance and encourages repeat purchases.', 'customer_benefit': 'Helps the customer receive more value from their purchases through hotel discounts.'}, {'reward_name': 'Lifestyle Offers', 'score': 76.71, 'reason': 'Unknown customers respond well to lifestyle offers because the offer is aligned to their speaker preference and reward behavior.', 'business_benefit': 'Improves loyalty performance and encourages repeat purchases.', 'customer_benefit': 'Helps the customer receive more value from their purchases through lifestyle offers.'}]","[78.41, 76.71, 76.71]","Unknown customers in cluster -1 show a strong fit for Airport Lounge Access, Hotel Discounts, Lifestyle Offers based on spend, engagement, and reward behavior.",Moderate uplift in engagement and repeat purchase intent with a clear ROI path.,-1,Unknown
C0197,Low,Needs Attention,loyalty_nudge,We are nudging the customer with a personalized loyalty experience.,"[{'reward_name': 'Airport Lounge Access', 'score': 79.25, 'reason': 'Unknown customers respond well to airport lounge access because the offer is aligned to their tv preference and reward behavior.', 'business_benefit': 'Improves loyalty performance and encourages repeat purchases.', 'customer_benefit': 'Helps the customer receive more value from their purchases through airport lounge access.'}, {'reward_name': 'Hotel Discounts', 'score': 77.55, 'reason': 'Unknown customers respond well to hotel discounts because the offer is aligned to their tv preference and reward behavior.', 'business_benefit': 'Improves loyalty performance and encourages repeat purchases.', 'customer_benefit': 'Helps the customer receive more value from their purchases through hotel discounts.'}, {'reward_name': 'Lifestyle Offers', 'score': 77.55, 'reason': 'Unknown customers respond well to lifestyle offers because the offer is aligned to their tv preference and reward behavior.', 'business_benefit': 'Improves loyalty performance and encourages repeat purchases.', 'customer_benefit': 'Helps the customer receive more value from their purchases through lifestyle offers.'}]","[79.25, 77.55, 77.55]","Unknown customers in cluster -1 show a strong fit for Airport Lounge Access, Hotel Discounts, Lifestyle Offers based on spend, engagement, and reward behavior.",Moderate uplift in engagement and repeat purchase intent with a clear ROI path.,-1,Unknown
C0198,Low,Needs Attention,loyalty_nudge,We are nudging the customer with a personalized loyalty experience.,"[{'reward_name': 'Airport Lounge Access', 'score': 74.15, 'reason': 'Unknown customers respond well to airport lounge access because the offer is aligned to their security preference and reward behavior.', 'business_benefit': 'Improves loyalty performance and encourages repeat purchases.', 'customer_benefit': 'Helps the customer receive more value from their purchases through airport lounge access.'}, {'reward_name': 'Hotel Discounts', 'score': 72.45, 'reason': 'Unknown customers respond well to hotel discounts because the offer is aligned to their security preference and reward behavior.', 'business_benefit': 'Improves loyalty performance and encourages repeat purchases.', 'customer_benefit': 'Helps the customer receive more value from their purchases through hotel discounts.'}, {'reward_name': 'Lifestyle Offers', 'score': 72.45, 'reason': 'Unknown customers respond well to lifestyle offers because the offer is aligned to their security preference and reward behavior.', 'business_benefit': 'Improves loyalty performance and encourages repeat purchases.', 'customer_benefit': 'Helps the customer receive more value from their purchases through lifestyle offers.'}]","[74.15, 72.45, 72.45]","Unknown customers in cluster -1 show a strong fit for Airport Lounge Access, Hotel Discounts, Lifestyle Offers based on spend, engagement, and reward behavior.",Moderate uplift in engagement and repeat purchase intent with a clear ROI path.,-1,Unknown
C0199,Low,Critical,retention_offer,We are prioritizing a tailored retention offer to protect engagement.,"[{'reward_name': 'Airport Lounge Access', 'score': 73.1, 'reason': 'Unknown customers respond well to airport lounge access because the offer is aligned to their audio preference and reward behavior.', 'business_benefit': 'Improves loyalty performance and encourages repeat purchases.', 'customer_benefit': 'Helps the customer receive more value from their purchases through airport lounge access.'}, {'reward_name': 'Hotel Discounts', 'score': 71.4, 'reason': 'Unknown customers respond well to hotel discounts because the offer is aligned to their audio preference and reward behavior.', 'business_benefit': 'Improves loyalty performance and encourages repeat purchases.', 'customer_benefit': 'Helps the customer receive more value from their purchases through hotel discounts.'}, {'reward_name': 'Lifestyle Offers', 'score': 71.4, 'reason': 'Unknown customers respond well to lifestyle offers because the offer is aligned to their audio preference and reward behavior.', 'business_benefit': 'Improves loyalty performance and encourages repeat purchases.', 'customer_benefit': 'Helps the customer receive more value from their purchases through lifestyle offers.'}]","[73.1, 71.4, 71.4]","Unknown customers in cluster -1 show a strong fit for Airport Lounge Access, Hotel Discounts, Lifestyle Offers based on spend, engagement, and reward behavior.",Moderate uplift in engagement and repeat purchase intent with a clear ROI path.,-1,Unknown
C0200,Low,Critical,retention_offer,We are prioritizing a tailored retention offer to protect engagement.,"[{'reward_name': 'Airport Lounge Access', 'score': 75.91, 'reason': 'Unknown customers respond well to airport lounge access because the offer is aligned to their smart home preference and reward behavior.', 'business_benefit': 'Improves loyalty performance and encourages repeat purchases.', 'customer_benefit': 'Helps the customer receive more value from their purchases through airport lounge access.'}, {'reward_name': 'Hotel Discounts', 'score': 74.21, 'reason': 'Unknown customers respond well to hotel discounts because the offer is aligned to their smart home preference and reward behavior.', 'business_benefit': 'Improves loyalty performance and encourages repeat purchases.', 'customer_benefit': 'Helps the customer receive more value from their purchases through hotel discounts.'}, {'reward_name': 'Lifestyle Offers', 'score': 74.21, 'reason': 'Unknown customers respond well to lifestyle offers because the offer is aligned to their smart home preference and reward behavior.', 'business_benefit': 'Improves loyalty performance and encourages repeat purchases.', 'customer_benefit': 'Helps the customer receive more value from their purchases through lifestyle offers.'}]","[75.91, 74.21, 74.21]","Unknown customers in cluster -1 show a strong fit for Airport Lounge Access, Hotel Discounts, Lifestyle Offers based on spend, engagement, and reward behavior.",Moderate uplift in engagement and repeat purchase intent with a clear ROI path.,-1,Unknown
